edition_key,contributor_name,contributor_role,by_statement,translated_from,translation_of
OL37490633M,This book is for Shane and Ilya fans. Thanks for making this happen.,Dedicated to,,,
OL4570629M,,,Joan Smith.,,
OL2378070M,,,Ken Grimwood.,,
OL22410872M,,,Ken Grimwood.,,
OL24405039M,Wiliam Morris Agency (New York),Agent,,,
OL24405039M,Guy Caseril,Translator,,,
OL24405039M,Françoise Caseril,Translator,,,
OL478679M,,,Ken Grimwood.,,
OL22741342M,,,Ken Grimwood.,,
OL32200615M,Merve Özcan,Translator,,,
OL24958024M,,,Charlaine Harris,,
OL24937287M,,,Carole Mortimer,,
OL4407694M,,,Joan Smith.,,
OL4412885M,,,Joan Smith.,,
OL24238099M,,,Sara Craven.,,
OL2720551M,,,Ken Grimwood.,,
OL21045049M,,,Ken Grimwood.,,
OL24405037M,"Tracy Fisher, William Morris Agency (New York)",Agent,,,
OL24405037M,Andrew Nurnberg Associates,Agent,,,
OL20115606M,,,Ken Grimwood ; traduit de l'américain par Françoise et Guy Casaril.,,
OL31986466M,,,Patricia Wilson,,
OL35687633M,P J Ochlan,Narrator,,,
OL35687633M,Katie Schorr,Narrator,,,
OL24964365M,,,Jessica Steele,,
OL3281843M,,,Charlaine Harris.,,
OL17165663M,,,Carole Mortimer.,,
OL14977033M,,,by Carole Mortimer.,,
OL24405035M,"Sabine Sträuli, Paul & Peter Fritz AG",Agent,,,
OL24405035M,"Tracy Fisher, William Morris, New York",Agent,,,
OL24934984M,,,Patricia Wilson,,
OL24976228M,,,Jessica Steele,,
OL24221358M,,,by Margaret Mayo.,,
OL3300207M,,,Charlaine Harris.,,
OL27201705M,,,"Ėrnest Kheminguėĭ ; [perevod s angliĭskogo V. Toper, I. Doroninoĭ]",,
OL22562292M,,,Ernest Hemingway.,,
OL22570198M,,,Ernest Hemingway.,,
OL13647076M,,,traduit de l'ame ricain par M.E. Coindreau et pre face  par Jean Pre vost.,,
OL23243612M,,,Ernest Hemingway.,,
OL16691666M,,,Ernest Hemingway,,
OL4916602M,,,Ernest Hemingway ; illustrated by Stan Hunter.,,
OL2723976M,,,Ernest Hemingway.,,
OL23238391M,,,Ernest Hemingway.,,
OL17896403M,,,Ernest Hemingway.,,
OL18665966M,,,Ernest Hemingway.,,
OL32844238M,,,Ernest Hemingway,,
OL26266226M,,,Ernest Hemingway,,
OL19882241M,,,Ernest Hemingway.,,
OL4443588M,,,Ernest Hemingway ; illustrated by Uldis Klavins.,,
OL13912043M,,,Ernest Hemingway.,,
OL1855006M,,,Ernest Hemingway.,,
OL22598821M,,,Ernest Hemingway.,,
OL22144708M,,,Ernest Hemingway.,,
OL6712776M,,,by Ernest Hemingway.,,
OL6140276M,,,von Ernest Hemingway.,,
OL6694268M,,,by Ernest Hemingway.,,
OL1106121M,,,Ernest Hemingway.,,
OL1755469M,,,Johanna Lindsey.,,
OL22253693M,,,by Ernest Hemingway.,,
OL13940775M,,,Ernest Hemingway ; traduzione di Ettore Capriolo ; introduzione di Vincenzo Mantovani.,,
OL20868604M,,,by Ernest Hemingway.,,
OL17885258M,,,Introduction by Henry Seidel Canby.,,
OL1756884M,,,Ernest Hemingway ; introduction by Matthew J. Bruccoli ; illustrated by Richard Powers.,,
OL21615509M,,,Ernest Hemingway.,,
OL850328M,,,Ernest Hemingway.,,
OL974460M,,,Ernest Hemingway.,,
OL6726112M,,,by Ernest Hemingway.,,
OL32665336M,Annemarie Horschitz-Horst,Translator,,eng,The Sun Also Rises
OL979819M,,,Johanna Lindsey.,,
OL23214808M,,,Susan Stephens.,,
OL17375341M,,,by Betty Neels.,,
OL14977254M,,,by Roberta Leigh.,,
OL24224290M,,,Anne Mather.,,
OL17443046M,,,Anne Mather.,,
OL23731539M,,,Charlaine Harris.,,
OL1976505M,,,by Betty Neels.,,
OL10691399M,,,by Amii Lorin,,
OL16423069M,,,by Anne Mather.,,
OL3664332M,,,Charlaine Harris.,,
OL14978382M,,,Lillian Cheatham.,,
OL32141807M,,,by Penny Jordan,,
OL32141808M,,,Penny Jordan,,
OL24411110M,,,Penny Jordan,,
OL26384399M,,,Lynne Graham,,
OL33275294M,Mieke Lubberink,Translator,,eng,
OL22291004M,,,by Kerry Allyne.,,
OL14980494M,,,by Roberta Leigh.,,
OL27132139M,,,Shalian. Halisi zhu ; Cai Xinyu yi =,,
OL24008116M,,,Charlaine Harris.,,
OL15576803M,,,Charlaine Harris.,,
OL3302211M,,,Charlaine Harris.,,
OL22839393M,,,by Lillian Cheatham.,,
OL1448061M,,,Johanna Lindsey.,,
OL22933332M,,,Johanna Lindsey.,,
OL22646923M,,,Jude Deveraux.,,
OL14976962M,,,by Marjorie Lewty.,,
OL32395936M,,,Dustin thao,,
OL23539834M,,,Janet Dailey.,,
OL4593395M,,,by Janet Dailey.,,
OL14980418M,,,Janet Dailey.,,
OL16743097M,,,Sara Craven.,,
OL38562547M,,,Linsi Sėnds,,
OL3415246M,,,by Lynsay Sands.,,
OL24930177M,,,Betty Neels,,
OL24944807M,,,Robyn Donald,,
OL39470804M,,,edited by Amanda Bergeron,,
OL23055868M,,,Dzhoanna Lindseĭ ; [perevod s angliĭskogo S.B. Pevcheva].,,
OL24767764M,,,Jacqueline Baird,,
OL24212928M,,,Jude Deveraux.,,
OL22329584M,,,Jude Deveraux.,,
OL22153495M,,,Jude Deveraux.,,
OL24516449M,,,Jude Deveraux,,
OL28204464M,,,by Sara Craven,,
OL6782628M,,,Janet Dailey.,,
OL24375941M,,,Sara Craven,,
OL1977522M,,,by Catherine George.,,
OL18915683M,,,by Betty Neels.,,
OL23031680M,,,zuo zhe Qiao'anna Linsai ; yi zhe Lin Weiyi = Keeper of the heart / Johanna Lindsey.,,
OL2536812M,,,Jude Deveraux.,,
OL17881366M,,,Janet Dailey.,,
OL14976509M,,,by Sara Craven.,,
OL14975737M,,,by Betty Neels.,,
OL22276490M,,,Betty Neels.,,
OL18698197M,,,by Helen Bianchin.,,
OL32152283M,,,by Penny Jordan,,
OL23189300M,,,Penny Jordan.,,
OL14978502M,,,by Penny Jordan.,,
OL2386722M,,,Lilian Peake.,,
OL29472000M,,,Joan Smith,,
OL1610742M,,,by Robyn Donald.,,
OL26331364M,,,Lynne Graham,,
OL16521924M,,,byBetty Neels.,,
OL18136219M,,,Robyn Donald.,,
OL28683342M,,,Penny Jordan,,
OL14982049M,,,Emma Darcy.,,
OL14980364M,,,Anne Mather.,,
OL24941233M,,,Anne Mather,,
OL14977951M,,,by Lilian Peake.,,
OL15207975M,,,gan Lilian Peake ; (addasiad Sioned Puw).,,
OL22284457M,,,Patricia Wilson.,,
OL60769436M,,,,eng,"Greek Tycoon, Inexperienced Mistress"
OL31939766M,,,Lynne Graham,,
OL24864732M,,,Lynne Graham,,
OL27133464M,,,Nora Roberts ; [per. s angl. ︠I︡U. Golʹdberga],,
OL23275325M,,,Nora Roberts.,,
OL20120910M,,,by Joan Smith.,,
OL4254821M,,,Joan Smith.,,
OL4117776M,,,Joan Smith.,,
OL16687120M,,,John Crowley.,,
OL3953060M,,,John Crowley.,,
OL14979147M,,,by Betty Neels.,,
OL40729418M,Priscila Catão,Translator,,eng,It Starts with Us
OL17484152M,,,John Crowley.,,
OL20501301M,,,Penny Jordan.,,
OL14980442M,,,by Betty Neels.,,
OL40208522M,Lara Agnelli,Translator,,eng,It Starts with Us
OL22452691M,,,John Crowley.,,
OL17951661M,,,John Crowley.,,
OL4257033M,,,John Crowley.,,
OL22384649M,,,Penny Jordan.,,
OL1882868M,,,Penny Jordan.,,
OL46526687M,,,,eng,It Starts with Us
OL39209653M,,,,eng,It start with us
OL12711224M,,,,,Mystique
OL31149714M,,,Mary Stewart,,
OL32667542M,,,Lynne Graham,,
OL1776471M,,,by Anne Mather.,,
OL14976808M,,,by Margaret Way.,,
OL32646378M,,,,eng,Mystique
OL24950350M,,,Amanda Quick,,
OL1274106M,,,Amanda Quick.,,
OL19644824M,,,Amanda Quick.,,
OL20652736M,,,Margaret Way.,,
OL46532998M,,,,,Mystique
OL1271035M,,,Amanda Quick.,,
OL25407655M,,,Lynne Graham,,
OL24221817M,,,Mary Stewart.,,
OL17196143M,,,Mary Stewart.,,
OL17527234M,,,Mary Stewart.,,
OL20934398M,,,Mary Stewart.,,
OL24212837M,,,Anne Mather.,,
OL14976827M,,,by Carole Mortimer.,,
OL3955266M,,,Julia Quinn.,,
OL6783247M,,,Janet Dailey.,,
OL14977226M,,,Janet Dailey.,,
OL26336874M,,,by Kerry Allyne,,
OL32713504M,,,Margaret Way,,
OL23034194M,,,Mėri Sti︠u︡art ; [perevod s angliĭskogo A. Grokhovskoĭ].,,
OL2184208M,,,Mary Stewart.,,
OL17946161M,,,Emma Darcy.,,
OL20264368M,,,(by) Lucy Walker.,,
OL24832227M,,,Julia Quinn,,
OL3499623M,,,Janet Dailey.,,
OL22380894M,,,Janet Dailey.,,
OL14981010M,,,Kerry Allyne.,,
OL24854904M,,,Margaret Way,,
OL18462013M,,,by Charlotte Lamb.,,
OL2036962M,,,Mary Stewart.,,
OL15263727M,,,[translated by Margarete Längsfeld and Hans Erik Hausner].,,
OL14876351M,,,Lucy Walker.,,
OL3667100M,,,Julia Quinn.,,
OL14976523M,,,by Kerry Allyne.,,
OL24759653M,,,Margaret Way,,
OL61514612M,,,,eng,Before I Let Go
OL24212992M,,,Johanna Lindsey.,,
OL18676740M,,,Roald Dahl.,,
OL27216147M,,,Roald Dahl ; traducción de Miguel Sáenz ; ilustraciones de Quentin Blake,,
OL24206338M,,,Roald Dahl ; illustrations by Quentin Blake.,,
OL1953304M,,,Roald Dahl ; illustrations by Quentin Blake.,,
OL1714654M,,,Roald Dahl ; illustrations by Quentin Blake.,,
OL17311667M,,,by Carole Mortimer.,,
OL14979946M,,,by Nerina Hilliard.,,
OL3177170M,,,Nerina Hilliard.,,
OL22391704M,,,Essie Summers.,,
OL781633M,,,Johanna Lindsey.,,
OL804138M,,,Johanna Lindsey.,,
OL23194791M,,,Linda Howard.,,
OL26968018M,,,Roald Dahl ; illustré par Quentin Blake ; traduit de l'anglais par Henri Robillot,,
OL1873276M,,,Roald Dahl ; illustrations by Quentin Blake.,,
OL32345267M,,,Roald Dahl ; darluniau gan Quentin Blake ; cyfieithiad gan Elin Meek,,
OL28681010M,,,by Carol Marinelli,,
OL23056954M,,,Johanna Lindsey.,,
OL47780277M,,,,eng,Sundays at Tiffany's
OL28694829M,,,James Patterson and Gabrielle Charbonnet,,
OL24381985M,,,James Patterson and Gabrielle Charbonnet,,
OL24500775M,,,Dawn Lindsey,,
OL24617972M,,,Jessica Steele,,
OL23263708M,,,by Johanna Lindsey.,,
OL24743116M,,,Johanna Lindsey,,
OL32145295M,,,James Patterson and Gabrielle Charbonnet,,
OL28278131M,,,James Patterson and Gabrielle Charbonnet,,
OL20951942M,,,James Patterson and Gabrielle Charbonnet.,,
OL24215559M,,,Dawn Lindsey.,,
OL14980197M,,,Charlotte Lamb.,,
OL17249238M,,,by Charlotte Lamb.,,
OL14977606M,,,by Flora Kidd.,,
OL46535310M,,,,,Haunting Adeline
OL21626306M,,,Jessica Steele.,,
OL3557664M,,,Johanna Lindsey.,,
OL35409505M,,,,eng,Sundays at Tiffany's
OL24738977M,,,Charlotte Lamb,,
OL24226931M,,,Flora Kidd.,,
OL18397490M,,,Lindsay Armstrong.,,
OL61134262M,,,,eng,The Housemaid's Secret
OL39677050M,,,,eng,The Housemaid
OL31161874M,,,Nora Roberts,,
OL1823329M,,,by Daphne Clair.,,
OL23245708M,,,Teresa Medeiros.,,
OL61134265M,,,,eng,The Housemaid
OL50515918M,Elżbieta Pawlik,Translator,,eng,The Housemaid
OL48293412M,,,,eng,The Housemaid
OL32115299M,,,Nora Roberts ; traduit de l'américain par Sophie Pertus,,
OL29483209M,,,Nora Roberts,,
OL3395962M,,,Nora Roberts.,,
OL28422692M,,,Anne Mather,,
OL33247736M,Kristin Kröner,Translator,,eng,
OL32757282M,,,Nora Roberts,,
OL26922002M,,,Nora Roberts ; [perevod s angliĭskogo I. Faĭnshteĭn],,
OL25545809M,,,Nora Roberts,,
OL3475024M,,,Nora Roberts.,,
OL14980729M,,,by Daphne Clair.,,
OL18213797M,,,by Penny Jordan.,,
OL6679934M,,,by E. M. Hull.,,
OL20123267M,,,(by) E.M. Hull.,,
OL24959157M,,,Julie Garwood,,
OL35703742M,Cristian Clemente,Translator,,,
OL28813602M,Enrique Mercado,Translator,,eng,Red Queen
OL25882540M,Enrique Mercado,Translator,,eng,Red Queen
OL37760232M,Birgit Schmitz,Translator,,eng,Red Queen
OL26974531M,,,Victoria Aveyard,,
OL24938967M,,,by Penny Jordan,,
OL24975286M,,,by Penny Jordan,,
OL16857271M,,,by E. M. Hull,,
OL3797780M,,,by E.M. Hull ; condensed by Barbara Cartland.,,
OL39198774M,,,Julie Garwood ; traduit de l'américain par Catherine Plasait,,
OL24743377M,,,Julie Garwood,,
OL14981018M,,,by Jessica Steele.,,
OL41445010M,Alice Delarbre,Translator,,eng,Red Queen
OL35664971M,,,,eng,Red Queen
OL26945772M,維多利亞·愛芙雅,Author name as appears on this edition,Weiduoliya Aifuya zhu ; Weng Yaru yi = Red queen / Victoria Aveyard,eng,Red Queen
OL26945772M,翁雅如,Translator,Weiduoliya Aifuya zhu ; Weng Yaru yi = Red queen / Victoria Aveyard,eng,Red Queen
OL6795523M,,,by E.M. Hull.,,
OL4714409M,,,by E. M. Hull.,,
OL4407325M,,,Emilie Loring.,,
OL5940483M,,,[by] Emilie Loring.,,
OL20939437M,,,Julie Garwood.,,
OL1717511M,,,Julie Garwood.,,
OL35635352M,Enrique C. Mercado González,Translator,,eng,Red Queen
OL35381319M,Onur Kınacı Birler,Translator,,eng,Red Queen
OL36010362M,,,,eng,Red Queen
OL37815097M,Adriana Sokołowska-Ostapko,Translator,,eng,Red Queen
OL37760234M,Birgit Schmitz,Translator,,eng,Red Queen
OL17198714M,,,Johanna Lindsey.,,
OL24764645M,,,by Helen Bianchin,,
OL25572962M,,,by Betty Neels,,
OL20026631M,,,Anne Mather.,,
OL12514497M,,,,eng,A Hazard of Hearts
OL14993675M,,,Barbara Cartland.,,
OL24202708M,,,Amanda Carpenter.,,
OL14979848M,,,by Anne Mather.,,
OL19999773M,,,by Anne Mather.,,
OL23056322M,,,Dzhoanna Lindseĭ ; [perevod s angliĭskogo E.G. Shabalovoĭ].,,
OL37824318M,,,Betty Neels,,
OL47719042M,,,,,Hazard of Hearts
OL14905209M,,,Barbara Cartland.,,
OL7433758M,,,Johanna Lindsey,,
OL23040945M,,,Qiao'anna Linsai ; yi zhe Chen Bocang.,,
OL24709638M,,,by Helen Bianchin,,
OL25177214M,,,Betty Neels,,
OL24405970M,,,Anne Mather,,
OL33338061M,,,Linn Grėkhem ; [perevod s angliĭskogo I͡U.S. Mashkovoĭ],,
OL56441199M,Vincent Illustrator,Illustrator,,,
OL22375975M,,,Linda Howard.,,
OL24770840M,,,Linda Howard,,
OL45282722M,,,Nagahashi Takusuke hen,,
OL45282843M,,,Serubantesu gencho ; Okino Iwasaburō yaku,,
OL45293356M,,,Serubantesu ; Nishino Tatsukichi. Merime saku Karumen,,
OL45293397M,,,Iwasa Ujitoshi cho,,
OL791065M,,,Linda Howard.,,
OL17048228M,,,Linda Howard,,
OL25379369M,,,Helen Bianchin,,
OL45282336M,,,Seruvantesu cho ; Katagami Noburu yaku,,
OL45294513M,,,Serubantesu [saku] ; Nagata Hirosada yaku,,
OL45283883M,,,Serubantesu saku ; Nagata Hirosada yaku,,
OL13987209M,,,con notas y una introduccio n por Jaime Fitzmaurice-Kelly y Juan Ormsby.,,
OL36315540M,Maxim Montoto,Editor,,,
OL36184634M,Marcia Williams,Illustrator,Retold and illustrated by Marcia Williams,spa,Don Quixote
OL36184634M,Marcia Williams,Revised by,Retold and illustrated by Marcia Williams,spa,Don Quixote
OL22209169M,,,"compuesto por Miguel de Cervantes Saavedra ; corr. denuevo, con nuevas notas, nuevas viñetas,con nuevo análisis, y con la vida del autor nuevamente aum. por Juan Antonio Pellicer.",,
OL13912130M,,,composed by Miguel de Cervantes Saavedra ; translated by Charles Jarvis ; with an introduction by Henry Morley.,,
OL40782428M,David Widger,Prepared by,,,
OL22979254M,,,compuesto por Miguel de Cervantes Saavedra ...,,
OL19895869M,,,versão de A. Ribeiro.,,
OL36315616M,Natalie Montoto,Editor,,,
OL24226534M,Thomas Shelton,Translator,by Miguel de Cervantes ; translated by Thomas Shelton ; with introductions and notes,spa,
OL16262736M,,,prepared by R.M. Flores,,
OL25625565M,John Jay Allen,Editor,,,
OL25625565M,Pilar Coomonte,Cover Design,,,
OL25625565M,Pilar Coomonte,Illustrator,,,
OL7015993M,,,by Miguel de Cervantes ; translated  by Thomas Shelton ; with introductions and notes.,spa,
OL6664935M,Gordon Browne,Illustrator,"By Miguel de Cervantes-Saavedra, arranged by A.A. Methley ... Illustrated by Gordon Browne",spa,
OL17946584M,,,,spa,
OL17729575M,P.A. Motteux,Translator,Miquel de Cervantes Saavedra ; translated from the Spanish by P.A. Motteux.,spa,
OL13986374M,,,"translated from the Spanish, by Motteux.",,
OL22872033M,,,iberzetsṭ un bearbayṭeṭ durkh Sh. Z. Zetser.,spa,
OL36322521M,Joni Njl,Illustrator,,,
OL36323679M,S. R. P.,Editor,,,
OL37833698M,,,Miguel de Cervantes Saavedra. Mit e. Essay von Iwan Turgenjew u. e. Nachw. von André Jolles. Mit Ill. von Gustave Doré,spa,
OL33061526M,J. J. A. Goeverneur,Translator,,spa,
OL23501471M,,,,spa,
OL8714713M,Michael J. Marshall,Series General Editor,,spa,
OL8714713M,Dominick Daly,Translator,,spa,
OL24951134M,Thomas Shelton,Translator,by Miguel de Cervantes ; translated by Thomas Shelton,spa,
OL24207174M,Thomas Shelton,Translator,by Miguel de Cervantes ; translated by Thomas Shelton ; with introductions and notes,spa,
OL26363066M,N.M. Li Łubimova,Translator,M. de Servantes Saavedra ; [perevod s ispanskogo N.M. Li Łubimova ; stikhi v perevode M.L. Lozinskogo],spa,
OL23742694M,P.A. Motteux,Translator,translated from the Spanish by P.A. Motteux ...,spa,
OL28635009M,Sally Prue,Revised by,,spa,
OL28635009M,Michael Morpurgo,Selected by,,spa,
OL28597970M,Michael Morpurgo,Selected by,,spa,
OL28597970M,Sally Prue,Revised by,,spa,
OL36322475M,Andronum,Cover Art,,,
OL27273832M,,,,spa,
OL32879330M,Sir Angels,Editor,,spa,
OL32798139M,,,,spa,
OL29228337M,,,,spa,
OL11505566M,Tom Lathrop,Editor,,,
OL7245561M,Thomas Shelton,Translator,translated by Thomas Shelton ; with introductions and notes,spa,
OL24137697M,Francisco Rodríguez Marín,Notes by,anotada por Francisco Rodríguez Marín.,,
OL20479428M,,,,spa,
OL5670503M,P.A. Motteux,Translator,"Translated from the Spanish by Motteux. With copious notes, and essay on the life and writings of Cervantes, by John G. Lockhart.",spa,
OL13986484M,P.A. Motteux,Translator,translated from the Spanish by P.A. Motteux.,spa,
OL23400942M,P.A. Motteux,Translator,translated from the Spanish by P.A. Motteux ...,spa,
OL24348338M,,,forfattet af Miguel de Cervantes Saavedra ; oversat fra det Spanske af Frederik Schaldemose,spa,
OL7461671M,Samuel Putnam,Translator,,spa,
OL36312716M,Sergio Aguilar Jiménez,Introduction,,,
OL61475522M,Daniel Augusto Gonçalves,Translator,,spa,El ingenioso hidalgo Don Quijote de la Mancha
OL61475522M,Arsénio Mota,Translator,,spa,El ingenioso hidalgo Don Quijote de la Mancha
OL61475470M,Daniel Augusto Gonçalves,Translator,,spa,El ingenioso hidalgo Don Quijote de la Mancha
OL61475470M,Arsénio Mota,Translator,,spa,El ingenioso hidalgo Don Quijote de la Mancha
OL61011567M,,,,,Don Quijote de la Mancha
OL60558776M,Patricia Rodríguez Gonzáles,Designer,,,
OL60558776M,Vera Barrios Rodriguez,Appendix,,,
OL52578799M,,,por Miguel de Cervantes Saavedra,,
OL52579951M,,,por un apasionado de su autor,,
OL45281890M,,,Sasaki Kuni yaku,,
OL45282301M,,,Seruvantesu gensaku ; Sasaki Kuni yaku,,
OL11505568M,Tom Lathrop,Editor,,,
OL27048556M,,,Migelʹ de Servantes Saavedra ; izdanie podgotovili N.I. Balashov... et al,spa,
OL12580739M,,,,spa,
OL10601284M,,,,spa,
OL31475862M,,,Miguel de Cervantes Saavedra ; edición revisada y ampliada de Florencio Sevilla Arroyo y Antonio Rey Hazas,,
OL38216109M,,,Miguel de Cervantes Saavedra ; [prólogo de Roque Esteban Scarpa],,
OL59428405M,Martín de Riquer,Editor,,,
OL59428405M,Martín de Riquer,Introduction,,,
OL59428405M,Martín de Riquer,Notes by,,,
OL52590672M,,,compuesto or Miguel de Cervantes Saavedra,,
OL52590954M,,,compuesto por Miguel de Cervantes Saavedra,,
OL52592407M,,,Compuesto por Miguel de Cervantes Saavedra ...,,
OL34944904M,Tom Lathrop,Editor,,,
OL34891060M,Enzo Maqueira,Adapted from original work by,,,
OL26867966M,,,,spa,
OL10601285M,,,,spa,
OL12580735M,,,,spa,
OL31151133M,,,Cervantes ; texto abreviado por Ramón Gómez de la Serna ; ilustrado por Trinidad Romero,,
OL29411556M,Rob Davis,Graphic Design,,,
OL37412817M,E. Cabezas,Commentary,,,
OL37412817M,L Ferrero,Commentary,,,
OL59415719M,,,Pour lire en espagnol avec la traduction des mots-clés,,
OL52600570M,,,ilustraciones: Roberto Paez ; ed. y notas: Celina S. De Cortázar e Isaias Lerner ; prólogo: Marcos A. Morinigo,,
OL45281830M,,,"Seruvantesu [cho] ; Shimamura Hōgetsu, Katagami Noburu kyōyaku",,
OL28378187M,,,Miguel de Cervantes ; prólogo y esquema biográfico por Américo Castro,,
OL30409785M,,,"Miguel de Cervantes Saavedra ; edited and with notes and an index by Tom Lathrop ; cover and illustrations by Jack Davis ; curator of the text, Stephen Hessel",,
OL27784540M,,,"Selección, estudio y notas por Alfredo Malo",,
OL8501752M,,,,spa,
OL1093018M,,,Miguel de Cervantes Saavedra ; translated from the Spanish by Burton Raffel ; introduction by Diana de Armas Wilson.,spa,
OL20952825M,,,Miguel de Cervantes Saavedra ; translated from the Spanish by Burton Raffel ; introduction by Diana de Armas Wilson.,spa,
OL13986948M,,,opera di Michele di Cervantes Saavedra.,spa,
OL13987952M,,,traduit fidellement de l'espagnol de Michel de Cervantes.,spa,
OL13986907M,,,traduite... par F. de Brotonne.,spa,
OL27769799M,,,,spa,
OL20629505M,,,"an t-athair Peadar Ua Laoghaire, Canónach, S.P., do scrióbh ón sgéal Spainneach.",spa,
OL18525116M,Peter O'Leary,Translator,Peadar Ua Laoghaire do sgríobh ón sgéal Spainneach.,spa,
OL13986908M,Louis Viardot,Translator,par Miguel de Cervantes Saavedra ; traduit et annote par Louis Viardot ; vignettes de Tony Johannot.,spa,
OL13909866M,Louis Viardot,Translator,par Miguel de Cervantes Saavedra ; traduite et annotée par Louis Viardot ; vignettes de Tony Johannot.,spa,
OL13986909M,Louis Viardot,Translator,,spa,
OL13986945M,Lucien Biart,Translator,par Michel de Cervantes Saavedra ; traduction nouvelle de Lucien Biart ; pre ce de e d'une notice sur la vie et l'oeuvre de Cervantes écrite spécialement pour cette traduction par Prosper Mérimée,spa,
OL16192167M,,,,spa,
OL9130631M,John Jay Allen,Editor,,,
OL13986867M,,,"aus dem Spanischen Ubersezt; mit dem Leben von Miguel Cervantes nach Viardot, und einer Einleitung von Heinrich Heine.",spa,
OL22401983M,,,"von Miguel Cervantes de Saavedra ; aus dem Spanischen übersetzt, mit dem Leben von Miguel Cervantes nach Viardot, und einer Einleitung von Heinrich Heine.",spa,
OL24775086M,F. de Brotonne,Translator,par Michel Cervantes ; traduite sur le texte original et d'après les traductions comparées de Oudin et Rosset ... [et al.] par F. de Brotonne,spa,
OL25100112M,,,"Miguel de Cervantes ; edición, notas e introducción, Alberto Blecua",,
OL24992067M,,,"segun el texto corregido y anotado por el St. Ochoa, acompañada de un ensayo historico sobre la vida y escritos de Cervantes, por Jorge Ticknor",,
OL727042M,,,Miguel de Cervantes Saavedra.,,
OL13986906M,,,traduite de l'espagnol de Michel de Cervantes par Filleau de Saint-Martin.,,
OL5899795M,John Ormsby,Translator,"by Miguel de Cervantes Saavedra ; a translation, with introduction and notes, by John Ormsby.",spa,
OL20820203M,,,traduitede l'Espagnol de Michel de Cervantes.,,
OL8501864M,,,,spa,
OL25880193M,Eduardo Alonso,Adaptation,,,
OL25880193M,Víctor G. Ambrus,Illustrator,,,
OL13985822M,,,compuesta por Miguel de Cervantes Saavedra,,
OL13987954M,,,"composto da Michel di Cervantes Saavedra ; et hora nuovamente tradotto con fedelta  , e chiarezza, di Spagnuolo, in Italiano, da Lorenzo Franciosini Fiorentino.",spa,
OL13987955M,,,traduit fidellement de l'espagnol de Michel de Cervantes.,spa,
OL20787631M,,,preveo sa španskog originala Đorđde Popović.,spa,
OL14826060M,,,[trad. en français],spa,
OL13987212M,,,traduite de l'espagnol de Michel de Cervantes par Filleau de Saint-Martin ; e dition illustre e de 120 gravures par Tony Johannot.,spa,
OL19957330M,,,Miguel de Cervantes Saavedra. Vol.2.,spa,
OL19957329M,,,Miguel de Cervantes Saavedra. Vol.1.,spa,
OL19827288M,,,enmendada y corregida por Francisco Sales.,,
OL6220222M,,,"Translated from the Spanish by Charles Jarvis. Abridged and edited, with an introd. by Lester G. Crocker.",spa,
OL19056327M,Peter O'Leary,Translator,"an t-athair Peadar Ua Laoghaire, Canónach, S.P., do scrióbh ón sgéal Spainneach.",spa,
OL12534708M,Gustave Dore,Illustrator,,spa,
OL17076519M,,,"Migel' de Servantes Saavedra ; perevod s ispanskogo N. Li︠u︡bimova, stikhi v perevode I︠U︡. Korneeva",spa,
OL22937473M,,,"Migel' de Servantes Saavedra ; [illi︠u︡strat︠s︡ii G. Dore ; obrabotka, posleslovie i primech. B. M. Ėngel'gardta].h",spa,
OL24505681M,,,,spa,
OL6288569M,,,Compuesto por Miguel de Ceruantes Saauedra ...,,
OL9130054M,John Jay Allen,Editor,,,
OL24977711M,,,"Miguel de Cervantes ; edición y notas, Martín de Riquer ; ilustraciones, Antonio Mingote",,
OL24991969M,,,selección hecha por José R. Lonba; dibujos de F. Marco,,
OL24992120M,,,edicion ... arreglada ... por Domingo Abeja,,
OL1628259M,,,Miguel de Cervantes Saavedra ; estudio y notas de Juan Ignacio Ferreras.,,
OL3651468M,,,Miguel de Cervantes ; selección de Félix García Moriyón ; invitación y actividades de Cecilia Yepes.,,
OL6610563M,,,traduite de l'espagnol de Michel de Cervantes. Enrichie des belles figures dessinées de Coypel & gravées par Folkema & Fokke ...,,
OL13734919M,,,"traduitede l'Espagnol de Michel de Cervantes, enrichie des belles figures, dessine es de Coypel & gravees par Folkema & Fokke.",,
OL4509981M,,,Miguel de Cervantes Saavedra ; übers. von Ludwig Tieck ; mit Ill. von Gustave Doré.,,
OL13986911M,,,par Cervantes de Saavedra ; illustre e de 64 vignettes par Bertall et Forest.,,
OL6599320M,,,Por Miguel de Cervantes Saavedra.,,
OL25447347M,Hans Alexander Mueller,Illustrator,,spa,
OL25447347M,Peter Motteux,Translator,,spa,
OL25447346M,,,,spa,
OL22901380M,,,Serubantesu ; Aida Yū yaku.,spa,
OL22940916M,,,Miguel de Cervantes ; Andō Mikio yaku.,spa,
OL25413526M,,,,spa,
OL13735387M,,,,spa,
OL6283244M,,,by Miguel de Cervantes Saavedra; translated into English by Robinson Smith ...,spa,
OL27769800M,,,,spa,
OL19899025M,,,compuesto por Miguel de Cervantes Saavedra.,,
OL18526777M,,,Peadar Ua Laoghaire do sgríobh ón sgéal Spainneach.,spa,
OL23108483M,,,Migelʹ de Servantes Saavedra ; [perevod s ispanskogo N.M. Li︠u︡bimova ; stikhi v perevode I︠U︡.B. Korneeva ; illi︠a︡strat︠s︡ii Gi︠u︡stava Dore].,spa,
OL6208560M,,,[Perevod s ispanskogo N. Liubimova. Stikhi v perevode M. Lozinskogo. Vstup. stat'i͡a︡ I. Ėrenburga].,spa,
OL13987220M,Louis Viardot,Translator,traduction de Louis Viardot ; avec 370 compositions de Gustave Dore  ; grave es sur bois par H. Pisan.,spa,
OL15956095M,,,Servantes.,spa,
OL24405787M,,,,spa,
OL23387069M,,,,spa,
OL24820919M,F. de Brotonne,Translator,par Michel Cervantes ; traduite sur le texte original et d'après les traductions comparées de Oudin et Rosset ... [et al.] par F. de Brotonne,spa,
OL24587461M,F. de Brotonne,Translator,par Michel Cervantes ; traduite sur le texte original et d'après les traductions comparées de Oudin et Rosset ... [et al.] par F. de Brotonne,spa,
OL24770723M,,,Miguel de Cervantes Saavedra ; translated by J.M. Cohen,,
OL24774615M,,,Miguel de Cervantes Saavedra ; translated by J.M. Cohen,,
OL25069604M,,,"from the translation of Motteux, with sixteen original illustrations by L. Hopkins",,
OL24774227M,,,Miguel de Cervantes Saavedra ; translated by J.M. Cohen,,
OL24786017M,,,From the translation of Motteux. With 16 original illus. by L. Hopkins,,
OL24785986M,,,selected and edited by E. Alec Woolf,spa,
OL2694855M,,,Sarbhāṇṭis ; anubādaka Govinda Tripāṭhī.,,
OL13986901M,,,"traduite de l'espagnol de Michel de Cervantes, par Pilleau de Saint-Martin.",,
OL6585080M,,,tr. de l'espagnol par Florian.,,
OL13572393M,,,Miguel de Cervantes Saavedra ; edited and with notes and an index by Tom Lathrop.,,
OL5899950M,,," con muy bellas estampas, gravadas sobres los dibjuos de Coypel.",,
OL20819967M,,,traduitede L'Espagnol de Michel de Cervantes.,,
OL2695389M,,,Saravhanṭisa likhita ; anuvādaka Dā. Na. Sikhare.,,
OL24348734M,,,Peadar Ua Laoghaire do sgríobh ón sgéal Spainneach,,
OL6630114M,,,"compuesto por Miguel de Cervantes Saavedra, y comentado por Don Diego Clemencin.",,
OL1241202M,,,from the Spanish of Miguel de Cervantes Saavedra by T. Smollett ; to which is prefixed a memoir of the author by Thomas Roscoe ; illustrated by George Cruikshank.,,
OL3455323M,,,Miguel de Cervantes ; edición de José María Micó.,,
OL13965427M,,,"Miguel de Cervantes Saavedra ; edicio n, introduccio n y notas de Luis Andre s Murillo. 1.",,
OL13836262M,,,edicio n y notas de Francisco Rodri guez Mari n. 5.,,
OL5899929M,,,"Translated from the Spanish of Miguel de Cervantes Saavedra, to which is prefixed some account of the author's life, by T. Smollet.",,
OL6050037M,,,"Miguel de Cervantes Saavedra ; a new translation from the Spanish, with a critical text based upon the first editions of 1605 and 1615, and with variant readings, variorum notes, and an introduction by Samuel Putnam.",,
OL13986464M,,,by Miguel de Cervantes Saavedra ; a translation based on that of Peter Anthony Motteux ; with the memoir and notes of John Gibson Lockhart.,,
OL4443485M,,,Miguel de Cervantes ; ilustrado por Juan Moreira.,,
OL5670554M,,,Translated from the Spanish by Charles Jarvis.,,
OL4587001M,,,from the Spanish ... by T. Smollett. To which is prefixed some account of the author's life.,,
OL13986900M,,,traduit de l'espagnolde Michel de Cervantes par Florian.,,
OL98930M,,,Michael A. Cervantes ; versio latina ab Antonio Peral Torres.,,
OL20819931M,,,traduitede l'espagnol de Michel de Cervantes.,,
OL16764699M,,,traduite de l' espagnol de Michel de Cervantes.,,
OL6469670M,,,"Franckfurt, In Verlegung T.M. Götzen, 1648.",,
OL15055709M,,,Ozell's revision of the translation of Peter Motteux.  Introd. by Henry Grattan Doyle.,,
OL5670500M,,,Translated from the Spanish by Dr. Smollet.,,
OL6301058M,,,"by Miguel de Cervantes Saavedra; edited with introduction, notes, exercises, and vocabulary by Daniel da Cruz ... and J.W. Kuhne ... illustrations by Gustave Doré.",,
OL4842046M,,,Miguel de Cervantes.,,
OL20502439M,Charles Jarvis,Translator,,spa,
OL13986198M,,,compuesto por Miguel de Cervantes Saavedra ; edicion adornada con 800 laminas repartidas por el contexto.,,
OL13986480M,,,retold by Judge Parry ; illustrated by Walter Crane.,,
OL4419310M,,,Miguel Cervantes De Saavedra ; translated by J. M. Cohen ; abridged by Olive Jones ; drawings by George Him.,,
OL22957207M,,,by Miguel de Cervantes Saavedra ; translated and edited with an introduction by Walter Starkie.,,
OL17371053M,,,Miguel de Cervantes Saavedra.,,
OL6278730M,,,Translated from the original Spanish of Miguel de Cervantes Saavedra by Charles Jarvis ...,,
OL5964399M,,,"Translated from the Spanish, to which is prefixed some account of the author's life, by T. Smollett. Illustrated with 28 new copper-plates designed by Hayman.",,
OL22874522M,F. Kats,Translator,Migel de Serṿanṭes Saaṿedra ... ibergezetsṭ fun F. Ḳats,spa,
OL5899953M,,,Traduit de l'espagnol par H. Bouchon Dubournial.,,
OL3129382M,,,[M. de Cervantes] ; lectura de Camilo José Cela ; ilustraciones de Eberhard Schlotter.,,
OL6507740M,,,iberzetsṭ fun Shpanish...fun Aleksandr Harḳaṿi.,,
OL23303547M,,,traduite de l'Espagnol de Michel de Cervantes,,
OL4828380M,,,"Traduzione, introduzione e note di Vittorio Bodini.",,
OL24372514M,,,Miguel de Cervantes ; ilustraciones Fernando Saez,,
OL24348183M,Juan Antonio Pellicer,Editor,con las notas de J.A. Pellicer,,
OL24998815M,David de Ramón,Cover Design,,,
OL24998815M,Gonzalo Torrente Ballester,Foreword,,,
OL24998815M,Gustavo Doré,Illustrator,,,
OL24998815M,Juan Ramón Alonso,Cover Art,,,
OL6664018M,,,by Miguel de Cervantes Saavedra.,,
OL13986383M,,,"translated from the Spanish of Miguel de Cervantes Saavedra, by Charles Jarvis, Esq... ; illustrated by Tony Johannot, [et al].",,
OL5670159M,,,From the translation of Motteux. With 16 original illus. by L. Hopkins.,,
OL4328432M,,,"Miguel de Cervantes ; introducción preliminar, bibliografía y notas a cargo de Juan Alcina Franch.",,
OL24140036M,,,"corregido denuevo, con nuevas notas, con nuevas vinetas, con nuevo analisis, y con la vida de el autor nuevamente aumentada, por Juan Antonio Pellicer",,
OL23063412M,,,"Miguel de Cervantes ; edición, introducción y notas de Felipe B. Pedraza Jiménez y Milagros Rodríguez Cáceres.",,
OL19885194M,,,traduit de l'espagnol par Florian.,spa,
OL13986370M,,,"translated from the Spanish of Miguel Cervantes de Saavedra, by Charles Jarvis, Esq..",,
OL6081257M,,,"estudio preliminar, edición y notas por Federico de Onís.",,
OL22828950M,,,"translated from the Spanish of Miguel de Cervantes Saavedra ; to which is prefixed, some account of the author's life, by T. Smollett.",,
OL17742465M,,,by Miguel de Cervantes Saavedra.,,
OL13775334M,,,translated by Peter Motteaux.,,
OL13569208M,,,by Cervantes ; the text edited by J. W. Clark and a biographical notice of Cervantes by T. Teignmouth Shore ; illustrated by Gustave Doré.,,
OL4463018M,,,"[por] Miguel Cervantes Saavedra ; edición, estudio y notas de Juan Bautista Avalle-Arce ...",,
OL4312363M,,,Miguel de Cervantes.,,
OL16718892M,,,"By Cervantes. The text edited by J.W. Clark ... and a biographical notice of Cervantes, by T. Teignmouth Shore ... Illustrated by Gustov Doré",,
OL24171989M,,,from the Spanish of Cervantes ;  with illustrations by Gustave Doré,,
OL6284070M,,,M. de Cervantes.,,
OL22973105M,,,compuesto por Miguel de Cervantes Saavedra.,,
OL13986875M,,,vollsta ndige deutsche Ausgabe unterBenutzung der anonymen Ubertragung von 1837 besorgt von Konrad Thorer.,,
OL5670548M,,,With illus. by Gustav Doré.,,
OL4758874M,,,Miguel de Cervantes ; translated by John Ormsby ; illustrated by Daniel Vierge.,,
OL2694666M,,,Sarvāntīsa ; anuvādaka Chavinātha Pāṇḍeya.,,
OL22369063M,,,Miguel de Cervantes Saavedra ; edited and with notes by Tom Lathrop.,,
OL13767352M,,,texto y notas de Martin de Riquer.,,
OL17639512M,,,by Cervantes ; the text edited by  J.W. Clark; and a biographical notice of Cervantes by T. Teignmouth Shore ; illustrated by Gustave Doré.,,
OL21208444M,,,Miguel de Cervantes Saavedra ; texto y notas de Martín de Riquer.,,
OL22777669M,,,retold by Judge Parry ; illustrated by Walter Crane,,
OL5627940M,,,"Translated from the Spanish of Miguel de Cervantes Saavedra, to which is prefixed some account of the author's life, by Dr. Smollett.",,
OL13533748M,,,by Cervantes.,,
OL4339396M,,,"Miguel de Cervantes Saavedra ; edición, introducción y notas de Luis Andrés Murillo.",,
OL5670145M,Charles Jarvis,Translator,"Translated from the Spanish, by Charles Jarvis. Carefully rev. and corr. With numerous illus. by Tony Johannot.",spa,
OL22120037M,,,"by Miguel de Cervantes Saavedra. A translation, with introduction and notes, by John Ormsby.",,
OL13986373M,,,illustrated with twelve engravings.,,
OL6317236M,,,"by Miguel de Cervantes ; a simplified version of the most important episodes ; edited by H. Alpern, J. Martel.",,
OL6390900M,,,adapted from the Motteux translation of the text of Miguel de Cervantes by Leighton Barret and illustrated with drawings by Warren Chappell.,,
OL4035582M,,,por Miguel de Cervantes Saavedra ; edición facsímil con 377 ilustraciones de Gustavo Doré.,,
OL21242356M,,,retold by Judge Parry ; illustrated by Walter Crane.,,
OL2101101M,,,sochinenīe Miguėli͡a︡ Servantesa Saavedry ; perevod s ispanskago V. Karelina ; ispravlennyĭ i dopolnennyĭ V. Zotovym.,,
OL5670160M,,,Translated from the original Spanish by Charles Jarvis. To which is prefixed a life of the author.,,
OL13986307M,,,"translated from the Spanish of Miguel de Cervantes Saavedra ; to which is prefixed, some account of the author's life, by T. Smollet, M.D..",,
OL13533747M,,,translated by J.M. Cohen.,,
OL22607515M,,,"Miguel de Cervantes ; texto, introducción y notas de Martín de Riquer.",,
OL13986467M,,,translated from the Spanish by P.A. Motteux.,,
OL24150204M,J. W. Clark,Editor,"by Cervantes.  The text edited by J. W. Clark, M.A., and a biographical notice of Cervantes by T. Teignmouth Shore, M.A.  Illustrated by Gustave Doré",spa,
OL19660115M,,,"traduzione, prefazione e note di Alfredo Giannini.",,
OL5787593M,,,Por Miguel de Cervantes Saavedra ; ilustraciones de J. Pahissa y A. Deriñá.,,
OL13986291M,,,"translated from the original Spanish of Miguel Cervantes de Saavedra by Charles Jarvis, Esq. :",,
OL6971228M,,,Translated from the Spanish of Miguel de Cervantes Saavedra [by Mary Smirke]  Embellished with engravings from pictures painted by Robert Smirke.,,
OL13986308M,,,"translated from the Spanish of Miguel de Cervantes Saavedra ; to which is prefixed, some account of the author's life, by T. Smollett, M.D..",,
OL24107735M,,,"Michaēl Tservantes ; eisagōgē, G. Kechagioglou, A. Tampakē ; keimeno, glōssari & pinakas kyriōn onomatōn, G. Kechagioglou.",,
OL23334181M,,,by Cervantes ; text edited by J.W. Clark ; and a biographical notice of Cervantes by T. Teignmouth Shore ; illustrated by Gustave Doré.,,
OL22185249M,,,Cervantes ; edición y notas de Francisco Rodríguez Marín.,,
OL22050842M,,,"compuesto por Miguel de Cervantes Saavedra ; con ilustraciones de Gustavo Doré, E. Gamba, C.R. Leslie, Angel Lizcano, E. Oliva, Recio y Gil, Mariano de la Roca y R. Wheelwright.",,
OL6971230M,,,"by Miguel de Cervantes Saavedra ; a translation, with introduction and notes, by John Ormsby.",,
OL5899956M,,,Translated from the Spanish of Miguel de Servantes [sic] Saavedra. To which is prefixed some account of the author's life by T. Smollet [sic].,,
OL5214083M,,,"[by Cervantes] ; with a literal English translation, notes, and an introd. by Ulick Ralph Burke.",,
OL20874519M,,,riduzione Italiana di Giuseppe Fanciulli ; illustrazioni e copertina di Filiberto Scarpelli.,,
OL5899951M,,,"traduction de Filleau de Saint-Martin; avec un essai sur la vie et sur les ouvrages de Cervantes, par M. Auger.",,
OL18015907M,,,Translated and edited with a biographical prelude by Walter Starkie. With decorations from the drawings by Gustave Doré.,,
OL6000655M,,,Translated from the Spanish by Charles Jarvis.,,
OL23339377M,,,Miguel de Cervantes ; introducción por Jorge Campos.,,
OL13986206M,,,de Miguel de Cervantes Saavedra.,,
OL7229368M,Charles Jarvis,Translator,"Translated from the Spanish, by Charles Jarvis.  Carefully rev. and corr. Illustrated by Tony Johannot.",spa,
OL6370216M,,,compuesto por Miguel de Cervantes Saavedra; edición anotada por don Nicolás Diaz de Benjumea é ilustrada por don Ricardo Balaca ...,,
OL4808475M,,,Con un estudio preliminar y bibliografía seleccionada por D. Juan Alcina Franch ... Notas a cargo de D.a Caridad Oriol y D.a Teresa Suero ...,,
OL6119880M,,,Ilus. de Iñigo; adaptación del texto y biografía por Sabastián Juan Arbó.,,
OL2539451M,,,by Miguel de Cervantes ; translated by Tobias Smollett ; with an introduction by Carlos Fuentes.,,
OL23058875M,,,Miguel de Cervantes ; translated by Tobias Smollett ; introduction by Carlos Fuentes ; notes by Stephanie Kirk.,,
OL13649197M,,,"a translation based on that of Peter Anthony Motteux, with the memoir and notes of John Gibson Lockhart.",,
OL20440920M,,,traduit par Francis de Miomandre ; préface de Henry de Montherlant.,,
OL13987946M,,,compuesto por Miguel de Cervantes Saavedra.,,
OL13930547M,,,translated from the Spanish of Miguel de Cervantes Saavedra by Charles Jarvis.,,
OL13658061M,,,ed. y notas de F.R. Marin.,,
OL22609506M,,,"by Miguel de Cervantes Saavedra ; translated by Charles Jervas ; edited, with an introduction by James Fitzmaurice-Kelly. Vol.2.",,
OL5670176M,,,"Translated from the Spanish, by Charles Jarvis. Carefully rev. and corr. With 800 illus. from designs by Tony Johannot.",,
OL6978502M,,,"by Miguel de Cervantes, translated by Thomas Shelton; the illustrations by Daniel Vierge, with an introduction by Royal Cortissoz.",,
OL6237807M,,,Miguʼel de Servanṭes ; targum meḳutsar me-et Ḥ.N. Byaloḳ.,,
OL5670504M,,,"Translated from the Spanish by Dr. Smollett. To which is prefixed, the life of the author.",,
OL22823908M,,,translated from the Spanish of Miguel de Cervantes Saavedra by Charles Jarvis.,,
OL13836322M,,,edicio n y notas de Francisco Rodri guez Mari n. 7.,,
OL5132854M,,,"Translated from the Spanish by Charles Jervas. 100 illus. by A. B. Houghton, engraved by the brothers Dalziel.",,
OL4131380M,,,[por] Miguel de Cervantes ; con grabados de Gustavo Doré.,,
OL22501559M,,,compuesto por Miguel de Cervantes Saavedra ; edición ilustrada con dibujos de Manuel Angél.,,
OL7073200M,,,,spa,
OL6308104M,,,Translated from the original Spanish of Miguel de Cervantes Saavedra by Charles Jarvis...,,
OL5711174M,,,translated from the Spanish,spa,El ingenioso hidalgo Don Quijote de la Mancha
OL23159979M,,,Miguel de Cervantes ; grabados de Gustavo Doré ; edición de José Calero Heras.,,
OL22349189M,,,compuesto por Miguel de Cervantes Saavedra.,,
OL13986382M,,,"translated from the Spanish of Miguel Cervantes de Saavedra, by Charles Jarvis, Esq.... ; with eight hundred illustrations, from designs by Tony Johannot.",,
OL13836314M,,,edicio n y notas de Francisco Rodri guez Mari n. 8.,,
OL120240M,,,Miguel de Cervantes Saavedra ; dirigida por Andrés Amorós.,,
OL22901381M,,,retold by Judge Parry ; illustrated by Walter Crane.,,
OL5267304M,,,[por] Miguel de Cervantes Saavedra. Adaptación de Bernardo Elejalde Toro.,,
OL23896253M,,,me-et Miguʼel de Serṿantes Saṿaidrah ; tirgem Daṿid Yudelovits.,,
OL1596406M,,,compuesto por Miguel de Cervantes Saavedra.,,
OL13986494M,,,"written by Miguel de Cervantes Saavedra ; Motteux' translation revised anew (1743) & corrected, rectified and filled up in numberless places by J. Ozell who likewise added the explanatory notes... ; reprinted with twenty-one illustrations by E. McKnight Kauffer.",,
OL7248581M,John Ormsby,Translator,"a translation, with introduction and notes by John Ormsby.",spa,
OL23934679M,,,FUNDACIÓN EL LIBRO TOTAL,,
OL13986369M,,,"translated from the Spanish of Miguel Cervantes de Saavedra, by Charles Jarvis, Esq..",,
OL4610987M,,,by Miguel de Cervantes Saavedra ; with the ill. of Gustave Doré ; [translation by J. M. Cohen].,,
OL22106733M,,,Texto y notas de Martín de Riquer.,,
OL5670152M,,,With illus. by Schoff.,spa,
OL5670168M,,,Translated from the Spanish.,,
OL5900030M,,,compuesto por Miguel de Cervantes Saavedra.,,
OL13986419M,,,"translated from the Spanish of Miguel de Cervantes Saavedra, by Charles Jarvis ; illustrated by John Gilbert.",,
OL22901382M,P. A. Motteux,Translator,Miguel de Cervantes Saavedra,spa,Don Quixote
OL22901382M,Stephen Boyd,Introduction,Miguel de Cervantes Saavedra,spa,Don Quixote
OL20479717M,,,,spa,
OL4666854M,,,[por] Miguel de Cervantes ; con las ilustraciones de Gustavo Doré ....,,
OL22812805M,,,Miguel de Cervantes.,,
OL5931162M,,,retold by Judge Parry ; illustrated by Walter Crane.,,
OL4462388M,,,"Miguel de Cervantes Saavedra ; textos y notas de Luis Casasnovas Marqués ; ilustraciones de Vela Zanetti, comentadas por Juan Antonio Gaya Nuño.",,
OL4449948M,,,Miguel de Cervantes ; edición de John Jay Allen ; edición ilustrada por Pilar Coomonte.,,
OL22646726M,,,"Translated from the Spanish of Miguel de Cervantes Saavedra. To which is prefixed some account of the author's life, by T. Smollet ; Illustrated with copper-plates. Vol.4.",,
OL3460691M,,,"Miguel de Cervantes ; edición, introducción y notas, Martín de Riquer ; ilustraciones, Salvador Dalí.",,
OL24156394M,,,Translated from the Spanish of Miguel de Cervantes Saavedra by Charles Jarvis ; illustrated by Gustave Doré,,
OL5670140M,,,Translated from the Spanish by Charles Jarvis. Carefully rev. and corr. Illustrated by Tony Johannot.,,
OL24011423M,,,"by Miguel de Cervantes Saavedra ; translated, and with an introduction, by John Ormsby ; illustrated by Enric C. Ricart.",,
OL3875561M,,,compuesto por Miguel de Cervantes Saavedra ; ilustrado por Gregorio Prieto ; revisión y notas de Federico de Onís y Antonio G. Solalinde.,,
OL5925267M,,,[Traduzione italiana di Mary de Hochkofler.,,
OL5973764M,,,Translated from the Spanish by Charles Jarvis. Illustrated by Tony Johannot. With a memoir of Cervantes and a notice of his works.,,
OL1138921M,,,"by Miguel de Cervantes Saavedra ; a translation, with introduction and notes by John Ormsby.",,
OL4878805M,,,by Miguel de Cervantes ; based on Shelton's translation of 1620 ; with ill. by Jean de Bosschère.,,
OL1671018M,,,"Miguel de Cervantes Saavedra ; edición, introducción y notas de Martín de Riquer.",,
OL5670156M,Charles Jarvis,Translator,"Translated from the original Spanish, by Charles Jarvis. To which is prefixed a life of the author.",spa,
OL6449257M,,,"edición conforme a los textos de las dos impresas en 1605 y la de 1615 por Juan de la Cuesta, con un prólogo y notas por Juan Suñé Benages, con un apéndice que contiene pensamientos, refranes, máximas, vocablos y pasajes primorosos, reunidos y ordenados por Joaquín Gil.",,
OL6656772M,,,"by Miguel de Cervantes Saavedra; edited by William Dean Howells, with an introduction by Mildred Howells.",,
OL5899928M,,,"Translated from the Spanish, to which is prefixed some account of the author's life, by T. Smollett.",,
OL22936526M,,,retold by Judge Parry ; illustrated by Walter Crane.,,
OL13938618M,,,by Miguel de Cervantes ; translated by Thomas Shelton.,,
OL6143988M,,,Ilus. originales de Joaquín Vaquero.,,
OL4343415M,,,"[por] M. de Cervantes ; selección, estudio y notas por Alfredo Malo.",,
OL7172553M,Thomas Shelton,Translator,by Miguel de Cervantes; translated by Thomas Shelton.,spa,
OL6500580M,,,"[by] Miguel de Cervantes Saavedra, translated by Peter Motteux, illustrated by Salvador Dali ...",,
OL468131M,,,"Miguel de Cervantes ; edición, Alberto Blecua, Andrés Pozo.",,
OL22166705M,,,by Miguel de Cervantes.,,
OL348852M,,,Miguel de Cervantes ; translated by Burton Raffel ; edited by Diana de Armas Wilson.,,
OL1336939M,,,Miguel de Cervantes ; translated from the Spanish by P.A. Motteux.,,
OL13986199M,,,compuesto par Miguel de Cervantes Saavedra.,,
OL6327228M,,,"compuesto por Miguel de Cervantes Saavedra.  Dirigido al dvqve de Beiar, marques de Gibraleon.  En Madrid, por Iuan de la Cuesta.  Vendese en casa de Francisco de Robles, librero del rey nr̃o señor, año, 1605-15.",,
OL5670143M,,,Translated by Charles Jarvis. [Illus. by A. Houghton],,
OL5670144M,,,"Translated from the Spanish, by Charles Jarvis. Carefully rev. and corr. With numerous illus. by Tony Johannot.",,
OL17197781M,,,by Miguel Cervantes Saavedra :,,
OL450324M,,,"Miguel de Cervantes ; con cuadros cronológicos, introducción, bibliografía, texto íntegro con posibilidad de una lectura abreviada, notas, llamadas de atención y documentos a cargo de Florencio Sevilla Arrollo ; resúmenes de pasajes secundarios y orientaciones para el estudio a cargo de Elena Varela Merino.",,
OL22169130M,,,Proʹlogo y esquema biogrʹafico por Amʹerico Castro.,,
OL22471599M,,,by Miguel de Cervantes ; [abridged from the translation of T. Shelton].,,
OL24160224M,Juan Antonio Pellicer,Editor,con las notas de J.A. Pellicer.,,
OL1586369M,,,Miguel de Cervantes.,,
OL13533936M,,,Cervantes ; edicioón y notas de Francisco Rodríguez Marín.,,
OL6295743M,,,por Miguel de Cervantes Saavedra.,,
OL18073135M,,,"traduit de l'espagnol par Florian, ouvrage posthume",spa,
OL5931165M,,,por su admirador entusiasta Maximino Carrillo de Albornoz.,,
OL32094457M,,,,spa,
OL26521156M,Don Nicolás Díaz de Benjumea,Notes by,"edicion anotada por Don Nicolás Díaz de Benjumea, é ilustrada por Don Ricardo Balaca",,
OL26521156M,Don Ricardo Balaca,Illustrator,"edicion anotada por Don Nicolás Díaz de Benjumea, é ilustrada por Don Ricardo Balaca",,
OL25498043M,,,"compuesto por Miguel de Cervantes Saavedra ; con ilustraciones de Gustavo Doré, E. Gamba, C.R. Leslie, Angel Lizcano, E. Oliva, Recio y Gil, Mariano de la Roca y R. Wheelwright",,
OL23467972M,,,,spa,
OL25569923M,,,in Auswahl herausgegeben von Theodor Heinermann,,
OL24367536M,,,mit Bildern von Gustav Doré,spa,
OL25417814M,Gustave Doré,Illustrator,[Miguel de Saavedra] ; mit 120 Ill. von Gustave Doré sowie mit einem Essay von Heinrich Heine,spa,
OL25417814M,Heirnich Heine,Essayist,[Miguel de Saavedra] ; mit 120 Ill. von Gustave Doré sowie mit einem Essay von Heinrich Heine,spa,
OL24992690M,,,"übersetzt, eingeleitet und mit Erläuterungen versehen von Ludwig Braunfels",,
OL24992013M,,,bajo la dirección de D. Ramón León Maínez,,
OL24992054M,,,"[translation based on that of P.A. Motteux, with the memoir and notes of J.G. Lockhart]",,
OL13533744M,,,por el Sr. Ochoa.,,
OL17890806M,,,by Miguel de Cervantes ; translated by Thomas Shelton. Vol.1.,,
OL13743659M,,,illustrated... by W. Heath Robinson.,,
OL167235M,,,Miguel de Cervantes Saavedra ; translated by Viśvatmula Narasiṃhamūrti.,,
OL14014778M,,,"a translation, with introduction and notes by John Ormsby.",spa,
OL5494767M,,,"Selección, prólogo y notas de Jorge Albistur.",,
OL22823950M,,,translated from the Spanish... to which is prefixed some account of the author's life by T. Smollett....,,
OL13986376M,,,"translated from the original Spanish of Miguel de Cervantes Saavedra, by Charles Jarvis, Esq..",,
OL13986490M,,,selected& edited by E. Alec Woolf.,,
OL6000654M,,,"Translated, with introd. and notes by John Ormsby.",,
OL6760666M,,,"written by Miguel de Cervantes Saavedra ; Motteux' translation revised anew, 1743, & corrected, rectified and filled up in numberless places by J. Ozell who likewise added the explanatory notes from the best editions in English & Spanish ; reprinted with twenty-one illustrations by E. McKnight Kauffer.",,
OL2237346M,,,prepared by R.M. Flores.,,
OL13568698M,,,by Miguel de Cervantes Saavedra ; translated by J.M. Cohen.,,
OL24137592M,Juan Antonio Pellicer,Editor,con las notas de J.A. Pellicer.,,
OL18588140M,,,illustrated with wood engravings by Hans Alexander Mueller.,,
OL21364259M,Daniel Quilter,Editor,"edited by Daniel Quilter, [illustrated by Sal Murdocca].",,
OL21364259M,Sal Murdocca,Illustrator,"edited by Daniel Quilter, [illustrated by Sal Murdocca].",,
OL25953200M,,,"geschreven door Miguel de Cervantes Saavedra, en nu uyt de spaensche in onse nederlantsche tale overgeset, door L.V.B. [Lambert van den Bos]",spa,
OL26500930M,,,compuesto por Miguel de Cervantes Saavedra ; edición ilustrada con dibujos de Manuel Angel,,
OL25479190M,,,"compuesto por Miguel de Cervantes Saavedra ; con ilustraciones de Gustavo Doré, E. Gamba, C.R. Leslie, Angel Lizcano, E. Oliva, Recio y Gil, Mariano de la Roca y R. Wheelwright",,
OL26885557M,,,compuesto por Miguel de Cervantes Saavedra ; edición ilustrada por Manuel Ángel,,
OL24366101M,,,"edicion conforme á la última corregida por la Academia Española, con notas para la buena inteligencia del texto",,
OL20456371M,François Filleau de Saint-Martin,Preface,,spa,
OL27740458M,,,"Saiwantisi (Cervantes, M.D.) zhu ; Zhang Chenguang yi",spa,
OL25091286M,,,Traduit de l'espagnol de Michel de Cervantes par Florain,,
OL24991426M,,,extracto por Domingo López Sarmiento,,
OL22628838M,,,Míguel de Cervantes ; a new translation by Edith Grossman ; introduction by Harold Bloom.,,
OL852042M,,,by Cervantes ; translated by Thomas Shelton ; [introduction by Justin Huntly McCarthy ; illustrations by Frank Brangwyn].,,
OL6917284M,,,ed. from the translations of Duffield and Shelton by Mary E. Burt and Lucy Leffingwell Cable.,,
OL24136995M,,,edición y notas de Francisco Rodríguez Marín,,
OL5670550M,,,Translated from the original Spanish by Charles Jarvis.,,
OL4470562M,,,Translated from the Spanish. To which is prefixed some account of the author's life by T. Smollet [i.e. Smollett],,
OL13986304M,,,"translated from the original Spanish of Miguel de Cervantes Saavedra, by Charles Jarvis, Esq... ; to which is prefixed a copious and new life of Cervantes; including a critique on the Quixote; also a chronologicalplan of the work.",,
OL24607408M,,,compuesto por Miguel de Cervantes Saavedra ... ; Illustraciones de Manuel Angel,,
OL15519494M,Florian,Translator,"traduit de l'espagnol par Florian, ouvrage posthume",spa,
OL20848511M,,,forfattet af Miguel de Cervantes Saavedra ; oversat fra det Spanske af Frederik Schaldemose.,spa,
OL24327317M,Frederik Schaldemose,Translator,forfattet af Miguel de Cervantes Saavedra ; oversat fra det Spanske af Frederik Schaldemose,spa,
OL6921443M,,,"Composed by Miguel de Cervantes Saavedra. Dedicated to the Duke de Béjar ... A new translation from the originals of 1605 and 1608, by Alexander James Duffield, with some of the notes of the Reverend John Bowle ... Juan Antonio Pellicer, Don Diego Clemencin, and other commentators.",spa,
OL9460693M,,,,spa,
OL20487497M,Real Academia Española,Editor,,,
OL23544325M,,,,spa,
OL23496012M,,,,spa,
OL20611179M,Real Academia Española,Prologue,,,
OL20611179M,En la Imprenta Real,Printer,,,
OL24474203M,,,"comentado por D. Diego Clemencín, nueva edicion anotada por Miguel deToro Gómez",,
OL25554419M,,,Miguel de Cervantes,,
OL20484661M,François Filleau de Saint-Martin,Preface,,spa,
OL20484661M,Prosper Mérimée,Translator,,spa,
OL24992051M,,,"compuesto por Miguel de Cervantes Saavedra ... con notas sobre el texto, del puño y letra del autor, en el ejemplar prueba de correccion de la 1. a edicion de 1605, único ejemplar conocido  [restauracion por Feliciano Ortego Aguirrebeña]",,
OL6654632M,,,By Miguel de Cervantes; based on Shelton's translation of 1620 with illustrations by Jean de Bosschere and an essay by J. B. Trend.,,
OL4416779M,,,Miguel de Cervantes ; edited by Joseph R. Jones and Kenneth Douglas.,,
OL1567448M,,,Miguel de Cervantes ; translated from the Spanish by P.A. Motteux ; with an introduction by A.J. Close.,,
OL22491403M,,,Miguel de Cervantes Saavedra ; [ilustrado por José Segrelles].,,
OL3452081M,,,Miguel de Cervantes ; dirigida por Francisco Rico ; con la colaboración de Joaquín Forradellas ; estudio preliminar de Fernando Lázaro Carreter.,,
OL13571800M,,,Miguel de Cervantes Saavedra ; edición de Florencio Sevilla Arroyo ; introducción de Antonio Rey Hazas ; apéndices de José Manuel Lucía Megías.,,
OL194637M,,,"Nueva ed. crítica con el comento refundido y mejorado y más de mil notas nuevas, dispuesta por Francisco Rodríguez Marín.  [Ilus. de Gustavo Doré]",,
OL13986871M,,,nach der Tieckschen Uebersetzungneu bearbeitet von Dr. Benno Diederich.,,
OL13813467M,,,"written in Spanish by Michael Cervantes ; translated into English by Mr. Shelton, and Mr. Blunt. And now printed from the quarto edition of 1620. With a curious sett of cutts from the French of Coypell. And several annotations and amendments, not in any former edition.",,
OL13986205M,,,"compuesto por Miguel de Cervantes Saavedra ; edicio n ilustrada con 316 dibujos de M. Angel, grabados por Carretero, Sampietro y Santamari a.",,
OL5592913M,,,The translation by John Ormsby. With a new introd. by Irwin Edman and the illus. by Edy Legrand.,,
OL13922754M,,,translated and abridged by Dominick Daly.,,
OL22487923M,,,"translated, with notes and introduction, by John Ormsby ; abridged and edited by Mabel F. Wheaton.",,
OL22996460M,,,"Miguel de Cervantes ; edición, introducción y notas de Martín de Riquer.",,
OL6650091M,,,"by Miguel de Cervantes Saavedra ; edited with introduction, notes, and vocabulary, by Daniel da Cruz and J. W. Kuhne ; illustrations by Gustave Doré.",,
OL5670178M,,,Translated from the original Spanish by Charles Jarvis. To which is prefixed a life of the author.,,
OL7077460M,,,by Miguel de Cervantes; translated by Thomas Shelton.,spa,
OL22964990M,,,Miguel de Cervantes ; prólogo y esquema biográfico por Américo Castro.,,
OL13987207M,,,"Sr. D. Juan E. Hartzensbusch, autor de las notas de esta edicio n.",,
OL13986477M,,,"translated from the Spanish of Miguel de Cervantes Saavedra, by Charles Jarvis.",,
OL13763271M,,,abridged and edited with notes and vocabulary by Juan Cana ; with an introduction by Edith Cameran.,,
OL13986197M,,,compuesta por Miguel de Cervantes Saavedra.,,
OL23091321M,,,"[Miguel de Ceruantes ; prólogo de José Saramago ; traducción del prólogo, Pilar del Rio ; selección, estudio y notas, Milagros Rodríguez Cáceres ; ilustraciones, Gustavo Doré, grabadas por Joseph H. Pisan].",,
OL1226612M,,,by Miguel de Cervantes Saavedra ; a translation with introduction and notes by John Ormsby.,,
OL13986372M,,,"translated from the Spanish of Miguel Cervantes de Saavedra, by Charles Jarvis, Esq..",,
OL28270404M,George Guidall,Narrator/Reader,,,
OL6287172M,,,compuesto por Miguel de Cervantes Saavedra.,,
OL3829562M,,,Miguel de Cervantes ; con grabados de Gustavo Doré.,,
OL1172918M,,,Miguel de Cervantes Saavedra ; edición de Florencio Sevilla Arroyo y Antonio Rey Hazas.,,
OL14824968M,,,a cura di Alfredo Giannini.,,
OL4314215M,,,[por] Miguel de Cervantes Saavedra ; introducción de J. Agero.,,
OL6149979M,,,... Illustrated with eight pages of colour plates and drawings in the text by W. Heath Robinson.,,
OL13986466M,,,"by Miguel de Cervantes Saavedra ; done into English with notes, original and selected, and a new life of the author, by Henry Edward Watts.",,
OL13959934M,,,retold by Judge Parry ; illustrated by Walter Crane.,,
OL19605306M,,,translated from the Spanish of Miguel de Cervantes Saavedra by Charles Jarvis ; with numerous illustrations by Tony Johannot.,,
OL5712065M,,,Prólogo y esquema biográfico por Américo Castro.,,
OL22574336M,,,"translated from the Spanish of Miguel de Cervantes Saavedra by Tobias Smollett ; introduction and notes by Martin C. Battestin ; the text edited by O M Brack, Jr.",,
OL13767169M,Peter Anthony Motteux,Translator,translated from the Spanish by Motteux,spa,El ingenioso hidalgo Don Quijote de la Mancha
OL3520761M,,,Miguel de Cervantes Saavedra ; [Génesis y vocabulario de Martín Alonso].,,
OL30108687M,,,compuesto por Miguel de Ceruantes Saauedra,,
OL56441352M,Jorge Martinez,Editor,,,
OL54619416M,Murat Ukray,Editor,,,
OL54577825M,Tom Thomas,Editor,,,
OL56140379M,Francisco Castro,Editor,,,
OL54611522M,Jeffrey Meyers,Introduction,,,
OL54186998M,Richard S. Hartmetz,Editor,,,
OL54245985M,Alex Struik,Illustrator,,,
OL27145579M,,,Miguel de Cervantes,,
OL25389820M,,,compuesto por Miguel de Cervántes Saavedra,,
OL25122549M,,,Miguel de Cervantes Saavedra ; translated and with notes by Tom Lathrop ; Bulletin of the Cervantes Society of America. Asociacion de Cervantistas..,,
OL24990034M,,,Translated from the Spanish of Miguel de Cervantes Saavedra by Charles Jarvis,,
OL24651183M,Charles Jarvis,Translator,"translated from the Spanish of Miguel de Cervantes Saavedra ; by Charles Jarvis, carefully revised and corrected ; illustrated by Tony Johannot, and others",spa,
OL24432854M,Charles Jarvis,Translator,"translated from the original Spanish of Miguel de Cervantes Saavedra by Charles Jarvis ... ; now carefully revised and corrected ; with a new translation of the Spanish poetry ; to which is prefixed a copious and new life of Cervantes ; including a critique on the Quixote ; also a chronological plan of the work; embellished with new engravings, and a map of part of Spain ; in four volumes ...",spa,
OL6599042M,,,Tr. from the  Spanish of Miguel Cervantes de Saavedra by Charles Jarvis.,,
OL13986488M,,,"by Miguel de Cervantes Saavedra ; translated by Charles Jervas ; edited, with notes and an introduction, by James Fitzmaurice-Kelly.",,
OL23082207M,,,Miguel de Cervantes Saavedra.,,
OL23306401M,,,"by Miguel de Cervantes Saavedra ; a translation, with introduction and notes by John Ormsby.",,
OL14005174M,,,"edicion ilustrada ... de M. Angel, grabatos por Carretero, Sampietro y Santamaria.",,
OL22980229M,,,Miguel de Cervantes Saavedra ; dibujos de Gustavo Doré. Reproducciones foto-zincográficas.,,
OL13986414M,,,"translated from the Spanish of Miguel de Cervantes Saavedra, by Charles Jarvis, Esq :",,
OL4028626M,,,Miguel de Cervantes.,,
OL13986495M,,,introduction by L.B. Walton.,,
OL13986289M,,,written in Spanish by Miguel de Cervantes Saavedra ; translated by several hands: and published by the late Mr. Motteux ; adorn'd with new sculptures.,,
OL16173422M,,,"written in Spanish by Miguel de Cervantes Saavedra ; translated by several hands: and published by the late Mr. Motteux, revised anew from the best Spanish edition, by Mr. Ozell, with explanatory notes ....",,
OL26332614M,,,Miguel de Cervantes,,
OL26231794M,,,"by Cervantes, the text edited by J.W. Clark, and a biographical notice of Cervantes by T. Teignmouth Shore ; illustrated by Gustav Dore",,
OL25525318M,,,by Miguel de Cervantes Saavedres : translated [from the Spanish] by Charles Jervas ; edited with notes and an introduction by James Fitzmaurice-Kelly,,
OL24992738M,,,Translated from the Spanish by P.A. Motteux  [With etchings by Lalauze],,
OL24433138M,,,"a translation, with introduction and notes by John Ormsby",spa,
OL6632619M,,,"by Miguel de Cervantes Saavedra. A translation, with introduction and notes by John Ormsby. With portrait and illustrations by Cruikshank.",,
OL13986384M,,,translated from the Spanish of Miguel de Cervantes Saavedra.,,
OL13986479M,,,"translated from the original Spanish of Miguel de Cervantes Saavedra by Charles Jarvis, Esq ; with sixteen illustrations by W. Heath Robinson.",,
OL13986200M,,,compuesto por Miguel de Cervantes Saavedra.,,
OL14006174M,,,Según el texto corr. y anotado por Sr. Ochoa.,,
OL7133627M,,,"Translated from the Spanish, by Charles Jarvis.  Carefully rev. and corr. Illustrated by Tony Johannot.",spa,
OL6971227M,,,"Translated from the Spanish of Miguel de Cervantes Saavedra, to which is prefixed some account of the author's life, by Dr. Smollett.  In 4 v.",,
OL3139802M,,,Miguel de Cervantes ; aguafuertes de Teodoro Miciano.,,
OL13784259M,,,"written in Spanish by Miguel Cervantes Saavedra ; translated by several hands, and published by the late Mr. Motteux ; revised a-new from the best Spanish edition, by Mr. Ozell.",,
OL14826099M,,,"tr. by several hands, and pub. by Mr. Motteux, revis'd anew from the best Spanish edition, by Mr. Ozell, who has likewise added explanatory notes from Jarvis Oudin, Sobrino, Pineda, Gregorio, and the Royal Academy Dictionary of Madrid.",,
OL22313812M,,,"written in Spanish by Miguel de Cervantes Saavedra ; translated by several hands, and published by the late Mr. Motteux ; revised anew from the best Spanish edition, by Mr. Ozell ; with explanatory notes from Jarvis, Oudin, Sobrino, Pinedo, Gregorio, the Royal Academy Dictionary of Madrid, &c. &c..",,
OL13986287M,,,written in Spanish by Miguel de Cervantes Saavedra ; translated by several hands: and published by the late Mr. Motteux ; adorn'd with new sculptures.,,
OL21491473M,,,translated from the original Spanish of Miguel Cervantes Saavedra by Charles Henry Wilmot.,,
OL27002387M,,,"translation from the Spanish, with a critical text based upon the first editions of 1605 and 1615, and with variant readings, variorum notes, and an introduction by Samuel Putnam",,
OL26230284M,,,"by Miguel de Cervantes Saavedra ; a translation, with introduction and notes by John Ormsby ; with illustrations by Cruikshank and Lalauze",,
OL25667091M,,,retold by Judge Parry ; illustrated by Walter Crane,,
OL25596613M,,,"translated from the Spanish of Miguel de Cervantes Saavedra ; by Charles Jarvis, esq., carefully revised and corrected ; illustrated by Tony Johannot, and others",,
OL25577934M,Ludwig TiecK,Translator,von Miguel de Cervantes Saavedra ; u bersetzt von Ludwig Tieck ; mit Illustrationen von Gustav Dore .,spa,
OL25498447M,A. Schrädler,Translator,,spa,
OL25498447M,W. Simmler,Translator,,spa,
OL24951761M,,,"by Miguel de Cervantes Saavedra ; an abridged version designed to relate without digressions the principal adventures of the Knight and his Squire, translated and edited with an introduction by Walter Starkie",,
OL24786108M,Thomas Shelton,Translator,by Miguel de Cervantes ; translated by Thomas Shelton,spa,
OL24786081M,,,by Cervantes ; the text edited by J.W. Clark and a biographical notice of Cervantes by T. Teignmouth Shore ; illustrated by Gustave Doré,,
OL24785178M,Charles Jarvis,Translator,"translated from the Spanish of Miguel de Cervantes Saavedra ; by Charles Jarvis, carefully revised and corrected ; illustrated by Tony Johannot, and others",spa,
OL25440520M,J G Lockhart,Introduction,,,
OL24620994M,,,Miguel de Cervantes Saavedra ; translated by J.M. Cohen,,
OL24584428M,,,"by Miguel de Cervantes Saavedra ; translated, and with an introduction, by John Ormsby ; illustrated by Enric C. Ricart",,
OL24581201M,,,Miguel de Cervantes ; translated from the Spanish by Tobias Smollett with revisions by Cory Reed ; supplementary materials written by Cory Reed ; series edited by Cynthia Brantley Johnson,,
OL24432864M,Charles Jarvis,Translator,"tr. by Charles Jarvis, with an introduction, by Henry Morley",spa,
OL24396350M,John Ormsby,Translator,"a translation, with introduction and notes by John Ormsby",spa,
OL24364114M,Peter Antony Motteux,Translator,Translated from the Spanish by P.A. Motteux  [With etchings by Lalauze],spa,
OL5312827M,,,by Miguel de Cervantes Saavedra. An abridged translation by P. T. Manchester.,,
OL19580032M,,,"[translation based on that of P.A. Motteux, with the memoir and notes of J.G. Lockhart]",,
OL7068584M,,,"translated from the original Spanish of Miguel de Cervantes Saavedra by Charles Jarvis ... ; now carefully revised and corrected ; with a new translation of the Spanish poetry ; to which is prefixed a copious and new life of Cervantes ; including a critique on the Quixote ; also a chronological plan of the work; embellished with new engravings, and a map of part of Spain ; in four volumes ...",,
OL13986421M,,,translated from the Spanish of Miguel de Cervantes Saavedra by Motteux.,,
OL5670149M,,,"Translated from the Spanish by Charles Jarvis, carefully rev. and corr. Illustrated by Tony Johannot.",,
OL6761229M,,,Ed. ilustrada con láminas de Daniel Urrabieta Vierge. Prólogo de esta ed. por Carlos Vázquez. Portadas de José Triadó.,,
OL6394975M,,,"compuesto por Miguel de Cervantes Saavedra; con ilustraciones de Gustavo Doré, E. Gamba, C. R. Leslie [y otros]",,
OL3837331M,,,"Miguel de Cervantes ; edición, introducción y notas Emilio Pascual.",,
OL3467726M,,,"Miguel de Cervantes ; apéndice y notas, Vicente Muñoz Puelles ; ilustración, Jordi Vila Delclòs.",,
OL2571408M,Charles Jarvis,Translator,translated from the original Spanish of Miguel de Cervantes Saavedra by Charles Jarvis,spa,El ingenioso hidalgo Don Quijote de la Mancha
OL24243726M,,,par Michel Cervantes ; traduction nouvelle par Ch. Furne ; illustrée de 160 dessins par G. Roux ; gravés par Yon et Perrichon.,spa,
OL18384049M,William Buchan,Introduction,,spa,El ingenioso hidalgo Don Quijote de la Mancha
OL18384049M,Gustave Doré,Illustrator,,spa,El ingenioso hidalgo Don Quijote de la Mancha
OL26383207M,Iso Velikanović,Translator,,spa,El ingenioso hidalgo Don Quijote de la Mancha
OL26383207M,Josip Tabak,Translator,,spa,El ingenioso hidalgo Don Quijote de la Mancha
OL13986285M,,,written in Spanish by Miguel de Cervantes Saavedra ; translated by several hands: and publish'd by Peter Motteux.,,
OL13986288M,,,written in Spanish by Miguel de Cervantes Saavedra ; translated by several hands.,,
OL16863732M,,,by Charles Henry Wilmot.,,
OL13819051M,,,"translated from the Spanish of Miguel de Cervantes by Thomas Shelton, annis 1612 1620 ; with introductions by James Fitzmaurice-Kelly.",,
OL7234054M,Thomas Shelton,Translator,"Translated from the Spanish of Miguel de Cervantes by Thomas Shelton, annis 1612, 1620.  With introductions by James Fitzmaurice-Kelly.",spa,
OL2892493M,,,translated from the Spanish by P.A. Motteux.,,
OL23615106M,,,"Miguel de Cervantes Saavedra ; translated and with notes by Tom Lathrop ; consulting editors, Annette Grant Cash, Victoria Richardson, James K. M. Saddler ; illustrated by Jack Davis.",,
OL23306400M,,,by Miguel de Cervantes Saavedra ; done into English by Henry Edward Watts.,,
OL21646430M,,,translated by Peter Motteux; illustrated by Salvador Dali.,,
OL16071483M,John Ormsby,Translator,"The translation by John Ormsby, with a new introd. by Irwin Edman, and the illustrations by Edy Legrand.",spa,El ingenioso hidalgo don Quijote de la Mancha
OL16071483M,Irwin Edman,Introduction,"The translation by John Ormsby, with a new introd. by Irwin Edman, and the illustrations by Edy Legrand.",spa,El ingenioso hidalgo don Quijote de la Mancha
OL16071483M,Edy Legrand,Illustrator,"The translation by John Ormsby, with a new introd. by Irwin Edman, and the illustrations by Edy Legrand.",spa,El ingenioso hidalgo don Quijote de la Mancha
OL4811312M,,,Miguel de Cervantes ; edición ilustrada y comentada con notas de Antonio Paluzíe Borrell.,,
OL1138823M,,,by Miguel de Cervantes Saavedra ; translated with introduction and notes by John Ormsby.,,
OL5670155M,,,"Translated from the Spanish, to which is prefixed some account of the author's life by Dr. Smollett.",,
OL5899959M,,,"Con muy bellas estampas, gravadas sobre los dibuyos de Coypel.",,
OL23832668M,,,Miguel de Cervantes Saavedra ; translated and abridged by Dominick Daly. Illustrated by Johannes Troyer.,,
OL21723161M,,,"traduzione, introducione e note di Vittorio Bodini.",,
OL15313911M,,,retold by Judge Parry ; illustrated by Walter Crane,,
OL13775330M,,,translated by Peter Motteaux.,,
OL13533745M,,,Miguel de Cervantes Saavedra.,,
OL6497390M,,,"by Richard Emery Roberts, from the translations of P.A. Moteux, 1712, and Charles Jarvis, 1742, and the Spanish edition of the Casa editorial Sopena, Barcelona.",,
OL13986904M,,,"traduite de l'espagnol de Michel de Cervantes par Filleau de Saint-Martin ; pre ce de e de la vie de Michel de Cervantes, et orne e de dix sujets dessine s par Charlet.",,
OL5670162M,,,Translated from the Spanish.,,
OL4502196M,,,Zerbantes eta Saabedra'tar Mikel.,,
OL22162892M,,,Composed by Miguel de Cervantes Saavedra. Translated by Charles Jarvis; with an introd. by Henry Morley.,,
OL13986475M,,,translated from the Spanish of Miguel de Cervantes Saavedra by Charles Jarvis.,,
OL13549438M,,,Miguel de Cervantes.,,
OL5960351M,,,"por un manchego, que luego se dirá.",,
OL23052681M,,,Cervantes.,,
OL6506169M,,,"Translated from the Spanish of Miguel de Cervantes Saavedra, To which is prefixed some account of the author's life. by T. Smollet, M.D.",,
OL3748641M,,,"Miguel de Cervantes ; Peadar Ó Laoghaire a d'aistrigh agus a ghiorraigh ; eagarthóir, Gabriel Rosenstock.",,
OL6088349M,,,Ozell's revision of the translation of Peter Motteux. Introd. by Henry Grattan Doyle.,,
OL20934361M,,,translated from the Spanish by P A Mottreux.,,
OL16767823M,,,translated out of the Spanish ; now newly corrected and amended.,,
OL13986465M,,,by Miguel de Cervantes Saavedra ; a translation with introduction and notes by John Ormsby.,,
OL16654897M,,,"Translated from the Spanish by Thomas Shelton. Reprinted from the 1st ed., 1612-1620, with a new pref. by F. J. Harvey Darton",,
OL16688659M,,,Translated from the Spanish of Miguel de Cervantes by Thomas Shelton. With introductions by James Fitzmaurice-Kelly,,
OL13658062M,,,trans. by J. Ormsby.,,
OL22272018M,,,Miguel de Cervantes Saavedra ; edition and notes by Tom Lathrop.,,
OL17853476M,,,"By Cervantes. The text edited by J. W. Clark ... and a biographical notice of Cervantes, by T. Teignmouth Shore ... Illustrated by Gustav Doré.",,
OL13722921M,,,translated by JohnOrmsby.,,
OL13784258M,,,translated from the original Spanish of Miguel Cervantes de Saavedra by Charles Jarvis :,,
OL4630807M,,,Miguel de Cervantes ; ilustrado por Juan Moreira.,,
OL3555872M,,,"translated from the Spanish of Miguel de Cervantes Saavedra by Tobias Smollett ; introduction and notes by Martin C. Battestin ; the text edited by O M Brack, Jr.",,
OL24196040M,Juan Antonio Pellicer,Editor,con las notas de J.A. Pellicer.,,
OL23678508M,,,"Miguel de Cervantes Saavedra ; translated and with notes by Tom Lathrop ; consulting editors, Annette Grant Cash, Victoria Richardson, James K. M. Saddler ; illustrated by Jack Davis.",,
OL13798522M,,,texto y notas de Martin de Riquer.,,
OL4837788M,,,Miguel de Cervantes ; a cura di Cesare Segre e di Donatella Moro Pini ; traduzione di Ferdinando Carlesi.,,
OL22585997M,,,Reproducciones foto-zincográficas.,,
OL3467045M,,,"de Miguel de Cervantes Saavedra ; texto revisado, fijado y anotado por Enrique Suárez Figaredo.",,
OL13986371M,,,"translated from the Spanish of Miguel Cervantes de Saavedra, by Dr. Smollett.",,
OL23377617M,Charles Jarvis,Translator,Translated from the Spanish by Charles Jarvis.,spa,
OL16679162M,,,by Miguel de Cervantes ; translated by Thomas Shelton ; in three volumes.,,
OL13734912M,,,"compuestapor Miguel de Cervantes Saavedra ; con muy bellas estampas, gravadas sobre los Dibujos de Coypel, primer pintor de el Rey de Francia.",,
OL13768236M,,,"translated from the Spanish of Miguel de Cervantes Saavedra by Charles Jarvis ; with one hundred illustrations by A.B. Houghton, engraved by the brothers Dalziel.",,
OL13568655M,,,by Miguel de Cervantes ; translated by Thomas Shelton ; with introductions and notes.,,
OL13439942M,Henry Edward Watts,Translator,by Miguel de Cervantes Saavedra ; done into English by Henry Edward Watts.,spa,El ingenioso hidalgo Don Quijote de la Mancha
OL5457031M,,,Translated from the Spanish of Miguel de Cervantes by Thomas Shelton. With introductions by James Fitzmaurice-Kelly.,,
OL22514934M,,,translated from the Spanish of Miguel de Cervantes by Thomas Shelton :,,
OL13986491M,,,translated from the Spanish of Miguel de Cervantes by Thomas Shelton :,,
OL5670549M,,,Translated from the Spanish by Charles Jarvis.,,
OL23133663M,,,"translated from the original Spanish of Miguel de Cervantes Saavedra, by Charles Jarvis, Esq... ; to which is prefixed a life of the author ; embellished with engravings.",,
OL20174720M,,,by Miguel Cervantes Saavedra; translated and edited with a biographical prelude by Walter Starkei; with decorations form the drawings by Gustave Doré.,,
OL14844196M,,,translated from the Spanish by P A Motteux.,,
OL6428656M,,,compuesto por Miguel de Cervantes Saavedra.,,
OL13986201M,,,texto y notas de Marti n de Riquer.,,
OL6637464M,,,"by Miguel de Cervantes, adapted by Edwin Gile Rich ...",,
OL13986305M,,,"translated from the original Spanish of Miguel de Cervantes Saavedra, by Charles Jarvis, Esq... :",,
OL462109M,,,"Miguel de Cervantes ; con cuadros cronológicos, introducción, bibliografía, texto íntegro con posibilidad de una lectura abreviada, notas, llamadas de atención y documentos a cargo de Florencio Sevilla Arroyo ; resúmenes de pasajes secundarios a cargo de Elena Varela Merino.",,
OL21450174M,,,by Miguel de Cervantes ; translated by Thomas Shelton.,,
OL474172M,,,Miguel de Cervantes ; edición de Florencio Sevilla ; introducción de Antonio Rey.,,
OL22113265M,,,"with a critical text based upon the first editions of 1605 and 1615, and with variant readings, variorum notes, and an introd. by Samuel Putnam.",,
OL22591622M,,,translated by T. Smollett.,,
OL13672083M,,,translated [from the Spanish] and with an introduction by Walter Starkie.,,
OL23174056M,,,"textos y selección, Ricardo Elizondo Elizondo ; ilustraciones, alumnos del Programa de Escuelas Asociadas a la UNESCO.",,
OL13986192M,,,compuesto por Miguel de Cervantes Saavedra ; con el elogio de Cervantes por Don Jose  Mor de Fuentes.,,
OL5670174M,,,Translated from the Spanish by Charles Jarvis. Carefully rev. and corr. Illustrated by Tony Johannot.,,
OL21588257M,,,translated and edited with an introductionand notes by S. Putnam.,,
OL13986293M,,,"translated from the Spanish of Miguel de Cervantes Saavedra ; to which is prefixed, some account of the author's life, by T. Smollett, M.D. ; illustrated with twenty-eight new copper-plates; designed by Hayman, and elegantly engraved.",,
OL6599321M,,,compuesto por Miguel de Cervantes Saavedra y comentado por D. Diego Clemencín.,,
OL22391986M,,,Translated by John Ormsby.,,
OL22337523M,,,Miguel de Cervantes Saavedra ; texto y notas de Martín de Riquer.,,
OL5670175M,,,Translated from the Spanish by Charles Jarvis. Carefully rev. and corr. With numerous illus. by Tony Johannot.,,
OL20607385M,,,,spa,
OL22448303M,,,compuesto por Miguel de Cervantes Saavedra.,,
OL17780882M,,,"tr. from the Spanish of Miguel de Cervantes-Saavedra, by Charles Jarvis ... Illustrated by Gustave Doré and Tony Johannot. With a memoir of Cervantes and a notice of his works.",,
OL13702152M,,,translated from the Spanish by Charles Jarvis.,,
OL13762970M,,,"adornada con 356 grabados de Gustavo Dore , enteramente comentado por Clemencin y precedida de un estudio critico de Luis Astrana Marin mas un i ndice resumen de los ilustradores y comentadores del Quijote por Justo Garcia Morales.",,
OL14012867M,Peter Anthony Motteux,Translator,[Miguel de Cervantes] ; translated from the Spanish by P. A. Motteux.,spa,
OL13986286M,,,"written in Spanish by Michael Cervantes ; translated into English by Thomas Shelton, and now printed verbatim from the 4 to edition of 1620 ; with a curious set of new cuts, from the French of Coypel.",,
OL6629733M,,,compuesto por Miguel de Cervantes Saavedra.,,
OL5670506M,,,Translated from the Spanish by Charles Jarvis. Carefully rev. and corr. Illustrated by Tony Johannot.,,
OL13986416M,,,"translated from the Spanish of Miguel de Cervantes Saavedra, by Charles Jarvis, Esq. :",,
OL5670165M,Charles Jarvis,Translator,"Translated from the original Spanish by Charles Jarvis. Carefully rev. and corr., to which is prefixed a life of the author.",spa,
OL1978667M,,,Miguel de Cervantes ; translated by Samuel Putnam.,,
OL7242805M,,,"Translated from the original Spanish by Charles Jarvis. Carefully rev. and corr., to which is prefixed a life of the author.",,
OL3769295M,,,"Miguel de Cervantes ; [coordinación y edición, Milagros Bodas, Sonia de Pedro].",,
OL23040872M,,,Miguel de Cervantes Saavedra ; [translated by] Abdel-Rahman Badawi.,,
OL23693929M,,,compuesto par Miguel de Cervantes Saavedra.,,
OL2900665M,,,translated from the Spanish by P.A. Motteux.,spa,
OL13986381M,,,"translated from the Spanish of Miguel Cervantes de Saavedra, by Charles Jarvis, Esq... ; illustrated by Tony Johannot.",,
OL13731392M,,,"translated from the Spanish of Miguel de Cervantes Saavedra. To which is prefixed, some account of the author's life. By T. Smollett, M.D.",,
OL5670146M,,,"Translated from the Spanish, by Charles Jarvis. Carefully rev. and corr. Illustrated by Tony Johannot.",,
OL6584639M,,,compuesto por Miguel de Cervántes Saavedra.,,
OL5899957M,,,"Translated from the Spanish of Miguel de Cervantes Saavedra, to which is prefixed some account of the author's life by T. Smollett. Ornamented with engravings by the first masters, from the designs of the Madrid Royal Academy.",,
OL925143M,,,translated from the Spanish of Miguel de Cervantes Saavedra by Charles Jarvis.,,
OL19890601M,,,traduzione e note di VittorioBodini; illustrato da Salvador Dali.,,
OL13986306M,,,"translated from the original Spanish of Miguel de Cervantes Saavedra, by Charles Jarvis, Esq. :",,
OL6178239M,,,Translated by John Ormsby.,,
OL19579947M,,,tr. by Charles Jarvis.,,
OL6283656M,,,tratto dal capolavoro di Michele Cervantes da Giovanni Mari.,,
OL6718714M,,,compuesto por Miguel de Cervantes Saavedra; edición ilustrada por Manuel Ángel.,,
OL5670154M,,,"Translated from the Spanish to which is prefixed some account of the author's life, by T. Smollet.",,
OL20819980M,,,traduitede L'Espagnol de Michel de Cervantes.,,
OL5693587M,,,Abridged for modern readers from the translation by John Ormsby. Illustrated by José Llobera.,,
OL7004036M,,,"Translated form the original Spanish of Miguel Cervantes de Saavedra.  By Charles Jarvis, Esq. ...",,
OL13986498M,,,"by Miguel de Cervantes Saavedra ; abridged from the translation of Charles Jarvis with introduction, notes, questions, etc., by Christina F. Knox ; with illustrations by A.B. Houghton.",,
OL22842575M,,,"translated, with notes, by James H. Montgomery ; introduction by David Quint.",,
OL21168889M,,,prologo y esquema biografico por Americo Castro,,
OL5899952M,,,compuesto por Miguel de Cervantes Saavedra.,,
OL6627673M,,,compuesto por Miguel de Cervantes Saavedra.,,
OL4514764M,,,[por] Miguel de Cervantes.,,
OL13986420M,,,"translated from the Spanish by Motteux... ; with copious notes; and an essay on the life and writings of Cervantes, by John G.Lockhart, Esq..",,
OL13986294M,,,"translated from the original Spanish of Miguel Cervantes de Saavedra by Charles Jarvis, Esq. :",,
OL22615849M,,,Miguel de Cervantes ; antología anotada por M. Rodriguez Cáceres ; prólogo de José Saramago.,,
OL17030154M,,,"A translation, with introduction and notes, by John Ormsby",,
OL6469522M,,,"Translated from the Spanish of Miguel de Cervantes Saavedra. To which is prefixed, some account of the author's life. By T. Smollett, M. D. Illustrated with twenty-eight new copperplates, designed by Hayman, and engraved by the best artists.",,
OL6600355M,,,Ed. y notas de Francisco Rodríguez Marín ...,,
OL17806646M,,,Miguel de Cervantes ; translated by John Ormsby.,,
OL380196M,,,"Miguel de Cervantes Saavedra ; edited with critical commentaries, notes and glossary by  Salvador Fajardo and James A. Parr.",,
OL22487917M,,,[translated by Peter Motteux] ; introduction by L.B. Walton. Vol.1.,,
OL13568419M,,,Miguel de Cervantes Saavedra ; [texto fijado por Martín de Riquer] ; illustraciones de Gustavo Doré.,,
OL22086613M,,,Miguel de Cervantes ; edición de John Jay Allen.,,
OL13965428M,,,"Miguel de Cervantes Saavedra ; edicio n, introduccio n y notas de Luis Andre s Murillo. 2.",,
OL22471558M,,,Motteux' translation revised anew (1743) & corrected rectified and filled up in numberless places by J. Ozell who likewise added the explanatory notes from the best editions in English & Spanish ; with twenty-one illustrations by E. McKnight Kauffer.,,
OL22483072M,,,compuesto por Miguel de Cervantes Saavedra.,,
OL14645079M,,,"translated and edited, with an introd. and notes, by Samuel Putnam",,
OL14826133M,,,Translated from the Spanish by P.A. Motteux  [With etchings by Lalauze],,
OL6971229M,,,"Written in Spanish by Michael Cervantes. ; Translated into English by Thomas Shelton, and now printed verbatim from the 4to edition of 1620. With a curious set of cuts from the French of Coypel ...",,
OL1149460M,Peter Antony Motteux,Translator,translated from the Spanish by P.A. Motteux.,spa,
OL13986486M,,,translated from the Spanish by P.A. Motteux.,,
OL13986463M,,,translated from the Spanish.,,
OL5670158M,,,With illus. by Gustav Doré.,,
OL5797129M,,,"adapted from the Motteux translation by Leighton Barret, and illustrated with drawings by Warren Chappell.",,
OL13926290M,,,"by Miguel de Cervantes Saavedra ; abridged from the translation of Charles Jarvis with introduction, notes, questions, etc., by Christina F. Knox ; with illustrations by A.B. Houghton.",,
OL528888M,,,By Miguel de Cervantes [Ormsby's translation abridged and edited by Clifton Johnson for school and home reading; with ten illustrations by George Cruikshank.,,
OL3031677M,,,Miguel de Cervantes Saavedra ; edición y notas de Vicente Gaos ; ilustraciones de Lorenzo Goñi. Al margen del Quijote / Azorin.,,
OL22829438M,,,translated from the Spanish of Miguel de Cervantes Saavedra by Charles Jarvis ; with fifteen etchings on steel by George Cruikshank.,,
OL13986290M,,,"translated from the Spanish of Miguel de Cervantes Saavedra ; to which is prefixed, some account of the author's life, by T. Smollett, M.D. ; illustrated with twenty-eight new copper-plates, designed by Hayman, and elegantly engraved.",,
OL5670161M,,,From the Spanish. With 62 illus.,,
OL1650556M,,,compuesto por Miguel de Cervantes Saavedra.,,
OL6283366M,,,"by Miguel de Cervantes Saavedra; abridged and edited with notes and vocabulary, by Juan Cano ... with an introduction by Edith Cameron ...",,
OL4139348M,,,"Miguel de Cervantes Saavedra ; edición preparada por Justo García Soriano y Justo García Morales. Con 136 ilustraciones, reproducidas de diversas ediciones nacionales y extranjeras, y cuatro láminas fuera de texto.",,
OL19579936M,,,tr. by Charles Jarvis.,spa,
OL129450M,,,"Miguel de Cervantes Saavedra ; selección, estudio y notas por Milagros Rodríguez Cáceres.",,
OL13732383M,,,"con comentarios de los Ma s eminentes Cervantistas, seleccionadas por Juan Givanel y Mas; y precedida de la 'Vida y semblanza de cervantes' por Miguel S. Oliver ; illustraciones de Ricardo Balaca y Jose  Luis Pellicer.",,
OL6629744M,,,compuesto por Miguel de Cervantes Saavedra.,,
OL16071480M,,,"by Richard Emery Roberts, from the translations of P.A. Motteux, 1712, and Charles Jarvis, 1742, and the Spanish ed. of the Casa Editorial Sopena, Barcelona.",,
OL22468025M,,,"Miguel de Cervantes ; edición de Francisco Rico ; con la colaboración de Joaquín Forradellas ; estudio preliminar de Fernando Lázaro Carreter ; prólogos de Jean Canavaggio, Sylvia Roubaud, Anthony Close.",,
OL5899954M,,,"par Miguel de Cervantès Saavedra ; traduction de Louis Viardot ; avec 370 [sic] compositions de Gustave Doré ; gravés sur bois par H. Pisan, tome premier [-second].",,
OL528453M,,,By Miguel de Cervantes Saavedra; tr. by Henry Edward Watts; with a critical and biographical introduction by Joseph O'Connor ...,,
OL23026033M,,,Mighel đê Xervantex Xaavêđra ; Trương Đoac Vị dịch và giwoi thiueu.,,
OL22129409M,,,by Cervantes ; the text edited by J.W. Clark and a biographical notice of Cervantes by T. Teignmouth Shore ; illustrated by Gustave Doré.,,
OL22870515M,,,fun Miguel Tserṿanṭes ; iberzetsṭ fun Aleksandr Harḳaṿi.,,
OL194365M,,,"Ed. preparada por Justo García Soriano y Justo García Morales. Con 182 ilus. reproducidas de diversas ediciones nacionales y extranjeras y cuatro láminas, fuera de texto, en huecograbado.",,
OL5670150M,Charles Jarvis,Translator,Translated from the Spanish by Charles Jarvis. Carefully rev. and corr. Illustrated by Tony Johannot.,spa,
OL5670150M,Tony Johannot,Illustrator,Translated from the Spanish by Charles Jarvis. Carefully rev. and corr. Illustrated by Tony Johannot.,spa,
OL3466577M,,,"Miguel de Cervantes ; edición a cargo de Ma. Esperanza Cabezas Martínez ; presentación, Luis Ferrero Carracedo.",,
OL21590656M,,,tr. de l'espagnol par Florian.,,
OL6747096M,,,by Miguel de Cervantes; Ozell's revision of the translation of Peter Motteux; introduction by Hershel Brickell ...,,
OL22287681M,,,done into English by Henry Edward Watts.,,
OL17172864M,,,Miguel de Cervantes ; [edición y notas de Francisco Rico],,
OL22313403M,,,"translated from the original Spanish of Miguel de Cervantes Saavedra by Charles Jarvis... ; embellished with twenty-four highly finished engravings, from drawings designed expressly for this edition.",,
OL13986415M,,,"translated from the Spanish of Miguel de Cervantes Saavedra by Charles Jervas ; one hundred illustrations by A.B. Houghton, engraved by the Brothers Dalziel.",,
OL23360693M,,,fun Miguel Tseranes ; iberzets fun Shpanish un ferglikhen mi der Englisher un Daysher iberzetsung fun Aleksander Harai.,,
OL21627271M,,,"translated from the Spanish of Miguel de Cervantes Saavedra ; embellished with engravings from pictures painted by Robert Smirke, Esq. R.A.",,
OL4128984M,,,[por] Miguel de Cervantes Saavedra ; ilustrado por José Segrelles.,,
OL22466586M,,,"Miguel de Cervantes ; ilustraciones de José Ramón Sánchez ; edición, introducción y notas de Angel Basanta ; apéndices de Eduardo Pérez-Rasilla ... [et al.].",,
OL5670157M,,,Translated from the Spanish.,,
OL13502669M,,,"Translated from the Spanish, by Charles Jarvis.  Carefully rev. and corr. Illustrated by Tony Johannot.",,
OL13836203M,,,versio n parala juventud por Felipe Xime nez de Sandoval.,,
OL6620871M,,,tr. de l'espagnol de Michel de Cervantes par Florian ; ouvrage posthume.,,
OL5899971M,,,traduite de l'espagnol de Michel de Cervantes.,,
OL1226621M,,,"by Miguel de Cervantes Saavedra ; a translation, with introduction and notes by John Ormsby.",,
OL16688640M,,,by Miguel de Cervantes Saavedra,,
OL6021341M,,,Miguel de Cervantes Saavedra ; ilustrado por Salvador Dali.,,
OL5670171M,,,"Translated from the Spanish by Charles Jarvis. With 100 illus. by A. B. Houghton, engraved by the Bros. Dalziel.",,
OL22828949M,,,translated from the Spanish of Miguel de Cervantes Saavedra by Dr. Smollett ; to which is prefixed the life of the author.,,
OL19580043M,,,"a new translation from the Spanish, with a critical text based upon the first editions of 1605 and 1615, and with variant readings, variorum notes, and an introduction by Samuel Putnam.",,
OL24150024M,,,"By Cervantes. The text edited by J. W. Clark, and a biographical notice of Cervantes by T. Teignmouth Shore. Illustrated by Gustave Doré",,
OL13986497M,,,by Miguel de Cervantes Saavedra ; arranged by A.A. Methley ; illustrated by Gordon Browne.,,
OL16715321M,,,"translated from the original Spanish of Miguel de Cervantes Saavedra by Charles Jarvis, Esq. ; with sixteen illustrations by W.H. Robinson.",,
OL22000952M,,,translated from the Spanish by P.A. Motteux.,,
OL16688645M,,,"A new translation from the Spanish, with a critical text based upon the first editions of 1605 and 1615, and with variant readings, variorum notes, and an introduction by Samuel Putnam",,
OL22567501M,,,Miguel de Cervantes Saavedra ; edición de Manuel Fernández Nieto.,,
OL14825305M,,,"Prima traduzione integrale, con introd., commento e note a cura di Gherardo Marone.",,
OL5480203M,,,"Translated from the Spanish. To which is prefixed some account of the author's life, by Dr. Smollett. Embellished with superb engravings.",,
OL5670164M,,,A translation based on that of Peter Anthony Motteux. With the memoir and notes of John Gibson Lockhart.,,
OL4512253M,,,[por] Miguel de Cervantes ; edición de John Jay Allen ; edición ilustrada por Pilar Coomonte.,,
OL22164310M,,,Translated from the Spanish of Miguel Cervantes Saavedra by Charles Jarvis.,,
OL19582495M,,,translated out of the Spanish ; now newly corrected and amended].,,
OL1148048M,,,Miguel de Cervantes.,,
OL19803241M,,,par Miguel de Cervantes Saavedra ; traduction nouvelle ; illustrations par Grandville Karl Girardet et Fraipont,,
OL3208571M,,,Miguel de Cervantes ; translated by John Ormsby ; illustrated by Daniel Vierge.,,
OL23832652M,,,by Miguel de Cervantes Saavedra ; text edited by J.W. Clark ; a biographical notice of Cervantes by T. Teignmouth Shore ; illustrated by Gustave Dore.,,
OL7040353M,,,"Translated from the Spanish by Motteux. With copious notes, and essay on the life and writings of Cervantes, by John G. Lockhart.",spa,
OL17450723M,,,ausz dem spanischen ins Hochteutsche versetzt durch Pahsch Basteln von der Sohle.,,
OL6602762M,,,compuesto por Miguel de Cervantes Saavedra.,,
OL6278284M,,,Edición publicada por Rodolfo Schevill...y Adolfo Bonilla.,,
OL5359586M,,,Miguel de Cervantes Saavedra ; estudio preliminar de Américo Castro.,,
OL117959M,,,Miguel de Cervantes Saavedra ; translated by Charles Jarvis ;  with an introduction by Milan Kundera.,,
OL13986902M,,,traduit de l'espagnolpar Florian.,,
OL20258890M,,,"traduzione, prefazione e notedi Alfredo Giannini.",,
OL5670147M,,,,spa,
OL19180394M,,,introduction by Justin Huntly McCarthy ; translated by Thomas Shelton 1612-1620 ; and illustrated by Frank Brangwyn.,,
OL5670505M,,,Translated from the Spanish by Dr. Smollett.,,
OL20819988M,,,traduitede L'Espagnol de Michel de Cervantes.,,
OL23933047M,,,"Michaēl Tservantes ; eisagōgē, G. Kechagioglou, A. Tampakē ; keimeno, glōssari & pinakas kyriōn onomatōn, G. Kechagioglou.",,
OL17777361M,,,by Cervantes ; the text edited by F.W. Clark and a biographical notice of Cervantes by T. Teignmouth Shore ; ill. by Gustave Doré.,,
OL6724707M,,,"de Miguel de Cervantes Saavedra. Nueva ed. crítica con el comento refundido y mejorado y más de setecientas notas nuevas, dispuesta por Francisco Rodríguez Marín.",,
OL755914M,,,Cervantes ; edición de Gaspar Garrote Bernal.,,
OL129488M,,,Miguel de Cervantes Saavedra ; ilustraciones de Enrique Herreros ; prólogo de Francisco Umbral.,,
OL4837949M,,,"Miguel de Cervantes ; introduzione di Juana Granados ; traduzione e note di Gianni Buttafava, Ada Jachia Feliciani e Giovanna Maritano.",,
OL13986196M,,,"compuesto por Miguel de Cervantes Saavedra ; edicion corregida con especial estudio de la primera, por D.J.E. Hartzenbusch.",,
OL6491399M,,,compuesto por Miguel de Ceruantes Saauedra.,,
OL699634M,,,"Miguel de Cervantes ; translated, with a critical text based on the first editions of 1605 and 1615, and with variant readings, variorum notes, and an introduction by Samuel Putnam.",,
OL6753271M,,,"compuesto por Miguel de Cervantes Saavedra, comentado por Clemencín.  Ilustraciones de Gustavo Doré.",,
OL5670141M,,,Translated from the Spanish by Charles Jarvis.,,
OL5376279M,,,[Prólogo de Giovanni Papini.  Epílogo de Ramón Gómez de la Serna.  Traducción del prólogo e introducción de Juan Ramón Masoliver.,,
OL5670170M,,,"A rev. translation based on those of Motteux, Jarvis, and Smollett.",,
OL5670148M,,,Translated from the Spanish by Charles Jarvis. Illustrated by Gustave Dore.,,
OL4572342M,,,Miguel de Cervantes ; edición de John Jay Allen ; edición ilustrada por Pilar Coomonte.,,
OL16688656M,,,"Translated from the Spanish of Miguel de Cervantes Saavedra, to which is prefixed some account of the author's life by T. Smollett. Ornamented with engravings by the first masters, from the designs of the Madrid Royal Academy",,
OL5730970M,,,With an introd. and appreciation by William Buchan. Illus. by Gustave Doré.,,
OL22529321M,,,Miguel de Cervantes Saavedra ; translated by Charles Jarvis ;  edited with an introduction and notes by E.C. Riley.,,
OL6001517M,,,Done into English by Henry Edward Watts.,,
OL22908569M,,,Miguel de Cervantes ; ilustrado por Hieronimus Fromm.,,
OL5670166M,,,From the translation of Motteux. With 16 original illus. by L. Hopkins.,,
OL5837335M,,,Prólogo y esquema biográfico por Américo Castro.,,
OL22630708M,,,by Miguel de Cervantes..,,
OL5670151M,,,With illus. by Gustav Doré.,,
OL13986485M,,,by Miguel de Cervantes ; translated by Thomas Shelton ; the illustrations by Daniel Vierge ; with an introduction by Royal Cortissoz.,,
OL21744598M,,,Introduction by Herschel Brickell ; illustrated by Gustave Dore..,,
OL6462255M,,,Translated from the Spanish of Miguel Cervantes Saavedra.,,
OL5670177M,,,Translated from the Spanish by Charles Jarvis.,,
OL3468811M,,,por Miguel de Cervantes Saavedra ; edición de Florencio Sevilla Arroyo.,,
OL24205503M,,,by Miguel de Cervantes ; retold by Judge Parry,,
OL19579938M,,,by Charles Jarvis.,,
OL5670501M,,,"Translated from the Spanish by T. Smollett. To which is prefixed, some account of the author's life.",,
OL4737638M,,,Miguel de Cervantes Saavedra ; translated by Peter Motteux ; illustrated by Salvador Dali.,,
OL6528448M,,,"retold by Judge Parry, illustrated by Walter Crane.",,
OL13987950M,,,compuesta por Miguel de Cervantes Saavedra.,,
OL22147070M,,,Miguel de Cervantes Saavedra ; translated from the Spanish by Motteux ; edited with notes and memoir by John G. Lockhart ; preceded by a short notice of the life and works of Motteux by Henri van Laun ; with sixteen original etchings by R. de los Rios.,,
OL15951881M,,,"Por Miguel de Cervantes Saavedra .... Segunda Parte, Tercero Tomo.",,
OL13986872M,,,mit 81 Holzschnitten von Hans A. Mu ller.,,
OL464743M,,,Miguel de Cervantes ; dirigida por Francisco Rico ; con la colaboración de Joaquín Forradellas ; estudio preliminar de Fernando Lázaro Carreter.,,
OL2638228M,,,by Miguel de Cervantes Saavedra ; edited and abridged by Susan S. Sheridan.,,
OL1561600M,,,Miguel de Cervantes Saavedra ; translated by Charles Jarvis ; edited with an introduction and notes by E.C. Riley.,,
OL21142957M,,,by Miguel de Cervantes ; translated by John Ormsby,,
OL5899961M,,,"par Michel Cervantes,  Traduction nouvelle par Ch. Furne,  Illustrée de 160 dessins par G. Roux ; gravés par yon et Perrichon.",,
OL23750895M,,,Miguel de Cervantes Saavedra.,,
OL20943459M,Edith Grossman,Translator,Miguel de Cervantes ; a new translation by Edith Grossman ; introduction by Harold Bloom.,spa,
OL5670163M,,,"Translated from the Spanish by Charles Jarvis, carefully rev. and corr. Illustrated by Tony Johannot.",,
OL23832631M,,,Miguel de Cervntes Saavedra. Prol. y Biogr. par Americo Castra.,,
OL23713539M,,,"Miguel de Cervantes Saavedra ; translated and with notes by Tom Lathrop ; consulting editors, Annette Grant Cash, Victoria Richardson, James K. M. Saddler ; illustrated by Jack Davis.",,
OL5670552M,,,With illus. by Gustav Doré.,,
OL5670173M,,,From the translation of Motteux. With 16 original illus. by L. Hopkins.,,
OL24139661M,,,edicion ... arreglada ... por Domingo Abeja.,,
OL19895865M,,,"übersetzung von L. Tieck, für die Jugend bearbeitet von A. Uszkoreit, illustrationen von K. Zimmermann.",,
OL4336411M,,,"[por] Miguel de Cervantes ; edición, introducción y notas de Martín de Riquer.",,
OL6058578M,,,Ed. y notas de Martín de Riquer.,,
OL23155097M,,,Miguel de Cervantes Saavedra ; con ilustraciones de Carlos Alonso ... [et al.] ; [cuidado de la edición y comentario León Benarós ; prólogo Pedro Luis Barcia].,,
OL17754897M,,,Translated from the Spanish of Miguel de Cervantes by Thomas Shelton. With introductions by James Fitzmaurice-Kelly.,,
OL13986425M,,,translated from the Spanish by Motteux ; edited with notes and memoir by John G. Lockhart ; preceded by a short notice of the life and works of Motteux by Henri van Laun ; with sixteen original etchings by R. de Los Ri os.,,
OL5710967M,,,Translated from the Spanish by Motteux. Edited with notes and memoir by John G. Lockhart. Preceded by a short notice of the life and works of Motteux by Henri van Laun. With original etchings by R. de los Rios.,,
OL5670502M,,,"From the Spanish, by T. Smollett. To which is prefixed some account of the author's life.",,
OL6659389M,,,"Translated from the original Spanish of Miguel de Cervantes Saavedra, by Charles Jarvis, esq.  Now carefully revised and corrected: with a new translation of the Spanish poetry.  To which is prefixed a copious and new life of Cervantes; including a critique on the Quixote; also a chronological plan of the work.",,
OL6469521M,,,"Translated from the original Spanish of Miguel Cervantes de Saavedra. By Charles Jarvis, Esq; ...",,
OL22209024M,,,Designed to be read as a modern novel by Richard Emery Roberts,,
OL5670172M,,,With illus. by Gustav Doré.,,
OL4664547M,,,[por] Miguel de Cervantes ; prólogo y notas Alberto Sánchez.,,
OL5670169M,,,"Translated from the Spanish by Charles Jarvis. With 100 illus. by A. B. Houghton, engraved by the Bros. Dalziel.",,
OL19035857M,,,"re-told by Arthur Killingley, illustrated by Gerhard Gossmann.",,
OL13815678M,,,"translated by Charles Jarvis ; with full-page plates, and nearly 700 engravings on wood by Tony Johannot.",,
OL6218938M,,,Translated and abridged by Dominick Daly.  Illus. by Johannes Troyer.,,
OL3465205M,,,Miguel de Cervantes ; edición de Florencio Sevilla Arroyo.,,
OL13986292M,,,"translated from the Spanish of Miguel de Cervantes Saavedra ; to which is prefixed, some account of the author's life, by Dr. Smollett.",,
OL5900031M,,,"Nueva ed. clásica, ilustrada con notas históricas, gramaticales, y críticas por la Academia Española, sus individuos de número Pellicer, Arrieta, y Clemencin.",,
OL13986385M,,,translated from the Spanish of Miguel de Cervantes Saavedra.,,
OL22273417M,,,"Miguel de Cervantes ; con cuadros cronológicos, introducción, bibliografía, texto íntegro con posibilidad de una lectura abreviada, notas, llamadas de atención y documentos, índice de personajes y de aventuras y pasajes a cargo de Florencio Sevilla Arroyo ; resúmenes de pasajes secundarios a cargo de Elena Varela Merino.",,
OL24156468M,,,Translated from the Spanish by Motteux. Edited with notes and memoir by John G. Lockhart. Preceded by a short notice of the life and works of Motteux by Henri van Laun. With sixteen original etchings by R. de los Ríos.,,
OL5670551M,,,Translated from the Spanish by Motteux. Edited with notes and memoir by John G. Lockhart. Preceded by a short notice of the life and works of Motteux by Henri van Laun. With 16 original etchings by R. de los Ríos.,,
OL22885201M,,,translated from the Spanish of Miquel de Cervantes Saavedra by Motteaux.,,
OL6002369M,,,Translated from the Spanish by Motteux.,,
OL22823954M,,,translated from the Spanish... by Motteux.,,
OL16752497M,,,"written in Spanish by Michael de Cervantes Saavedra ; formerly made English by Thomas Shelton ; now revis'd, corrected and partly new translated from the original by Captain John Stevens ; illustrated with 33 copper plates curiously engraved from the Brussels edition : in two volumes.",,
OL12276896M,Gustave Doré,Illustrator,,spa,
OL22618112M,,,"by Miguel de Cervantes Saavedra ; [as translated by Tobias Smollett] ; edited and with an introduction by Harry Sieber, with Holly McGuire.",,
OL23238983M,,,the translation of John Ormsby ; with a new intro. by Irwin Edman and the illus. by Edy Legrand.,,
OL23356452M,,,compuesta por Miguel de Cervantes Saavedra.,,
OL13986496M,,,devised by Powell Perry ; illustrated by Lawrence Jossett.,,
OL13874960M,,,"Saavedro, Miguel de Cervantes .",,
OL22289909M,,,"translated from the original Spanish of Miguel Cervantes de Saavedra, by Charles Jarvis, Esq. ; the whole carefully revised and corrected, with a new translation of the poetical parts by another hand.",,
OL6688023M,,,translated from the original Spanish of Miguel de Cervantes Saavedra by Charles Jarvis; With sixteen illustrations by W. Heath Robinson.,,
OL13986426M,,,"composed by Miguel de Cervantes Saavedra... ; a new translation from the originals of 1605 and 1608, by Alexander James Duffield ; with some of the notes of the Reverend John Bowle..., Juan Antonio Pellicer, Don Diego Clemencin, and other commentators.",,
OL13986474M,,,by Cervantes ; translated by Thomas Shelton 1612-1620.,,
OL15038824M,,,written in Spanish by Miguel de Cervantes Saavedra ; translated from the original by several hands ; and publish'd by Peter Motteux ... ; adorn'd with sculptures,,
OL15017414M,,,now made English according to the humour of our modern language and adorned with several copper plates by J.P,,
OL13986417M,,,"translated from the Spanish by Motteux ; with copious notes; and an essay on the life and writings of Cervantes, by John G. Lockhart, Esq..",,
OL13986476M,,,translated from the Spanish of Miguel de Cervantes Saavedra ; illustrated by H. M. Brock.,,
OL19885796M,,,compuesto por Miguel Cervantes de Saavedra.,,
OL19660547M,,,estudo preliminar de Americo Castro.,,
OL5899960M,,,Translated from the original Spanish by Charles Jarvis.,,
OL24157222M,,,by Miquel de Cervantes Saavedra ; translated into English by Robinson Smith,,
OL19495032M,,,by Miquel de Cervantes Saavedra ; translated into English by Robinson Smith.,,
OL20820510M,,,by M. de CervantesSaavedra ; retold by A. Killingley ; illustrated by G. Gossman.,,
OL7351612M,Walter Starkie,Translator,By Miguel de Cervantes Saavedra; Translated and abridged by Walter Starkie,spa,
OL7351612M,Walter Starkie,Editor,By Miguel de Cervantes Saavedra; Translated and abridged by Walter Starkie,spa,
OL17149231M,,,edited and with an introduction by Harry Sieber,,
OL20648973M,,,the translation by John Ormsby ; with a new introduction by Irwin Edman and the illustrations by Edy Legrand.,,
OL1226744M,Peter Anthony Motteux,Translator,translated from the Spanish by P.A. Motteux.,spa,
OL22819092M,,,translated from the Spanish of Miguel de Cervantes Saavedra ... by Dr. Smollett. ... ; embellished with copper-plates.,,
OL13783505M,,,"translated fromthe Spanish of Miguel de Cervantes Saavedra, to which is prefixed some account of the author's life, by Tobias Smollett]. Vol.1.",,
OL13988000M,,,translated out of the Spanish by Thomas Shelton MDCXII.,,
OL6971571M,,,translated out of the Spanish.,,
OL13987996M,,,by J. P..,,
OL15033608M,,,now made English according to the humour of our modern language and adorned with copper plates by J.P,,
OL19885792M,,,"written in Spanish by Michael de Cervantes Saavedra ; formerly made English by Thomas Shelton ; now revis'd, corrected, and partly new translated from the original by Capt. John Stevens.",,
OL19885798M,,,compuesto por Miguel de Cervantes Saavedra.,,
OL16768153M,,,translated and edited by Walter Starkie.,,
OL13361007M,Gloria Sanjuán,Adaptation,,,
OL9430509M,Ana Merino,Adaptation,,,
OL9430509M,John Ormsby,Translator,,,
OL17862769M,,,abridged from the original edition by W.M. Thackeray,spa,
OL6523922M,,,mit einundzwanzig holzstichen von Imre Reiner und einem Nachwort von Hermann Kienzle.,,
OL14826800M,,,merrily translated into Hudibrastick verse by Edward Ward.,,
OL6650027M,,,Tr. out of the Spanish [by T. Shelton] now newly corrected and amended.,,
OL13957020M,,,Now made English accordinbg to the humour of our modern language ... By J. P..,,
OL6718233M,,,"translated out of the Spanish by Thomas Shelton, MDCXII.",,
OL6706553M,,,"expounded with comment by Miguel de Unamuno, translated by Homer P. Earle.",,
OL60557803M,Gabriel Martínez Meave,Cover Design,,,
OL60557803M,Joana Michel Negrete,Cover Design,,,
OL60557803M,Oscar Fragoso,Cover Design,,,
OL43560814M,,,Gabriel García Márques,,
OL32085764M,,,Gabriel García Márquez. [Aus d. Span. Übers. von Curt Meyer-Clason],,
OL30535816M,,,,spa,Crónica de una muerte anunciada
OL30767241M,,,Gabriel García Márquez,,
OL22918277M,,,G. Garushia Marukesu ; Noya Fumiaki yaku.,,
OL13987199M,,,expounded with comment by Miguel de Unamuno ; translated by Homer P. Earle.,,
OL38562453M,,,"Kāpriyēl Kārciyā Mārkkēs ; Tamil̲il, Arumai Celvam, Acatā = Munkuurappatta caavin carittiram : novel / author, Gabriel Garcia Marquez ; translated by Arumai Selvam, Asadha",,
OL50483531M,,,Gabriel García Márquez,,
OL30103540M,,,Gabriel Garcia Marquez ; translated from the Spanish by Gregory Rabassa,spa,Crónica de una muerte anunciada
OL27906086M,,,Gabriel Garcia Marquez ; [ze spanelskeho originalu] prelozil Eduard Hodousek,spa,Crónica de una muerte anunciada
OL3862090M,,,Gabriel García Márquez.,,
OL9724283M,Abby Kanter,Introduction,,,
OL8362804M,Gregory Rabassa,Translator,,spa,Crónica de una muerte anunciada
OL20819832M,,,Gabriel Garcia Marquez.,,
OL5670153M,T. Smollet M.D.,Translator,Translated from the original Spanish by T. Smollet. To which is prefixed a new life of Cervantes. Embellished with engravings.,spa,
OL21256878M,,,by Miguel de Cervantes Saavedra ; a translation based on that of Peter Anthony Motteux; with the memoir and notes of John Gibson Lockhart.,,
OL1977130M,,,by Jessica Steele.,,
OL26497410M,,,Lynne Graham,,
OL33334036M,,,Gabriel Garcìa Màrquez ; traduzione di Dario Puccini,,
OL31873748M,Remy Gorga Filho,Translator,,,
OL32165154M,Curt Meyer-Clason,Translator,,spa,Crónica de una muerte anunciada
OL18552215M,,,Gabriel García Márquez ; e përktheu Aurel Plasari.,,
OL27132034M,,,Gabriėlʹ Garsia Markes ; [perevod s ispanskogo L.S. Novikovoĭ],,
OL8886573M,,,,spa,
OL22209044M,,,Trad. de l'espagnol par Claude Cauffon,spa,Crónica de una muerte anunciada
OL8886575M,,,,spa,
OL18743951M,,,Gabriel Garcia Marquez.,,
OL24945433M,,,Gabriel García Márquez,,
OL26616142M,Gregory Rabassa,Translator,,,
OL2990140M,,,Gabriel García Márquez ; translated from the Spanish by Gregory Rabassa.,,
OL20943441M,,,Gabriel García Márquez ; translated from the Spanish by Gregory Rabassa.,,
OL18340595M,,,Gabriel Garcia Marquez.,,
OL23066517M,,,Gabrielʹ Garsia Markes ; [perevod s ispanskogo L. Siní`anskoĭ i G. Dubrovskoĭ].,rus,Crónica de una muerte anunciada
OL21791850M,,,traduit de l'espagnol par Claude Couffon.,,
OL3507479M,,,Gabriel García Márquez ; translated from the Spanish by Gregory Rabassa.,,
OL47148860M,,,,,The Devil To Pay
OL17271788M,,,by Emma Darcy.,,
OL22343154M,,,Gabriel García Márquez.,,
OL16170000M,,,Gabriel Garcia Marquez.,,
OL14992901M,,,Gabriel García Márquez ; translated from the Spanish by Gregory Rabassa.,,
OL22169907M,,,Gabriel Garcia Marquez.,,
OL47708074M,,,,,The Devil To Pay
OL21124526M,,,Jayne Castle.,,The Devil to Pay
OL27144688M,,,[Betty Neels],,
OL18406468M,,,Betty Neels.,,
OL18768912M,,,Betty Neels.,,
OL15182481M,,,Gabriel García Márquez.,,
OL23005430M,,,Gabriel García Maŕquez ; translated by Saleh Almani.,,
OL2982011M,,,Gabriel García Márquez.,,
OL18342653M,,,Gabriel Garcia Marquez.,,
OL15071561M,,,Gabriel García Márquez ; translated from the Spanish by Gregory Rabassa.,,
OL22478733M,Gregory Rabassa,Translator,Gabriel Garcîa Mârquez ; translated from the Spanish by Gregory Rabassa.,spa,Crónica de una muerte anunciada
OL28199007M,,,,eng,Devil to pay
OL20196150M,,,,,The Devil to Pay
OL3388435M,,,[Betty Neels].,,
OL56851972M,Michael Phillips,Editor,,,
OL56342352M,Maxim Montoto,Editor,,,
OL55975921M,Reed,Illustrator,,,
OL55487844M,Peter,Contributor,,,
OL55318031M,Reed,Illustrator,,,
OL38386329M,Pradip Das,Editor,,,
OL57774195M,Darrell Schweitzer,Introduction,,,
OL57631603M,,,by George MacDonald,,
OL56507426M,Sir Angels,Editor,,,
OL55146799M,Emily Lam,Contributor,,,
OL46641941M,Shahid Akram,Translator,,,
OL38382370M,S. R. P.,Editor,,,
OL32140363M,,,Joseph Conrad,,
OL33555661M,Ralph Cosham,Narrator/Reader,,,
OL6700938M,,,"roman von Joseph Conrad, mit einer einleitung von Thomas Mann.",,
OL37815032M,,,,eng,The Secret Agent
OL26511531M,,,by Joseph Conrad,,
OL26886973M,,,by Joseph Conrad,,
OL26493994M,,,Joseph Conrad ; edited with an introduction by Lucian Pire,,
OL38375329M,Natalie Montoto,Editor,,,
OL38379079M,Anthony Uyl,Editor,,,
OL36653329M,,,George MacDonald. [Aus d. Engl. übers. von Uwe Herms. Reproduktionen nach Radierungen von Otto Coester],,
OL38381053M,Paula Benitez,Editor,,,
OL6995680M,,,by George MacDonald ...,,
OL16959552M,,,George MacDonald.,,
OL4878639M,,,Introd. by Lin Carter.,,
OL21497446M,,,by George MacDonald ; with an introduction by C.S. Lewis.,,
OL20266706M,,,with an introduction by C.S. Lewis.,,
OL6677943M,,,"by George MacDonald; with introductory key, a paraphrase of an earlier manuscript-version, and explanation of notes by Greville MacDonald.",,
OL19401330M,,,by George Macdonald.,,
OL21320299M,,,George MacDonald ; introduction by Lin Carter.,,
OL20429913M,,,with an introduction by C.S. Lewis.,,
OL7245819M,,,by George MacDonald.,,
OL26463686M,,,Lynne Graham,,
OL24964369M,,,Carole Mortimer,,
OL24976507M,,,Carole Mortimer,,
OL26316017M,,,Betty Neels,,
OL3282696M,,,Betty Neels.,,
OL22642218M,,,by George MacDonald.,,
OL27877740M,,,by Lynne Graham,,
OL17418630M,,,Betty Neels.,,
OL14979219M,,,by Margaret Way.,,
OL29292322M,,,Sara Craven,,
OL26477024M,,,by Lynne Graham,,
OL24974186M,,,Carole Mortimer,,
OL18768112M,,,by Carole Mortimer.,,
OL14979210M,,,by Betty Neels.,,
OL51615148M,María Dolores Ábalos,Translator,,eng,The Right Move
OL32721820M,,,Sara Craven,,
OL27135444M,,,Sandra Braun ; [perevod s angliĭskogo E.G. Tolmachevoĭ],,
OL47678448M,Renato Fratini,Cover Art,,,
OL6507266M,,,traduit de l'anglais par Léo Lack.,,
OL22166907M,,,Daphne du Maurier.,,
OL24943049M,,,Sandra Brown ; previously published under the pseudonym Erin St. Claire,,
OL20347061M,,,Sandra Brown.,,
OL23074713M,,,Sandra Brown.,,
OL13187366M,,,,eng,Jamaica Inn
OL22018004M,,,by Daphne du Maurier.,,
OL23762217M,,,by Daphne Du Maurier.,,
OL3311540M,,,Sandra Brown.,,
OL40556435M,Concha Cardeñoso Sáez de Miera,Translator,,eng,Jamaica Inn
OL28252863M,,,Daphné Du Maurier,,
OL27108498M,,,taʼlīf Dāfnih Dū Mūrīyīh,,
OL20439980M,,,traduit de l'anglais par Léo Lack.,,
OL17728376M,,,Daphne Du Maurier.,,
OL22949724M,,,Daphne Du Maurier ; complete and unabridged.,,
OL22079849M,,,Daphne Du Maurier.,,
OL22567186M,,,by Daphne du Maurier ; simplified by A. S. M. Ronaldson.,,
OL21391458M,,,Daphne du Maurier.,,
OL17721896M,,,Daphne du Maurier.,,
OL22902985M,,,"Daphne Du Maurier ; [traducción de Versiones, Centro Literario].",,
OL23112248M,,,taʾlīf Dāfnih Dū Mūrīyīh.,,
OL35324964M,,,Dzheĭms Bolduin ; [per. s angl. G. Shmakova],,
OL25302588M,Alessandro Clericuzio,Translator,,,
OL25302588M,M. Giulia Fabi,Afterword,,,
OL22729607M,,,James Baldwin.,,
OL18821274M,,,James Baldwin.,,
OL6795732M,,,James Baldwin.,,
OL22100176M,,,James Baldwin,,
OL17759801M,,,James Baldwin.,,
OL17881183M,,,by Daphne Du Maurier.,,
OL24651643M,,,Daphne Du Maurier,,
OL14977519M,,,by Yvonne Whittal.,,
OL40238291M,,,James Baldwin,,
OL24737293M,,,James Baldwin,,
OL13836861M,,,James Baldwin.,,
OL21521833M,,,"traducción, Estela Canto.",,
OL18345972M,,,James Baldwin.,,
OL15060837M,,,(by) James Baldwin.,,
OL18270799M,,,James Baldwin.,,
OL25082893M,,,by James Baldwin,,
OL17769136M,,,Daphne du Maurier.,,
OL21553756M,,,Daphne Du Maurier ; abridged by A.S.M. Ronaldson.,,
OL17637888M,,,by Daphne Du Maurier.,,
OL24753026M,,,Daphne Du Maurier,,
OL23125703M,,,Dafna Di︠u︡ Morʹe ; [perevela s angliĭskogo L.G. Mochalova].,,
OL20110349M,,,traduit de l'anglais par Léo Lack.,,
OL14978011M,,,by Jessica Steele.,,
OL22400323M,,,Yvonne Whittal.,,
OL35580225M,Çiğdem Öztekin,Translator,,eng,Giovanni’s Room
OL44025912M,,,James Baldwin,,
OL14413289M,,,James Baldwin.,,
OL14445810M,,,James Baldwin.,,
OL15463178M,,,Dzheĭms Bolduin,,
OL19424203M,,,James Baldwin.,,
OL13538042M,,,by James Baldwin.,,
OL19869625M,,,James Baldwin.,,
OL23771421M,,,James Baldwin.,,
OL32722283M,,,by Roberta Leigh,,
OL14976547M,,,by Roberta Leigh.,,
OL35326964M,,,Victoria Holt ; traducción de Julio F. Yáñez,,
OL20938264M,,,Victoria Holt.,,
OL3248549M,,,Victoria Holt.,,
OL14875739M,Renato Fratini,Cover Art,by Victoria Holt.,,
OL23757239M,,,by Victoria Holt.,,
OL19792338M,,,[by] Victoria Holt ; translated by Julio F. Yanez.,,
OL24215468M,,,Charlotte Lamb.,,
OL5532551M,,,by Eberhard and Phyllis Kronhausen.,,
OL5722884M,,,by Drs. Eberhard and Phyllis Kronhausen.,,
OL15490901M,,,introduction by G. Legman,,
OL26624063M,,,Introd. by G. Legman,,
OL14906826M,,,'Walter' ; introduction by Donald Thomas.,,
OL18498783M,,,by Walter.,,
OL3706462M,,,Anonymous.,,
OL26328036M,,,Victoria Holt,,
OL5534404M,,,[by] Victoria Holt,,
OL14176091M,,,Victoria Holt.,,
OL17267234M,,,traducido por Julio F. Yáñez.,,
OL20193785M,,,[översättning av Ulla Spångberg].,,
OL14977708M,,,by Anne Weale.,,
OL13708086M,,,by Eberhard and Phyllis Kronhausen ; [in 2 vols.].,,
OL13708097M,,,Presented and edited by Eberhard and Phyllis Kronhausen.,,
OL14985972M,,,Presented and edited by Eberhard and Phyllis Kronhausen.,,
OL24589643M,,,"Introduction by Hilary E. Holt, PhD.",,
OL18454808M,,,by Walter.,,
OL48061119M,Harry Bennett,Cover Art,,,
OL21234279M,Renato Fratini,Cover Art,,,
OL20938337M,,,Victoria Holt.,,
OL15312550M,,,[oversatt av Sigrid Munthe Mossige].,,
OL22313386M,,,traducido por Julio F. Yáñez.,,
OL18458543M,,,(by Walter) ; edited with an introduction by Gordon Grimley.,,
OL21356407M,,,introduction by G. Legman.,,
OL24946649M,,,Emma Goldrick,,
OL26929212M,,,Ashley & JaQuavis,,
OL24974171M,,,Sally Wentworth,,
OL28681977M,,,by Daphne Claire,,
OL24082679M,,,Daphne Clair.,,
OL25407658M,,,Sara Craven,,
OL14977530M,,,by Penny Jordan.,,
OL27740562M,,,Jennifer Probst,,
OL24578250M,,,by Ashley & JaQuavis,,
OL23992158M,,,by Ashley & JaQuavis.,,
OL24124663M,,,by Ashley & JaQuavis.,,
OL24404549M,,,Sara Craven,,
OL1610727M,,,by Sally Wentworth.,,
OL24939200M,,,Sally Wentworth,,
OL24976491M,,,Sally Wentworth,,
OL24381728M,,,Daphne Clair,,
OL20121255M,,,by Penny Jordan.,,
OL32775220M,,,Jennifer Probst,,
OL17375682M,,,by Madeline Ker.,,
OL47659854M,Montse Triviño González,Translator,,eng,Maybe Someday
OL24108452M,,,by Ashley & JaQuavis.,,
OL24082670M,,,Sara Craven.,,
OL1977529M,,,by Daphne Clair.,,
OL32123934M,,,Jennifer Probst,,
OL27140378M,,,Jennifer Probst,,
OL26394814M,,,Jennifer Probst,,
OL1977533M,,,by Madeleine Ker.,,
OL39203167M,Montse Triviño González,Translator,,eng,Maybe Someday
OL27157462M,,,Colleen Hoover,,
OL12699604M,Karl Ludwig Nicol,Translator,,,
OL25311303M,Harry Kahn,Translator,,,
OL1151544M,,,Henry James ; edited by Allan Lloyd Smith.,,
OL24222537M,,,"by Henry James ; edited, with an afterword, a biographical sketch, notes on the stories and a selective bibliography by John Felstiner.",,
OL13665657M,,,by Henry James ; illustrated by Mariette Lydis.,,
OL40844035M,Marco PEDULLA,Translator,,,
OL22568707M,,,by Henry James.,,
OL29286537M,Pauline Vidal,Translator,Colleen Hoover ; traduit de l'anglais (États-Unis) par Pauline Vidal,eng,Maybe Someday
OL58148966M,,,"music by Benjamin Britten ; libretto by Myfanwy Piper, adapted from the story by Henry James",,
OL25261892M,,,"Produced by Judith Boss, and David Widger",,
OL18660857M,,,with an introduction by Michael Swan.,,
OL4119519M,,,Henry James.,,
OL1862847M,,,Henry James.,,
OL370886M,,,Henry James.,,
OL5879534M,,,Adapted with notes and exercises by Corbin S. Carnell. 4000 word level.,,
OL5982605M,,,Edited by Robert Kimbrough.,,
OL13912118M,,,by Henry James.,,
OL1562248M,,,Henry James ; edited with an introduction and notes by T.J. Lustig.,,
OL22596294M,,,by Henry James.,,
OL21454509M,,,Henry James.,,
OL20081519M,,,Henry James ; introd. by Kenneth B. Murdock.,,
OL13678821M,,,with a critical essay by Robert Heilman and notes and questions prepared by Arthur Livingston.,,
OL21354294M,,,Henry James : edited by Robert Kimborough.,,
OL18203366M,,,by Henry James ; with an introduction by Carl Van Doren & illustrations by Mariette Lydis.,,
OL20066226M,,,Henry James ; edited by Peter G. Beidler.,,
OL23002849M,,,Hengli Zhanmusi zhu ; Yuan Decheng yi.,,
OL9706535M,Ramón Buckley,Translator,,eng,The Turn of the Screw
OL9706535M,Ramón Buckley,Appendix,,eng,The Turn of the Screw
OL9706535M,Ángel Lusi González,Illustrator,,eng,The Turn of the Screw
OL27532721M,,,,eng,The turn of the screw
OL27223626M,,,"Henry James, epilogo de David Bromwich, traducción de Antonio Desmonts",,
OL50536115M,,,,eng,The Turn of the Screw
OL977385M,,,Henry James.,,
OL22579805M,,,Henry James ; edited by Peter G. Beidler.,,
OL22230655M,,,by Henry James.,,
OL781928M,,,Henry James.,,
OL22937749M,,,Henry James cho ; Fukizawa Tadae yaku.,,
OL19722939M,,,by Henry James ; with a foreword by Willard Thorp ; revised and updated bibliography.,,
OL21292114M,,,Henry James ; edited by C. Swatridge.,,
OL6061677M,,,by Henry James ; with an introduction by Carl Van Doren ; & illustrations by Mariette Lydis.,,
OL4056552M,,,introduction by S. Gorley Putt.,,
OL18553337M,,,Henry James ; metaphrasē Kosmas Politēs.,,
OL23023170M,,,Henry James ; traducción de Domingo Santos ; prólogo de Alejandro Gándara.,,
OL22478012M,,,with an introd. by Carl Van Doren and illus. by Mariette Lydis.,,
OL35669119M,Paulo Henriques Britto,Translator,,,
OL54987929M,Francisco Castro,Editor,,,
OL52730066M,,,Introduction by Kenneth B. Murdock,,
OL40243419M,,,with an introd. by Carl Van Doren and illus. by Mariette Lydis,,
OL27093112M,,,Henry James ; [edited by Philip M. Parker],,
OL30960604M,,,Henry James,,
OL55249736M,Alicar Regges,Editor,,,
OL54826795M,Vincent Illustrator,Illustrator,,,
OL42455849M,Leonor arcija,Translator,,,
OL39797672M,,,Henry James,,
OL55227887M,Joni Njl,Illustrator,,,
OL35356535M,Richard Armitage,Narrator/Reader,,,
OL35356535M,Emma Thompson,Narrator/Reader,,,
OL26627125M,Ernst Wolfgang Freissler,Translator,Joseph Conrad,eng,The Secret Agent
OL21015522M,,,Joseph Conrad ; edited by Cedric Watts.,,
OL18193483M,,,by Joseph Conrad.,,
OL16173024M,,,Joseph Conrad.,,
OL359530M,,,Joseph Conrad.,,
OL18891747M,,,by Joseph Conrad.,,
OL19307938M,,,Joseph Conrad.,,
OL13536748M,,,by Joseph Conrad.,,
OL5244331M,,,by Joseph Conrad ; with a preface by the author ; introduction and notes by Norman Sherry.,,
OL7251393M,,,by Joseph Conrad.,,
OL19631513M,,,by Joseph Conrad.,,
OL26370665M,Richard Niland,Editor,"Edited by Richard Niland, University of Strathclyde.",,
OL15074509M,,,Joseph Conrad.,,
OL3307788M,,,"Joseph Conrad ; edited, with an afterword and notes, by Peter Lancelot Mallios ; introduction by Robert D. Kaplan.",,
OL1744086M,,,Joseph Conrad.,,
OL23045946M,,,Joseph Conrad.,,
OL22195470M,,,Joseph Conrad.,,
OL3317441M,,,Joseph Conrad ; edited with an introduction and notes by John Lyon.,,
OL21256420M,,,by Joseph Conrad.,,
OL2996820M,,,by Joseph Conrad.,,
OL19408439M,,,by Joseph Conrad.,,
OL23609132M,,,by Joseph Conrad ; with an introduction by Frederick R. Karl.,,
OL3160696M,,,Joseph Conrad ; edited with an introduction by Roger Tennant.,,
OL21160826M,,,by Joseph Conrad.,,
OL18702831M,,,by Joseph Conrad.,,
OL880584M,,,by Joseph Conrad ; with an introduction by Joseph Epstein.,,
OL2188846M,,,"Joseph Conrad ; edited by Bruce Harkness and S.W. Reid ; assistant editor, Nancy Birk.",,
OL24360053M,,,by Joseph Conrad,,
OL2640257M,,,Joseph Conrad ; edited with an introduction and notes by Martin Seymour-Smith.,,
OL23234034M,,,with an introduction by Stuart Sherman.,,
OL21273954M,,,Joseph Conrad ; with a critical supplement.,,
OL13966462M,,,Joseph Conrad.,,
OL13810685M,,,original illustrations by Jane Darrington.,,
OL22241107M,,,Joseph Conrad ; edited with an introduction and notes by Martin Seymour-Smith.,,
OL21452524M,,,with a preface by the author; introduction and notes by Norman Sherry.,,
OL22571500M,,,Joseph Conrad ; with an introduction by Giles Foden.,,
OL3946465M,,,Joseph Conrad.,,
OL23190723M,,,Joseph Conrad ; introduction by Graham MacPhee.,,
OL22602209M,,,Joseph Conrad ; with a preface by the author.,,
OL81490M,,,Joseph Conrad ; edited with an introduction and notes by Roger Tennant.,,
OL21356051M,,,by Joseph Conrad.,,
OL22543850M,,,Joseph Conrad ; with a new introduction by E.L. Doctorow.,,
OL48265431M,Matias Alonso,Translator,,,
OL32524813M,Success Oceo,Editor,,,
OL32001717M,,,Henry James,,
OL4730892M,,,by Henry James.,,
OL14814823M,,,"by Henry James, introduction by Heywood Broun ..",,
OL14623075M,,,With an introduction by Michael Swan,,
OL22793724M,,,Introd. by Heywood Broun,,
OL36013901M,Denise McTighe,Editor,,,
OL36013901M,Randy Sookanan,Introduction,,,
OL50396609M,,,traduzione di Fausta Cialente,,
OL32001718M,,,Henry James,,
OL19642994M,,,by Henry James.,,
OL21934952M,,,Henry James.,,
OL6795741M,,,Henry James ; introduction by Hortense Calsisher ; notes by James Danly.,,
OL1486364M,,,Henry James ; introduction by Kenneth B. Murdock.,,
OL18524728M,,,Henry James ; edited by Peter G. Beidler.,,
OL1124137M,,,Henry James ; edited by Peter G. Beidler.,,
OL21553881M,Faith Jaques,Illustrator,,,
OL22586475M,PETER G. BEIDLER,Editor,,,
OL26919513M,,,Hengli Zhanmusi zhu ; Ke Zongyou yi,,
OL27198288M,,,Hengli Zhanmusi zhu ; Su Yingwen yi,,
OL21413642M,,,Jacqueline Gilbert.,,
OL45520113M,,,Henrī Jeimuzu saku ; Tomita Akira yaku,,
OL25551444M,,,Henry James ; [edited by Philip M. Parker],,
OL17310374M,,,by Penny Jordan.,,
OL14975924M,,,by Betty Neels.,,
OL14980514M,,,Betty Neels.,,
OL32001722M,,,Henry James,,
OL24510614M,,,Henry James,,
OL24815262M,,,Henry James ; edited by Peter G. Beidler,,
OL25552839M,,,Henry James ; [edited by Philip M. Parker],,
OL17383153M,,,by Betty Neels.,,
OL17318092M,,,(by) Caroline Courtney.,,
OL15006375M,,,Elizabeth Hunter.,,
OL25543202M,,,Mary Balogh,,
OL3290906M,,,Mary Balogh.,,
OL21648617M,,,Betty Neels.,,
OL4591273M,,,by Betty Neels.,,
OL1873986M,,,Anne Weale.,,
OL18915696M,,,Betty Neels & Caroline Anderson.,,
OL26338370M,,,Sylvia Andrew,,
OL18397513M,,,by Jessica Steele.,,
OL18597001M,,,Susan Napier.,,
OL24943746M,,,Helen Bianchin,,
OL15061394M,,,Caroline Courtney.,,
OL23539617M,,,Elizabeth Hunter.,,
OL24280628M,,,Elizabeth Hunter.,,
OL20775343M,,,(by) Anne Weale.,,
OL10241820M,Caroline Anderson,Author,,,
OL6784910M,,,Diana Palmer.,,
OL7659806M,,,Diana Palmer,,
OL4420367M,,,Caroline Courtney.,,
OL3694001M,,,Mary Balogh.,,
OL23124691M,,,Mali Beiluo zhu ; Dian yi = Slightly dangerous / Mary Balogh.,,
OL24398942M,,,by Marilyn Harris,,
OL24373648M,,,Marilyn Harris,,
OL4892530M,,,by Marilyn Harris.,,
OL14422774M,,,by Marilyn Harris.,,
OL33021537M,,,Chetan Bhagat,,
OL21222841M,,,Sara Craven.,,
OL61112346M,,,,eng,The Italian Billionaire's Pregnant Bride
OL29573928M,,,by Lynne Graham,,
OL34306445M,L. S. Ipsen,Contributor,,,
OL34306445M,Mary Hallock Foote,Contributor,,,
OL56366531M,Julie,Illustrator,,,
OL15121343M,,,Marilyn Harris.,,
OL1280773M,,,by Sara Craven.,,
OL22404693M,,,Sara Craven.,,
OL23085191M,,,Sara Craven.,,
OL15493667M,,,by Helen Bianchin.,,
OL40740068M,Jan Oliveira,Editor,,,
OL24936907M,,,Lynne Graham,,
OL55571214M,Judy,Illustrator,,,
OL55680410M,Mary Foote,Contributor,,,
OL55680410M,L. Ipsen,Contributor,,,
OL39142878M,Angel Muñoz,Contributor,,eng,The Scarlet Letter
OL34906192M,Sheba Blake,Editor,,,
OL52047419M,Charles Twain,Contributor,,,
OL34912036M,J. V. Editors,Editor,,,
OL38448958M,Constance Black Garnett,Translator,,,
OL61334216M,,,by Nathaniel Hawthorne,,
OL24577882M,,,Joseph Conrad ; edited by Tanya Agathocleous,,
OL24914793M,,,Joseph Conrad,,
OL23991880M,,,Joseph Conrad ; edited by Tanya Agathocleous.,,
OL21220748M,,,by Charlotte Lamb.,,
OL60429490M,,,,eng,House of Hades
OL26127600M,,,A great read.,,
OL27184115M,Рик Риордан,Author name as appears on this edition,Rik Riordan ; [perevod s angliĭskogo A.V. Deminoĭ],eng,The House of Hades
OL27201480M,,,Rick Riordan ; người dịch Phan Hoàng Hà,,
OL27201977M,,,Leike Lai'erdun (Rick Riordan) zhu ; Wang Xinying yi,,
OL56977858M,John Rocco,Cover Photographer,,,
OL56977858M,Joann Hill,Cover Design,,,
OL40867905M,Jordi Cussà,Translator,,eng,The House of Hades
OL21220907M,,,by Jessica Steele.,,
OL22902066M,,,di Joseph Conrad ; [traduzione dall'inglese di Carlo Emilio Gadda].,,
OL18452115M,,,Patricia Wilson.,,
OL25432910M,Vic Lemoney,Author,,,
OL25432910M,Nam Rasis Ness,Copy Editor,,,
OL25432910M,Jayden Harvard,Contributor,,,
OL25432910M,Sam Vendde,Proofreader,,,
OL25432910M,Jake Havelinglen,Cover Design,,,
OL39825251M,,,Rick Riordan,,
OL35359106M,,,,eng,The House of Hades
OL47819043M,,,,eng,The House of Hades
OL18775161M,,,by Jacqueline Baird.,,
OL23762121M,,,by Joseph Conrad.,,
OL24864106M,,,by Joseph Conrad,,
OL22965978M,,,Luoshan Beikeni zhu ; Liu Hsinlien yi = The maiden bride / Rexanne Becnel.,,
OL26388062M,,,Carole Mortimer,,
OL27164652M,,,Rick Riordan ; traducción de Ignacio Gómez Calvo,,
OL25438740M,Ignacio Gómez Calvo,Translator,,eng,The House of Hades
OL26426200M,Andrzej Polkowski,Translator,,eng,The House of Hades
OL50718463M,Lorena Castell,Translator,,eng,Mile High
OL55426857M,Vincent Verret,Editor,,,
OL54527824M,Laurence Harrison,Adaptation of original work by,,,
OL48284479M,Matias Alonso,Translator,,eng,The Scarlet Letter
OL48235600M,Alejandro Sanchez,Illustrator,,,
OL54880797M,narthex,Contributor,,,
OL54827476M,Monty,Illustrator,,,
OL36941935M,Mary Hallock Foote,Contributor,,,
OL36941935M,L. S. Ipsen,Contributor,,,
OL40533805M,Andronum,Cover Art,,,
OL55320030M,Sava Minkov,Translator,,eng,The Scarlet Letter
OL59777774M,Sīmīn Dānishvar,Translator,nivishtah-i Nātāniyil Hās̲ūrn ; tarjamah-i Sīmīn Dānishvar,eng,The Scarlet Letter
OL54634726M,Petrus Petrus Christus,Contributor,,,
OL54634726M,Notes+Novels Staff,Contributor,,,
OL55072942M,Vincent Illustrator,Illustrator,,,
OL45506502M,Satō Kiyoshi,Translator,,eng,The Scarlet Letter
OL48250088M,Leonor arcija,Translator,,,
OL34863128M,Alex Struik,Illustrator,,,
OL56151294M,Mary Hallock Foote,Illustrator,,,
OL37501018M,Mary Hallock Foote,Contributor,,,
OL37501018M,L. S. Ibsen,Contributor,,,
OL38459960M,Mary Hallock Foote,Illustrator,,,
OL38459960M,Ludvig Sandöe Ipsen,Contributor,,,
OL34862046M,George Guidall,Narrator/Reader,,,
OL54696634M,Dartmouth College,Contributor,,,
OL38506556M,Adam Pointing,Translator,,,
OL48296707M,Ulrich Baer,Contributor,,,
OL48296707M,Carol Gillligan,Contributor,,,
OL34863242M,Richard S. Hartmetz,Editor,,,
OL54443919M,BookCaps Study Guides Staff,Editor,,,
OL46689470M,Alejandro Sanchez,Illustrator,,,
OL48243059M,Leonor arcija,Translator,,,
OL56283059M,Sir Angels,Editor,,eng,The Scarlet Letter
OL56283059M,Franz Blei,Translator,,eng,The Scarlet Letter
OL56612988M,Marie Marie Canavaggia,Translator,,eng,The Scarlet Letter
OL56612988M,Les Bureaux Les Bureaux De La Doune,Translator,,eng,The Scarlet Letter
OL60206766M,,,,eng,The Scarlet Letter
OL32201470M,,,,eng,The Scarlet Letter
OL47117824M,Benjamin Briggent,Translator,,,
OL47398066M,Verónica Canales Medina,Translator,,,
OL48277737M,Matias Alonso,Translator,,,
OL56610938M,Sir Angels,Editor,,eng,The Scarlet Letter
OL56610938M,Marie Canavaggia,Translator,,eng,The Scarlet Letter
OL59664428M,傅東華,Translator,Huosang zhu ; Fu Donghua yi,eng,The Scarlet Letter
OL60205726M,,,,eng,The Scarlet Letter
OL35642941M,,,,eng,The Scarlet Letter
OL39486072M,,,"Nataniėlʹ Gotorn ; [per. s angl., vst. st. I͡U. Kovaleva]",eng,The Scarlet Letter
OL40188103M,Angel Muñoz,Contributor,,eng,The Scarlet Letter
OL44838600M,,,,eng,
OL47155987M,Anna Fernández i Torné,Translator,,eng,The House of the Seven Gables
OL47398067M,Verónica Canales Medina,Translator,,,
OL55680658M,,,,eng,The Scarlet Letter
OL32180592M,Dick Hill,Narrator/Reader,,,
OL42208315M,Bryan Hunt,Contributor,,,
OL42208315M,A. J. Alexander,Contributor,,,
OL40139642M,Angel Muñoz,Contributor,,eng,The Scarlet Letter
OL55790811M,Natalie Montoto,Editor,,,
OL60205723M,Paul-Émile Daurant-Forgues,Translator,,eng,The Scarlet Letter
OL35147308M,,,,eng,The Scarlet Letter
OL43809479M,,,a cura di Augusta Guidetti,,
OL56134042M,,,,eng,The Scarlet Letter
OL46245074M,Metcalf and Company (1850) Bkp Cu-Banc,Contributor,,,
OL49783015M,Carrie McCrossen,Adaptation of original work by,,,
OL42208298M,Bryan Hunt,Editor,,,
OL42208298M,A. J. Alexander,Editor,,,
OL32875905M,Dick Hill,Narrator/Reader,,,
OL43120323M,Leo Marx,Foreword,,,
OL34917429M,Andronum,Cover Art,,,
OL34876617M,Dragan Nikolic,Editor,,,
OL34886333M,Natalie Montoto,Editor,,,
OL34869410M,Guido Montelupo,Editor,,,
OL34886450M,Rafael Sanchez Juarez,Editor,,,
OL34887704M,Maxim Montoto,Editor,,,
OL34896563M,Francisco Castro,Editor,,,
OL34898194M,Yasmira Cedeno,Editor,,,
OL34895868M,Ravell,Editor,,,
OL34898558M,G-Ph Ballin,Editor,,,
OL34902678M,Anton Rivas,Translator,,,
OL54887568M,George Parsons Lathrop,Introduction,,,
OL34902816M,Andrea Gouveia,Editor,,,
OL29601043M,Stephen Feinstein,Contributor,,,
OL32458787M,Francisco Sellén,Translator,,eng,The Scarlet Letter
OL40416771M,Brian Harding,Contributor,,,
OL40416771M,Cindy Weinstein,Contributor,,,
OL36820865M,Feinstein Stephen,Contributor,,,
OL34887648M,Maxim Montoto,Editor,,,
OL34887043M,Natalie Montoto,Editor,,,
OL34886449M,Rafael Sanchez Juarez,Editor,,,
OL40727953M,A. C. Fritsch MDiv,Translator,,eng,The Scarlet Letter
OL42435056M,Leonor arcija,Translator,,,
OL42456210M,Leonor arcija,Translator,,,
OL43980611M,,,N Hawthorne zhu ; Yang Qirui yi,,
OL48249408M,Matias Alonso,Translator,,,
OL58461336M,佐藤淸,Translator,Hōson sa ; Satō Kiyoshi yaku,eng,The Scarlet Letter
OL60507028M,馬場孤蝶,Translator,Nasanieru Hooson saku ; Baba Kochō yaku,eng,The Scarlet Letter
OL1978267M,P. Craig Russel,Adaptation of original work by,"Nathaniel Hawthorne ; adapted by P. Craig Russell, writer, layout artist ; Jill Thompson, artist ; Bill Pearson, letterer.",,
OL1978267M,Jill Thompson,Illustrator,"Nathaniel Hawthorne ; adapted by P. Craig Russell, writer, layout artist ; Jill Thompson, artist ; Bill Pearson, letterer.",,
OL1978267M,Bill Pearson,Lettering,"Nathaniel Hawthorne ; adapted by P. Craig Russell, writer, layout artist ; Jill Thompson, artist ; Bill Pearson, letterer.",,
OL60476609M,,,by Nathaniel Hawthorne ; with introductory notes by George Parsons Lathrop,,
OL53731191M,,,by Nathaniel Hawthorne ...,,
OL48257550M,Alejandro Sanchez,Illustrator,,,
OL35224992M,Francisco Sellèn,Translator,,eng,The Scarlet Letter
OL35224992M,Roger Grass,Translator,,eng,The Scarlet Letter
OL18749546M,,,,eng,The Scarlet Letter
OL31456994M,,,Nasani'er Huosang ; Shi Heng yi ; Wai guo wen xue ming zhu cong shu bian ji wei yuan hui bian,eng,The Scarlet Letter
OL35426363M,,,,eng,The Scarlet Letter
OL43979523M,,,Huoshuang zhu ; Zhang Menglin yi,eng,The Scarlet Letter
OL43981556M,,,Huosang zhu ; Fu Donghua yi,eng,The Scarlet Letter
OL49182031M,Franz Blei,Translator,,eng,The Scarlet Letter
OL53791547M,,,Netanʾel Hotorn ; me-Anglit Sigal Adler,eng,The Scarlet Letter
OL60586326M,,,by Nathaniel Hawthorne,,
OL59546994M,,,by Nathaniel Hawthorne,,
OL58456099M,,,by Joseph Hatton,,
OL57699565M,,,by Nathaniel Hawthorne,,
OL53750307M,,,by Nathaniel Hawthorne,,
OL53750308M,,,by Nathaniel Hawthorne,,
OL45015438M,,,by Nathaniel Hawthorne ; with illustrations by Hugh Thomson,,
OL40112298M,Sellén Francisco,Translator,,eng,The Scarlet Letter
OL54617138M,,,,eng,The Scarlet Letter
OL57479526M,,,Nathaniel Hawthorne ; traducció catalana de A. Rovira y Virgili,eng,
OL35319090M,,,,eng,The Scarlet Letter
OL42295204M,Alejandro Sanchez,Illustrator,,,
OL43979606M,,,N. Huosang zhu ; Shi Heng yi,,
OL50433869M,,,ʻIvrit Avivah Goren,eng,The Scarlet Letter
OL61348355M,胡允桓,Translator,Huosang zhu ; Hu Yunhuan yi,eng,The Scarlet Letter
OL7881142M,Chris Rice,Adaptation of original work by,,,
OL23003801M,,,Nathaniel Hawthorne ; retold by Chris Rice ; series editors: Andy Hopkins and Joycelyn Potter.,,
OL12131034M,,,Development and production: Laurel Associates,,
OL9340928M,John Escott,Contributor,,,
OL61277867M,,,by Nathaniel Hawthorne,,
OL60157908M,,,Nasanieru Hōson gensak ; Kami Yoshirō yaku,eng,
OL59490185M,,,by Nathaniel Hawthorne; illustrated by H. P. Barnes,,
OL59547010M,,,by Nathaniel Hawthorne,,
OL57630386M,,,by Nathaniel Hawthorne,,
OL52676306M,,,Nathaniel Hawthorne,,
OL48175131M,Joseph Hatton,Contributor,,,
OL24746608M,,,Penny Jordan,,
OL27148906M,,,Nora Roberts ; [per. s angl. A.E. Prokhorovoĭ],,
OL26400684M,,,Nora Roberts,,
OL24945682M,,,Miranda Cameron,,
OL21485797M,,,Miranda Cameron.,,
OL24768077M,,,Kay Thorpe,,
OL47123052M,Gemma Rovira Ortega,Translator,,,
OL26920246M,,,Georgette Heyer,,
OL32049359M,Edmund Th. Kauer,Translator,,eng,The Grand Sophy
OL14982026M,,,Penny Jordan.,,
OL21357989M,,,by Rebecca Winters.,,
OL14977686M,,,by Penny Jordan.,,
OL3395283M,,,by Nora Roberts.,,
OL21331196M,,,Nora Roberts.,,
OL24962267M,,,Miranda Cameron,,
OL39460690M,Eloisa James,Foreword,,,
OL17943482M,,,Georgette Heyer.,,
OL40211783M,,,Penny Jordan,,
OL24956849M,,,Penny Jordan,,
OL24932839M,,,Miranda Cameron,,
OL1704684M,,,Georgette Heyer.,,
OL45053310M,,,by Nathaniel Hawthorne,,
OL43743172M,,,by Nathaniel Hawthorne,,
OL44702806M,Jane Seymour,Contributor,,,
OL51499804M,Terence Martin,Contributor,,,
OL37919325M,,,introduction by Roy Harvey Pearce,,
OL34888102M,Austin Warrent,Introduction,,,
OL45611289M,C. Wade Naney,Editor,,,
OL61026667M,,,by Nathaniel Hawthorne,,
OL61224738M,George Parsons Lathrop,Introduction,by Nathaniel Hawthorne ; with an introduction by George Parsons Lathrop,,
OL34888085M,Raul Bracho,Translator,,,
OL40241943M,,,"[Fredson Bowers, textual editor]",,
OL58639039M,Judith John,Contributor,Nathaniel Hawthorne with author biography by Judith John,,
OL59028180M,Hugh Thomson,Illustrator,,,
OL61191473M,,,by Nathaniel Hawthorne,,
OL61143686M,,,by Nathaniel Hawthorne ; illustrated by George H. Boughton,,
OL40132850M,Mary Hallock Foote,Contributor,,,
OL46516021M,Ben Holden-Crowther,Contributor,,,
OL56674921M,Sir Angels,Editor,,,
OL34198257M,Bryan Hunt,Editor,,,
OL49783934M,Classical Conversations MultiMedia,Contributor,,,
OL34214351M,Bryan Hunt,Editor,,,
OL34925303M,A. J. Alexander,Contributor,,,
OL34925303M,Mary FOOTE,Contributor,,,
OL36949889M,Barry,Contributor,,,
OL38471047M,Eva Kumar,Translator,,eng,The Scarlet Letter
OL58634336M,Roy Harvey Pearce,Introduction,,,
OL41581278M,Daphne Xybara,Contributor,,,
OL48906333M,Roger Grass,Contributor,,,
OL58914342M,,,Nathaniel Hawthorne,,
OL39806295M,,,Nasani'er Huosang zhu ; Yao Naiqiang yi,,
OL33219890M,,,"Nathaniel Hawthorne. Aus dem Engl. von Franz Blei. Mit einem Nachw., einer Zeittaf. zu Hawthorne, Anm. und bibliogr. Hinweisen von Hans-Joachim Lang",,
OL58641735M,,,Nathaniel Hawthorne; literally reprinted from the first edition with fifteen original colored illustrations by A. Robaudi and C. Graham,,
OL42928184M,"Lathrop, George Parsons",Introduction,,,
OL39199769M,,,Nathaniel Hawthorne ; traducción de J. Donoso y P. Serrano,,
OL37750002M,,,Nathaniel Hawthorne ; przełożyła Bronisława Bałutowa,,
OL33087188M,,,by Nathaniel Hawthorne ; [with an afterword by D.H. Lawrence],,
OL32768217M,,,Nathaniel Hawthorne,,
OL31098775M,,,by Nathaniel Hawthorne ; afterword by Carter Kaplan,,
OL31598896M,,,Nathaniel Hawthorne,,
OL29575063M,,,Nathaniel Hawthorne,,
OL32774065M,,,"Nathaniel Hawthorne. Aus dem Amerikan. von Franz Blei. Durchges. und um ""Das Zollhaus"" erg. von Ruth und Hans-Joachim Lang. Mit einem Essay von Binnie Kirshenbaum in der Übers. von Patricia Reimann. Mit Anm. und einer Zeittaf. von Hans-Joachim Lang",,
OL32797764M,,,Nathaniel Hawthorne,,
OL31170031M,,,by Nathaniel Hawthorne ; illustrated by Mary Hallock Foote,,
OL30727646M,,,Nathaniel Hawthorne ; introduction and notes by Anissa M. Graham,,
OL31901618M,A. Ruste,Translator,,eng,The scarlet letter
OL24356706M,Nel Bakker,Translator,Nathaniel Hawthorne ; vert. [en naw.]: Nel Bakker,eng,The scarlett letter
OL32109019M,,,With a foreword by Leo Marx,,
OL32139851M,,,Nathaniel Hawthorne,,
OL26328855M,,,by Nathaniel Hawthorne,,
OL32139850M,,,Nathaniel Hawthorne,,
OL26906777M,,,Huo Sang chu,,
OL24717381M,,,Traduccio d'Antoni Rovira i Virgili,,
OL24533140M,,,Nathaniel Hawthorne,,
OL25536795M,,,Nathaniel Hawthorne ; retold by John Escott ; illustrated by Thomas Sperling,,
OL26562377M,,,introd. by John C. Gerber,,
OL6518055M,,,mit einer einleitung von Heinrich Straumann.,,
OL26445688M,,,Huosang zhu ; Yu Shixiong deng yi,,
OL26283660M,,,Ho so n saku ; Yagi Toshio yaku,,
OL24951151M,,,Nathaniel Hawthorne,,
OL25716059M,Megan Wilson,Cover Design,,,
OL27086347M,,,Nathaniel Hawthorne ; [edited by Philip M. Parker],,
OL25541989M,,,Nathaniel Hawthorne ; [edited by Philip M. Parker],,
OL26575162M,,,Kenneth S. Lynn,,
OL26340347M,,,Nathaniel Hawthorne,,
OL24502212M,,,Nathaniel Hawthorne,,
OL24369429M,,,by Nathaniel Hawthorne,,
OL6703005M,,,by Nathaniel Hawthorne; with an introduction by Elizabeth Deering Hanscom ...,,
OL24178927M,,,by Nathaniel Hawthorne,,
OL5823171M,,,[by] Kenneth S. Lynn.,,
OL25549521M,,,Nathaniel Hawthorne,,
OL27086346M,,,Nathaniel Hawthorne ; [edited by Philip M. Parker],,
OL18093529M,,,edited by Ross C. Murfin.,,
OL17637358M,,,With contemporary illus. and a foreword by Basil Davenport.,,
OL6907287M,,,por Nataniel Hawthorne; versión castellana de Francisco Sellén.,,
OL6898406M,,,Nathaniel Hawthorne ; [annotations by] Robert D. Shepherd.,,
OL17638130M,,,by Nathaniel Hawthorne. ; Designed and illustrated by W. A. Dwiggins.,,
OL4612526M,,,by Nathaniel Hawthorne ; illustrated by Bernard Fuchs.,,
OL23961976M,,,Nathaniel Hawthorne.,,
OL22105695M,,,by Nathaniel Hawthorne.,,
OL5906655M,,,"by Nathaniel Hawthorne, and The life of Hawthorne, by Henry James. With an introd. A.G. George.",,
OL17722267M,,,by Nathaniel Hawthorne ; [illustrated by W.A. Dwiggins],,
OL26337440M,,,Nathaniel Hawthorne ; with an afterword by Jonty Claypole,,
OL26562376M,,,introd. by John C. Gerber,,
OL15058914M,,,by Norman Holmes Pearson.,,
OL26331797M,,,Nathaniel Hawthorne,,
OL26585653M,,,Nathaniel Hawthorne ; edited by Ross C. Murfin,,
OL178563M,,,by Nathaniel Hawthorne. Illustrated by George H. Boughton ...,,
OL6431797M,,,"by Nathaniel Hawthorne, with lithographs by Henry Varnum Poor and an introduction by Dorothy Canfield.",,
OL4878804M,,,Nathaniel Hawthorne ; with fifteen original ill. by A. Robaudi and C. Graham.,,
OL6470742M,,,by Nathaniel Hawthorne.  This edition illustrated with wood blocks designed and engraved by Valenti Angelo.,,
OL24115169M,,,Nathaniel Hawthorne.,,
OL24993628M,,,by Nathaniel Hawthorne,,
OL24255511M,,,Nathaniel Hawthorne.,,
OL2216739M,,,by Nathaniel Hawthorne.,,
OL1081869M,,,Nathaniel Hawthorne.,,
OL23655228M,,,Nathaniel Hawthorne ; introduction by Michael J. Colacurcio.,,
OL23770161M,,,Nathaniel Hawthorne.,,
OL5849784M,,,"Edited by Sculley Bradley, Richmond Croom Beatty [and] E. Hudson Long.",,
OL3957723M,,,Nathaniel Hawthorne ; edited by Rita K. Gollin.,,
OL1573564M,,,Nathaniel Hawthorne.,,
OL13571514M,,,by Nathaniel Hawthorne.,,
OL2201250M,,,Nathaniel Hawthorne ; edited with an introduction by Brian Harding.,,
OL6902429M,,,by Nathaniel Hawthorne; with illustrations in photogravure by F.O.C. Darley.,,
OL7071824M,,,by Nathaniel Hawthorne.,,
OL22607390M,,,by Nathaniel Hawthorne.,,
OL3794351M,,,Nathaniel Hawthorne.,,
OL4875931M,,,With a critical and biographical profile of Nathaniel Hawthorne by Norman Holmes Pearson.,,
OL7163660M,,,by Nathaniel Hawthorne ; with illustrations by Hugh Thomson.,,
OL6622113M,,,"by Nathaniel Hawthorne ; edited, with introduction and notes, by Claire Soulé Seay.",,
OL22837739M,,,by Nathaniel Hawthorne ; with eight illustrations by T.H.Robinson.,,
OL24574191M,,,Nathaniel Hawthorne ; introduction by Michael J. Colacurcio,,
OL13448421M,,,by Nathaniel Hawthorne.,,
OL5792011M,,,Edited with an introd. and notes by Harry Levin.,,
OL13910243M,,,by Nathaniel Hawthorne ; illustrated by Frank McKenna.,,
OL7173915M,,,by Nathaniel Hawthorne.,,
OL16331377M,,,[by] Nathaniel Hawthorne. With an introduction by Douglas Grant,,
OL19817409M,,,by Nathaniel Hawthorne ; adapted and edited by Herbert Spencer Robinson,,
OL23139265M,,,Nathaniel Hawthorne ; edited with notes by Brian Harding ; with a new introduction by Cindy Weinstein.,,
OL2841297M,,,by Nathaniel Hawthorne ; illustrated by Hugh Thomson.,,
OL7116104M,,,by Nathaniel Hawthorne ; with an introduction by George Parsons Lathrop.,,
OL965764M,,,Nathaniel Hawthorne.,,
OL23935062M,,,Nathaniel Hawthorne ; edited by Mary R. Reichardt .,,
OL22417025M,,,[edited and] with an introduction by Douglas Grant.,,
OL13825160M,,,by Nathaniel Hawthorne ; with illustrations by Hugh Thomson.,,
OL23576097M,,,Nathaniel Hawthorne.,,
OL6150164M,,,adapted and edited by Herbert Spencer Robinson.,,
OL7061821M,,,By Nathaniel Hawthorne.,,
OL3378555M,,,Nathaniel Hawthorne ; edited by John Stephen Martin.,,
OL19285577M,,,Nathaniel Hawthorne :,,
OL13570445M,,,by Nathaniel Hawthorne.,,
OL17793618M,,,Nathaniel Hawthorne.,,
OL17728063M,,,Nathaniel Hawthorne ; illustrated by Hugh Thomson.,,
OL2718757M,,,Nathaniel Hawthorne ; illustrated by Barry Moser ; with an introduction by Alexander Eliot.,,
OL1744068M,,,Nathaniel Hawthorne ; with an introduction by Alfred Kazin.,,
OL24832611M,,,by Nathaniel Hawthorne,,
OL17859413M,,,"by Nathaniel Hawthorne, edited with introduction and notes, by Ernest E. Leisy.",,
OL24103715M,,,Nathaniel Hawthorne ; introduction by Michael J. Colacurcio.,,
OL1278924M,,,Nathaniel Hawthorne.,,
OL13808544M,,,frontispiece by T. Eyre Macklin.,,
OL24938723M,,,"Nathaniel Hawthorne ; with an introduction and notes by Nancy Stade ; George Stade, consulting editorial director",,
OL4098972M,,,Nathaniel Hawthorne.,,
OL10146559M,Brian Harding,Editor,Nathaniel Hawthorne ; edited with notes by Brian Harding ; with a new introduction by Cindy Weinstein,,
OL10146559M,Brian Harding,Notes by,Nathaniel Hawthorne ; edited with notes by Brian Harding ; with a new introduction by Cindy Weinstein,,
OL10146559M,Cindy Weinstein,Introduction,Nathaniel Hawthorne ; edited with notes by Brian Harding ; with a new introduction by Cindy Weinstein,,
OL18562705M,Russell Banks,Introduction,,,
OL18562705M,David Frampton,Woodcuts,,,
OL23698117M,,,Nathaniel Hawthorne.,,
OL5603833M,,,"With an introd., a note on the text, a bibliography, and an annotated chronology, prepared by Hyatt H. Waggoner and George Monteiro.",,
OL17639716M,,,"by Nathaniel Hawthorne, with an introduction by George Parsons Lathrop.",,
OL13769607M,,,[designed and illustrated by W.A. Dwiggins].,,
OL2431219M,,,Nathaniel Hawthorne ; illustrated by David Klein.,,
OL5630366M,,,Introd. by Alan B. Donovan.,,
OL646391M,,,Netheniyala Hothorna ; anuvādaka Viśvanātha Maganalāla Bhaṭṭa.,,
OL6776141M,,,by Nathaniel Hawthorne.,,
OL17793709M,,,[Designed and illustrated by W. A. Dwiggins],,
OL22012253M,,,"Nathaniel Hawthorne ; an authoritative text, backgrounds and sources, criticism ; ed. by Sculley Bradley ... [et al.].",,
OL6500476M,,,"by Nathaniel Hawthorne, with illustrations by Nell Booker; introduction by Carl Van Doren.",,
OL6902428M,,,By Nathaniel Hawthorne.,,
OL13754316M,,,introduction by Roy Harvey Pearce.,,
OL21385407M,,,Nathaniel Hawthorne ; introduction by William Charvat.,,
OL23035075M,,,Nataniel Hawthorne ; edited by Susan S. Williams.,,
OL22975808M,,,by Nathaniel Hawthorne.,,
OL13750288M,,,with a critical and biographical profile of Nathaniel Hawthorne by Norman HolmesPearson.,,
OL24368406M,,,by Nathaniel Hawthorne. With an afterword by Maxwell Geismar,,
OL22817421M,,,Nathaniel Hawthorne.,,
OL17920846M,,,Nathaniel Hawthorne ; with an introduction by Nina Baym and notes by Thomas E. Connolly.,,
OL24954835M,,,by Nathaniel Hawthorne ; with an afterword by Maxwell Geismar,,
OL7129982M,,,By Nathaniel Hawthorne.,,
OL2389324M,,,[Nathaniel Hawthorne] ; edited by Seymour Gross ... [et al.].,,
OL23157799M,,,Nathaniel Hawthorne ; with features written by Philip Wilkinson.,,
OL24116487M,,,Nathaniel Hawthorne ; introduction by Michael J. Colacurcio.,,
OL6761616M,,,by Nathaniel Hawthorne ; ill. by Joanne Pursell.,,
OL3314873M,,,Nathaniel Hawthorne.,,
OL6614968M,,,with an introduction by Stuart P. Sherman.,,
OL2871634M,,,Nathaniel Hawthorne ; illustrations by Robert Quackenbush ; afterword by James Guimond.,,
OL7106163M,,,By Nathaniel Hawthorne.,,
OL23164877M,,,by Nathaniel Hawthorne.,,
OL7253386M,,,by Nathaniel Hawthorne.,,
OL7384018M,Brian Harding,Introduction,,,
OL7384018M,Brian Harding,Notes by,,,
OL3775649M,,,by Nathaniel Hawthorne.,,
OL3960645M,,,Nathaniel Hawthorne.,,
OL23770197M,,,Nathaniel Hawthorne ; edited with an introd. and notes by Harry Levin.,,
OL13672712M,,,introduction by John C. Gerber.,,
OL13955897M,,,introduction by R. W. Butterfield.,,
OL24060064M,,,Nathaniel Hawthorne.,,
OL17721672M,,,Introduction by R. W. Butterfield.,,
OL6699910M,,,by Nathaniel Hawthorne; introduction by William Lyon Phelps.,,
OL13863136M,,,Nathaniel Hawthorne ; introduction by R.W.  Butterfield.,,
OL23953897M,,,Nathaniel Hawthorne ; introduction by Michael J. Colacurcio.,,
OL17804919M,,,With a foreword by Leo Marx.,,
OL6902430M,,,by Nathaniel Hawthorne.,,
OL460475M,,,Nathaniel Hawthorne ; edited with an introduction and notes by Brian Harding.,,
OL22606676M,,,Nathaniel Hawthorne ; edited by John Stephen Martin.,,
OL3432629M,,,Nathaniel Hawthorne ; supplementary materials written by Margaret Brantley.,,
OL23141739M,,,"by Nathaniel Hawthorne ; Gert Coleman, editor ; illustrations by Adam Bridgewater.",,
OL1487806M,,,Nathaniel Hawthorne ; introduced by Christopher Bigsby.,,
OL4554856M,,,Nathaniel Hawthorne ; edited by Sculley Bradley ... [et al.].,,
OL17728066M,,,[Designed and illustrated by W. A. Dwiggins],,
OL17190143M,,,Nathaniel Hawthorne ; edited by Ross C. Murfin,,
OL6072614M,,,introd. by John C. Gerber.,,
OL1272961M,,,Nathaniel Hawthorne.,,
OL23257805M,,,Nathaniel Hawthorne ; illustrations by Robert Quackenbush ; afterword by James Guimond.,,
OL2224771M,,,Nathaniel Hawthorne ; edited by Ross C. Murfin.,,
OL5681940M,,,Introd. by Edwin H. Cady.,,
OL22866899M,,,by Nathaniel Hawthorne.,,
OL13648387M,,,(by) Nathaniel Hawthorne ; with a general introduction by David Levin.,,
OL5235470M,,,Edited with notes by Toshisaburo Koyama.,,
OL22784957M,,,"by Nathaniel Hawthorne ; illustrated with scenes from the photoplay, a Metro-Goldwyn-Mayer picture starring Lillian Gish.",,
OL6026934M,,,Nathaniel Hawthorne.,,
OL24637595M,,,by Nathaniel Hawthorne,,
OL23080837M,,,[Nathaniel Hawthorne].,,
OL24508708M,,,by Nathaniel Hawthorne,,
OL22866944M,,,Nathaniel Hawthorne.,,
OL24929973M,,,by Nathaniel Hawthorne,,
OL13777466M,,,introduction by Roy Harvey Pearce.,,
OL3504140M,,,Nathaniel Hawthorne ; with an introduction by Nina Baym and notes by Thomas E. Connolly.,,
OL5858646M,,,Edited with an introd. by Larzer Ziff.,,
OL23677037M,,,Nathaniel Hawthorne ; edited by Mary R. Reichardt ; [series editor] Joseph Pearce.,,
OL5535390M,,,"Edited, with an introd., by Terence Martin.",,
OL24381756M,,,by Nathaniel Hawthorne,,
OL6785873M,,,Nathaniel Hawthorne ; introduction by Kathryn Harrison ; notes by Gretchen Short.,,
OL3561335M,,,Nathaniel Hawthorne.,,
OL22147510M,,,Nathaniel Hawthorne ; introd. by R. W. Butterfield.,,
OL22971732M,,,Huo Sang zhu ; Hu Yün-heng yi.,,
OL19577381M,,,Nasani'er Huosang zhu ; Shi Hang yi.,,
OL22953085M,,,Huo Sang chu.,,
OL20382485M,,,Wu guangjian xuan yi.,,
OL24423058M,Percy Dearmer,Introduction,,,
OL24423058M,Thomson,Portrait,,,
OL24423058M,"Morrison and Gibb Limited, Edinbrugh",Printer,,,
OL23019631M,,,"Nathaniel Hawthorne ; prólogo, Jesús Aguirre, Duque de Alba ; traduccion, A. Ruste.",,
OL23001887M,,,Huosang zhu ; Huang Youling yi.,,
OL24943854M,,,Anne Weale,,
OL2872281M,,,Nathaniel Hawthorne ; illustrated by Barry Moser ; with an introduction by Alexander Eliot.,,
OL20937636M,,,Nathaniel Hawthorne.,,
OL22858534M,,,Nathaniel Hawthorne ; with an introduction and notes by Nancy Stade.,,
OL4765776M,,,Nathaniel Hawthorne ; illustrated by Elaine Raphael and Don Bolognese.,,
OL6068249M,,,with an introduction by Newton Arvin.,,
OL23032908M,,,Nathaniel Hawthorne ; [reložila Jarmila Fastrová].,,
OL20186507M,,,Nathaniel Hawthorne.,,
OL23573425M,,,Nās̲ānyil Hās̲ūrn ; tarjamah-ʼi Sīmīn Dānishvar.,,
OL14977688M,,,by Anne Weale.,,
OL24934761M,,,by Nathaniel Hawthorne,,
OL13910242M,,,by Nathaniel Hawthorne.,,
OL6731538M,,,"by Nathaniel Hawthorne, edited with introduction and notes, by Ernest E. Leisy ...",,
OL24941731M,,,Nathaniel Hawthorne,,
OL23623038M,,,Nathaniel Hawthorne.,,
OL749854M,,,Nathaniel Hawthorne ; edited by Susan Cockcroft.,,
OL23392391M,,,Nathaniel Hawthorne.,,
OL3328194M,,,Nathaniel Hawthorne.,,
OL23711975M,,,Nathaniel Hawthorne ; edited by Mary R. Reichardt .,,
OL2389024M,,,Nathaniel Hawthorne ; illustrated by Hugh Thomson.,,
OL17623292M,,,Nathaniel Hawthorne.,,
OL6805556M,,,by Nathaniel Hawthorne.,,
OL24043675M,,,Nathaniel Hawthorne.,,
OL22943489M,,,Huosang zhu.,,
OL24932876M,,,Anne Weale,,
OL23188639M,,,Lucy Monroe.,,
OL20716474M,,,by Georgette Heyer.,,
OL60555757M,,,,eng,
OL27954433M,,,,eng,Regretting You
OL38778104M,Milo Krmpotic,Translator,,eng,Regretting You
OL50536200M,Fernando Mateus,Cover Design,,,
OL25109138M,,,by Georgette Heyer,,
OL15126035M,,,Georgette Heyer.,,
OL24108081M,,,Georgette Heyer ; with a foreword by Candace Camp.,,
OL3417832M,,,by Georgette Heyer.,,
OL14981150M,,,by Anne Mather.,,
OL1645884M,,,by Karen Van der Zee.,,
OL3388071M,,,Sara Craven.,,
OL2673629M,,,by Carole Mortimer.,,
OL21871872M,,,by Margaret Way.,,
OL26329428M,,,Georgette Heyer ; with a foreword by Candace Camp,,
OL20810242M,,,Georgette Heyer.,,
OL23991873M,,,Georgette Heyer ; with a foreword by Candace Camp.,,
OL1541683M,,,Georgette Heyer.,,
OL14978346M,,,by Anne Mather.,,
OL14977359M,,,byAnne Mather.,,
OL35273033M,Tanya Eby,Narrator/Reader,,,
OL35273033M,Lauren Ezzo,Narrator/Reader,,,
OL30615043M,Tanya Eby,Narrator/Reader,,,
OL30615043M,Lauren Ezzo,Narrator/Reader,,,
OL20268643M,,,Lindsay Armstrong.,,
OL14991465M,,,Georgette Heyer.,,
OL31996716M,Anne Flosnik,Narrator/Reader,,,
OL22264231M,,,Amanda Quick.,,
OL24518375M,,,Anonymous,,
OL60560174M,Yiʹsraelah Ḳaltsel,Translator,"Amandah Ḳṿiḳ ; ʻIvrit, Yiśraʾelah Ḳaltsel",,Rendezvous
OL35620856M,Ana Mazia,Translator,,,Rendezvous
OL12514412M,,,,,Rendezvous
OL21524717M,,,Amanda Quick.,,
OL22568153M,,,Amanda Quick.,,
OL12960873M,,,,,Rendezvous
OL24918778M,,,by Julie Garwood,,
OL37444209M,Andrea Gouveia,Editor,,,
OL23202440M,,,by Georgette Heyer.,,
OL26648719M,,,Amanda Quick ; [trad. de l'anglais par Martine Bruce],,Rendezvous
OL1716173M,,,Amanda Quick.,,
OL25416452M,Dr. Nickelby Wessington-Worth,Foreword,,,
OL23240893M,,,Clarice Lispector ; translated with an afterword by Giovanni Pontiero.,,
OL59157015M,,,,eng,War of the worlds
OL59049676M,Henrique Alvim-Corrêa,Illustrator,,,
OL59049676M,Lesley Gray,Introduction,,,
OL34242741M,Leonardo Pablo Federico Sanchez Alonso,Translator,,,
OL27198295M,,,Hebote Qiaozhi Wei'ersi zhu ; Dai'en yi = The war of the worlds / Herbert George Wells,,
OL24896411M,,,"Clarice Lispector ; translated, with an afterword, by Giovanni Pontiero ; introduction by Colm Tóibín",,
OL23046377M,,,Clarice Lispector.,,
OL16790603M,,,Clarice Lispector.,,
OL2306073M,,,Clarice Lispector ; translated with an afterword by Giovanni Pontiero.,,
OL1550308M,,,Clarice Lispector ; translated with an afterword by Giovanni Pontiero.,,
OL22334301M,,,Clarice Lispector ; translated with an afterword by Giovanni Pontiero.,,
OL17401380M,,,Clarice Lispector.,,
OL58013422M,Joe Mugaini,Illustrator,,,
OL58013422M,J. B. Priestly,Introduction,,,
OL34165613M,Matias Alonso,Translator,,,
OL26801125M,,,,eng,The War of the Worlds
OL33009762M,,,H.G. Wells ; traducción de Julio Vacareza,,
OL32114225M,,,H.G. Wells ; trad. de l'anglais par Henry D. Davray,,
OL4316286M,,,Clarice Lispector.,,
OL15083909M,,,Clarice Lispector ; translated with an afterword by Giovanni Pontiero.,,
OL14423556M,,,Clarice Lispector,,
OL35693081M,Victor Burton,Designer,,,
OL35693081M,Anderson Junqueira,Designer,,,
OL35693081M,Clarice Lispector,Cover Art,,,
OL59049253M,"Miller, Aaron",Additional Author (this edition),,,
OL59049232M,D. Hollis Anderson,Introduction,with Intro by D. Hollis Anderson,,
OL59048045M,Henrique Alvin Correa,Illustrator,with the original illustrations by Henrique Alvin Correa,,
OL55932335M,,,,,The war of the worlds
OL52153465M,H. G. Wells,Author name as appears on this edition,,eng,The War of the Worlds
OL52153465M,María Cecilia Lozano,Translator,,eng,The War of the Worlds
OL25656925M,,,H.-G. Wells ; traduit de l'Anglais par Henry D. Davray ; édition illustrée par Alvim-Corrêa,,
OL33042326M,,,H.G. Wells ; vert. [uit het Engels] door Arie Storm,,
OL28800456M,Protobunker Studio,Illustrator,,,
OL28800456M,Jose Ruiz,Illustrator,,,
OL28800456M,Tod Smith,Illustrator,,,
OL28800456M,Davis Worth Miller,Adaptation of original work by,,,
OL35382486M,Ramiro de Maeztu,Translator,,eng,The War of the Worlds
OL35382484M,,,,eng,The War of the Worlds
OL35382483M,,,,eng,The War of the Worlds
OL31096M,,,H.G. Wells ; adapted by Bob Blaisdell ; illustrated by John Green.,,
OL35382479M,Ramiro de Maeztu,Translator,,eng,The War of the Worlds
OL35382485M,Julio Vaccareza,Translator,,eng,The War of the Worlds
OL1004006M,,,H.G. Wells.,,
OL7003374M,,,by H.G. Wells ...,,
OL6475751M,,,by H.G. Wells.,,
OL3943352M,,,H.G. Wells ; illustrated by Tom Kidd ; afterword by Peter Glassman.,,
OL20812220M,,,H.G. Wells ; introduced by Arthur C. Clarke.,,
OL14842124M,,,by H.G. Wells.,,
OL5906325M,,,Illustrated by Joe Mugnaini. Introd. by J. B. Priestley.,,
OL24056945M,,,H.G. Wells ; edited by Denton Cairnes ; afterword by Beth Johnson.,,
OL35224287M,Common Dyslexia-friendly,Editor,,,
OL23766759M,,,by H.G. Wells.,,
OL21190356M,,,,eng,The War of the Worlds
OL1564991M,,,with introduction and notes by David Y. Hughes and Harry M. Geduld.,,
OL3393466M,,,H.G. Wells ; illustrated by Edward Gorey.,,
OL26500826M,Benjamin Briggent,Translator,,eng,The War of the Worlds
OL22293467M,,,by H.G. Wells.,,
OL18331267M,,,H.G. Wells.,,
OL5906034M,,,H.G. Wells ; introduction by J.B. Priestley ; illustrated by Joe Mugnaini.,,
OL22611179M,,,(by) H.G. Wells.,,
OL22328262M,,,by H. G. Wells.,,
OL19084146M,,,by H.G. Wells.,,
OL13562583M,,,by H.G. Wells.,,
OL24093138M,,,H.G. Wells ; edited by Denton Cairnes ; afterword by Beth Johnson.,,
OL3034025M,,,"H.G. Wells ; ilustrações, Alvim Corrêa ; tradução, Raul de Sá Barbosa.",,
OL9174838M,,,,eng,The War of the Worlds
OL23023180M,Domingo Santos,Translator,,eng,The War of the Worlds
OL23023180M,Nicolás Casariego,Prologue,,eng,The War of the Worlds
OL22812547M,,,H.G. Wells.,,
OL5799933M,,,Illustrated by Edward Gorey.,,
OL13856774M,,,traduit de l'anglais par HenryD. Davray.,,
OL22068082M,,,H. G. Wells.,,
OL26968644M,,,H. G. Wells,eng,The War of the Worlds
OL24223358M,Orson Scott Card,Introduction,with an introduction by Orson Scott Card.,,
OL34963457M,Denise McTighe,Editor,,,
OL34963457M,Randy Sookanan,Introduction,,,
OL35296119M,Paula Benitez,Editor,,,
OL17922630M,,,H.G. Wells ; edited by Patrick Parrinder ; with an introduction by Brian Aldiss and notes by Andy Sawyer.,,
OL20890089M,,,på dansk ved Jannick Storm.,,
OL24041492M,,,"Khėrbert Zh. Velʹs ; Angli khėlnėės orchuulsan, P. Naransumʺii︠a︡, N. Mishėėl ; orchuulgyn redaktor bȯgȯȯd ȯmnȯkh u̇giĭg bichsėn P. Ni︠a︡mdavaa.",,
OL28885218M,Julio Vacarezza,Translator,,eng,The War of the Worlds
OL28885218M,Félix G. Palma,Introduction,,eng,The War of the Worlds
OL27095086M,,,H.G. Wells,,
OL26344121M,,,H.G. Wells,,
OL26240833M,Domingo Santos,Translator,,eng,The War of the Worlds
OL25624343M,Ramiro de Maeztu,Translator,,eng,The War of the Worlds
OL25624343M,Ana Conejo,Introduction,,eng,The War of the Worlds
OL25624343M,Ana Conejo,Appendix,,eng,The War of the Worlds
OL25624343M,Enrique Flores,Illustrator,,eng,The War of the Worlds
OL13192591M,Ramiro de Maeztu,Translator,,eng,The War of the Worlds
OL31164104M,,,H.G. Wells ; illustrated by Scott McKowen,,
OL7513512M,,,With An Introduction By Orson Scott Card,,
OL9330260M,,,,eng,The War of the Worlds
OL24243973M,Kathryn Knight,Editor,,,
OL24243973M,Renee Morton,Text Design,,,
OL24243973M,Katherine Van Mol,Cover Designer,,,
OL24243973M,Jim Salvati,Cover artist,,,
OL19014408M,,,by H. G. Wells.,,
OL23208512M,,,H.G. Wells ; with a new introduction by Karl Kroeber and with an afterword by Isaac Asimov.,,
OL22326390M,,,H.G. Wells ; in the collected Essex edition.,,
OL23766809M,,,by H.G. Wells.,,
OL14976554M,,,by Anne Weale.,,
OL25567218M,,,H. G. Wells ; Retold by David Maule,,
OL9155129M,Julio Vacareza,Translator,,eng,The War of the Worlds
OL9116348M,Ramiro de Maeztu,Translator,,eng,The War of the Worlds
OL13187963M,Ramiro de Maeztu,Translator,,eng,The War of the Worlds
OL13187963M,Eugenio Darnet,Illustrator,,eng,The War of the Worlds
OL13354862M,Ramiro de Maeztu,Translator,,eng,The War of the Worlds
OL3946486M,,,H.G. Wells.,,
OL3392127M,,,H.H. Wells ; essays edited by Glenn Yeffeth.,,
OL22934376M,,,H. G. Wells.,,
OL1102336M,,,H.G. Wells ; edited by David Y. Hughes ; with an introduction by Brian W. Aldiss.,,
OL23174947M,,,by H. G. Wells.,,
OL23009429M,,,H.G. Wells.,,
OL6796608M,,,H.G. Wells ; edited by Leon Stover.,,
OL9524394M,,,,eng,The War of the Worlds
OL5768697M,,,"[by] H. G. Wells, with a general introduction by Frank Wells, original illustrations by Graham Byfield.",,
OL16173232M,,,traduit de l'anglais par HenryD. Davray.,,
OL35353714M,Ramiro de Maeztu,Translator,,eng,The War of the Worlds
OL35353714M,Constantino Bértolo Cadenas,Appendix,,eng,The War of the Worlds
OL35353714M,Mario Lacoma,Illustrator,,eng,The War of the Worlds
OL18817243M,,,Penny Jordan.,,
OL17951315M,,,Penny Jordan.,,
OL9875101M,Domingo Santos,Translator,,eng,The War of the Worlds
OL9875101M,Nicolás Casariego,Prologue,,eng,The War of the Worlds
OL31018611M,,,by H. G. Wells,,
OL9149194M,,,,eng,The War of the Worlds
OL22345697M,,,(by) H.G. Wells.,,
OL22042701M,,,H. G. Wells.,,
OL15358134M,,,by H.G. Wells.,,
OL24000411M,,,H.G. Wells ; edited by Denton Cairnes ; afterword by Beth Johnson.,,
OL22756753M,,,"H.G.Wells ; retold by David Maule, series editors: Andy Hopkins and Jocelyn Potter.",,
OL19826603M,,,H. G. Wells ; traduit par Henry D. Davray,,
OL1117502M,,,H.G. Wells.,,
OL24937296M,,,Anne Weale,,
OL3283239M,,,Gayle Callen.,,
OL32141809M,,,Carole Mortimer,,
OL2866201M,,,Jean S. MacLeod.,,
OL59279598M,,,,,Fried Green Tomatoes at the Whistle Stop Cafe
OL22909847M,,,Fannie Flagg.,,
OL1290455M,,,Fannie Flagg.,,
OL3434036M,,,Fannie Flagg.,,
OL14979898M,,,by Mary Burchell.,,
OL14978198M,,,by Carole Mortimer.,,
OL14977908M,,,by Penny Jordan.,,
OL2033228M,,,Fannie Flagg.,,
OL21992512M,,,Fannie Flagg.,,
OL3568860M,,,Fannie Flagg.,,
OL15235880M,,,traduit de l'américain par Philippe Romard.,,
OL23019687M,,,"Fannie Flagg ; [traducción, Víctor Pozanco].",,
OL26483928M,,,Flagg Fannie ; Izumi Akiko,,
OL27118176M,,,Fenni Flegg ; perevod s angliĭskogo D.V. Krupskoĭ,,
OL27194892M,,,Anna Todd,,
OL14978866M,,,Charlotte Lamb.,,
OL15003118M,,,Fannie Flagg,,
OL2383989M,,,Fannie Flagg.,,
OL22298123M,,,Fannie Flagg.,,
OL42639M,,,Fannie Flagg.,,
OL6799278M,,,Fannie Flagg.,,
OL28685085M,,,Fannie Flagg ; [trad. de l'américain par Philippe Rouard],,
OL1975994M,,,by Madeleine Ker.,,
OL14977710M,,,by Margaret Way.,,
OL26330295M,,,Helen Bianchin,,
OL24738370M,,,Penny Jordan,,
OL22238646M,,,by Sandra Field.,,
OL28370802M,,,Sandra Brown,,
OL3954597M,,,Sandra Brown.,,
OL15321599M,,,Sandra Brown,,
OL14978187M,,,by Elizabeth Graham.,,
OL14976759M,,,by Janice Gray.,,
OL21366017M,,,Sally Wentworth.,,
OL14977002M,,,by Sally Wentworth.,,
OL10691743M,,,Madeleine Ker,,
OL24751489M,,,Lucy Gordon,,
OL21222190M,,,by Margaret Way.,,
OL24959039M,,,by Margaret Way,,
OL32700793M,,,Helen Bianchin,,
OL21222710M,,,Penny Jordan.,,
OL1645937M,,,by Penny Jordan.,,
OL14977701M,,,by Sandra Field.,,
OL27135443M,,,Sandra Braun ; [perevod s angliĭskogo K.V. Bugaevoĭ],,
OL14978345M,,,by Jean S. MacLeod.,,
OL14977887M,,,by Margaret Way.,,
OL10738353M,,,Sandra Field,,
OL21310122M,,,by Sandra Field.,,
OL38344994M,,,,,The Tides of Summer
OL22379954M,,,Kerry Allyne.,,
OL14978305M,,,by Kerry Allyne.,,
OL37735949M,,,Sandra Brown. Aus dem Amerikan. von Johannes Heitmann,,
OL22370183M,,,Sandra Brown.,,
OL26523721M,,,by Kay Thorpe,,
OL32714260M,,,by Michelle Reid,,
OL1560669M,,,Sally Wentworth.,,
OL14980748M,,,by Carole Mortimer.,,
OL10738265M,,,Carole Mortimer,,
OL24200207M,,,Nora Roberts.,,
OL1870961M,,,Charlotte Lamb.,,
OL24373757M,,,Charlotte Lamb,,
OL21310124M,,,by Kathryn Cranmer.,,
OL24740063M,,,Charlotte Lamb,,
OL24213063M,,,by Violet Winspear.,,
OL52455847M,Ana Isabel Sánchez Díez,Translator,,,
OL52455847M,Ali Hazelwood,Author name as appears on this edition,,,
OL38628096M,,,,eng,The Love Hypothesis
OL37803633M,Ana Isabel Sánchez Díez,Translator,,eng,The Love Hypothesis
OL21221285M,,,by Charlotte Lamb.,,
OL26950436M,,,Gail Honeyman ; traducción de Julia Osuna Aguilar,,
OL2672998M,,,by Carole Mortimer.,,
OL32118177M,,,Nora Roberts ; traduit de l'anglais (États-Unis) par Isabelle St. Martin,,
OL60989359M,Marjet Schumacher,Translator,,eng,The Love Hypothesis
OL44945594M,Célia Correia Loureiro,Translator,,,
OL14978358M,,,by Kathryn Cranmer.,,
OL26959023M,,,Gail Honeyman,,
OL26415368M,,,Emilie Loring,,
OL15139923M,,,(by) Emilie Loring.,,
OL32370098M,,,Sarah Morgan,,
OL23877639M,,,Trish Morey.,,
OL33408218M,Daniel Philpott,Narrator/Reader,,,
OL14980884M,,,by Robyn Donald.,,
OL4408415M,,,Emilie Loring.,,
OL5617405M,,,[by] Emilie Loring.,,
OL24207490M,,,Trish Morey,,
OL1823340M,,,Robyn Donald.,,
OL24210943M,,,Emilie Loring,,
OL4898714M,,,Emilie Loring.,,
OL1301865M,,,by Catherine George.,,
OL30098438M,,,by Lynne Graham,,
OL17328745M,,,by Betty Neels.,,
OL1627307M,,,by Penny Jordan.,,
OL17493228M,,,Emma Darcy.,,
OL17403942M,,,by Emma Darcy.,,
OL31992151M,,,Patricia Wilson,eng,The gift of loving
OL36627342M,,,"Lao lun si, bi bing bin",,
OL44984762M,,,D.H. Lawrence ; traduit de l'anglais par Maurice Rancès,,
OL3473596M,,,Georgette Heyer ; with a foreward by Cathy Maxwell.,,
OL16521663M,,,Georgette Heyer.,,
OL35720855M,,,"D.H. Lawrence ; [traducción, José Jiménez Blanco con la colaboración de Balbina Ruiz Campuzano]",,
OL23757830M,,,by David Herbert Lawrence. With an introduction by Richard Aldington.,,
OL25185869M,,,by Georgette Heyer,,
OL21647918M,,,(by) Georgette Heyer.,,
OL55394324M,Howard Rubin,Editor,,,
OL21821874M,,,Penny Jordan.,,
OL3107943M,,,by Anne Mather.,,
OL14977442M,,,by Robyn Donald.,,
OL21365022M,,,Robyn Donald.,,
OL22994721M,,,Nora Roberts ; [perevod s angliĭskogo I. Faĭnshteĭn].,,
OL24219080M,,,Nora Roberts.,,
OL355063M,,,Nora Roberts.,,
OL31914316M,,,by Margaret Rome,,
OL1089881M,,,Robyn Donald.,,
OL32203912M,,,,eng,
OL1612940M,,,by Penny Jordan.,,
OL24949344M,,,Anne Mather,,
OL14975865M,,,by Margaret Rome.,,
OL17264639M,,,Robyn Donald.,,
OL14981161M,,,Margaret Way.,,
OL22726885M,,,by Margaret Way.,,
OL20941040M,,,Nora Roberts.,,
OL40867853M,Jan Oliveira,Editor,,,
OL40630491M,Adam EVE,Illustrator,,,
OL43741795M,,,D.H. Lawrence ; with a foreword by the author ; and an introduction by Richard Aldington,,
OL26556437M,,,D. H. Lawrence ; with an introduction  by Richard Aldington,,
OL40517474M,Marco PEDULLA,Translator,,,
OL22596617M,,,D. H. Lawrence.,,
OL32885302M,Ravell,Editor,,,
OL26535933M,,,with a foreword by the author. --,,
OL3560220M,,,D.H. Lawrence.,,
OL22357934M,,,with an introduction by Richard Aldington.,,
OL555360M,,,D.H. Lawrence.,,
OL19527914M,,,by D. H. Lawrence.,,
OL553668M,,,"D.H. Lawrence ; edited by David Farmer, Lindeth Vasey, and John Worthen ; with an introduction and notes by Mark Kinkead-Weekes.",,
OL17499557M,,,D. H. Lawrence.,,
OL26336915M,,,"D.H. Lawrence ; edited by David Farmer, Lindeth Vasey and John Worthen ; introduction by Melvyn Bragg",,
OL32574521M,Susanne-Petra Räbel,Translator,,eng,Women in Love
OL13836839M,,,with an introduction by Richard Adlington ; original illustrations by SydneyHarpley.,,
OL23203559M,,,D. H. Lawrence ; with a new introduction by Thomas Beller.,,
OL17901892M,,,D.H. Lawrence ; introduction by Richard Hoggart ; lithographs by Charles Raymond.,,
OL684103M,,,D.H. Lawrence ; edited with an introduction and notes by David Bradshaw.,,
OL21509132M,,,D.H. Lawrence.,,
OL14021085M,,,by D.H. Lawrence.,,
OL22397761M,,,"D. H. Lawrence ; edited by David Farmer, Lindeth Vasey and John Worthen ; introduction by Melvyn Bragg.",,
OL20026955M,,,D.H. Lawrence ; edited by Linda Ruth Williams.,,
OL1755720M,,,D.H. Lawrence ; illustrated by Richard Miller.,,
OL6900800M,,,D.H. Lawrence.,,
OL14048584M,,,by D.H. Lawrence,,
OL33783M,,,D.H. Lawrence.,,
OL2476275M,,,D.H. Lawrence ; with an introduction by Richard Aldington ; original illustrations by Sydney Harpley.,,
OL18357989M,,,D.H. Lawrence ; with a foreword by the author and an introduction by Richard Aldington.,,
OL21037292M,,,"D.H. Lawrence ; edited by David Farmer, Lindeth Vasey and John Worthen ; introduction by Melvyn Bragg.",,
OL23125618M,,,"D.H. Lawrence ; edited by David Farmer, Lindeth Vasey and John Worthen ; with notes by Mark Kinkead-Weekes ; with an introduction by Amit Chaudhuri.",,
OL18361110M,,,D.H. Lawrence.,,
OL22978753M,,,D.H.Laolunsi zhu ; Dan Hanyuan yi.,,
OL22915529M,,,David Herbert Lawrence ; traducción de Antonio Escohotado.,,
OL25430688M,,,D.H. Lawrence,,
OL6896289M,,,Nora Roberts.,,
OL969996M,,,Nora Roberts.,,
OL24831511M,,,Nora Roberts,,
OL22818168M,,,D.H. Lawrence.,,
OL13770512M,,,introduction by Richard Hoggart ; lithographs by Charles Raymond.,,
OL21007580M,,,D. H. Lawrence.,,
OL6631595M,,,by D.H. Lawrence.,,
OL21578390M,,,by D. H. Lawrence ; with an introduction by Louis Menand.,,
OL22574043M,,,D. H. Lawrence.,,
OL22184880M,,,by D.H. Lawrence.,,
OL37627M,,,D.H. Lawrence.,,
OL18624369M,,,D.H. Lawrence ; edited with an introduction and notes by Charles L. Ross.,,
OL18908486M,,,With an introd. by Richard Aldington.,,
OL13535931M,,,With an introd. by Richard Aldington.,,
OL1567606M,,,D.H. Lawrence.,,
OL13709596M,,,traduccion de Antonio Eschotado.,,
OL22697059M,,,D.H. Lawrence.,,
OL24224321M,,,D.H. Lawrence.,,
OL15315463M,,,tłumaczyła Irena Szymańska.,,
OL20939421M,,,Nora Roberts.,,
OL24776154M,,,Nora Roberts,,
OL2549216M,,,"D.H. Lawrence ; edited by David Farmer, Lindeth Vasey, and John Worthen.",,
OL6359546M,,,by D. H. Lawrence; with a foreword by the author.,,
OL13545668M,,,D. H. Lawrence ; with a foreword by the author and an introduction by Richard Aldington.,,
OL17883990M,,,by D.H. Lawrence; with a foreword by the author,,
OL4448434M,,,D. H. Lawrence ; illustrated by Dennis Luzak.,,
OL6649223M,,,by D. H. Lawrence.,,
OL22680275M,,,D.H. Lawrence ; edited with an introduction and notes by David Bradshaw.,,
OL22169660M,,,D.H. Lawrence ; introduction and notes by Mary Ibbett.,,
OL22573673M,,,with a foreword by the author and an introduction by Richard Aldington.,,
OL23267608M,,,by D.H. Lawrence.,,
OL22204089M,,,With a foreword by the author and an introd. by Richard Aldington,,
OL14685508M,,,D.H. Lawrence ; traduzido do inglês por Cabral do Nascimento.,,
OL23021746M,,,D. H. Lawrence ; anuvada Vijaya Prakasa.,,
OL22754414M,,,D.H. Lawrence.,,
OL672166M,,,D.H. Lawrence ; edited by John Worthen and Lindeth Vasey.,,
OL23032897M,,,David Herbert Lawrence ; [Z anglického originálu přeložil a doslov napsal Martin Hilský].,,
OL22820783M,,,D. H. Lawrence.,,
OL27144513M,,,Nora Roberts ; [perevod s angliĭskogo M. Pavlovoĭ],,
OL24940398M,,,Lynne Graham,,
OL21246422M,,,Anne Mather.,,
OL21310692M,,,Sandra Field.,,
OL24210359M,,,Sandra Field,,
OL14976361M,,,by Margaret Way.,,
OL23954547M,,,Diana Palmer.,,
OL24490271M,,,Diana Palmer,,
OL22370866M,,,Betty Neels.,,
OL3690510M,,,Julia Quinn ... [et al.].,,
OL24752383M,,,by Robyn Donald,,
OL21224448M,,,by Betty Neels.,,
OL1823327M,,,by Betty Neels.,,
OL31889464M,,,Julia Quinn [and others],,
OL3284292M,,,Julia Quinn ... [et al.].,,
OL14980575M,,,by Jessica Steele.,,
OL14977571M,,,by Jessica Steele.,,
OL18423698M,,,by Lynne Graham.,,
OL14978419M,,,Sandra Field.,,
OL32079986M,,,E.L. James,,
OL29637815M,,,E.L. James ; traduit de l'anglais par Denyse Beaulieu,,
OL27145385M,,,E L Zhanmusi zhu ; Zhu Liya yi = Fifty shades freed / E L James,,
OL27167500M,,,E.L. James cho ; Ikeda Makiko yaku,,
OL25240706M,,,E L James.,,
OL26433546M,,,Lynne Graham,,
OL24484966M,,,Lynne Graham,,
OL17497068M,,,Johanna Lindsey.,,
OL23038956M,,,Johanna Lindsey.,,
OL2721505M,,,Johanna Lindsey.,,
OL17086828M,,,Johanna Lindsey.,,
OL25361999M,E.l james,Author,E. L. James ; traducción de María del Puerto Barruetabeña Diez,,
OL30663014M,,,EL James,,
OL21334641M,,,Johanna Lindsey.,,
OL32098897M,,,E.L. James,,
OL28241190M,,,by E.L. James,,
OL29637754M,,,E.L. James ; traduit de l'anglais par Denyse Beaulieu,,
OL26959003M,,,"produced by Dana Brunetti, Michael De Luca, E.L. James, Marcus Viscidi ; screenplay by Niall Leonard ; directed by James Foley",,
OL26958807M,,,"produced by Dana Brunetti, Michael De Luca, E.L. James, Marcus Viscidi ; screenplay by Niall Leonard ; directed by James Foley",,
OL25428350M,Mª del Puerto Barruetabeña Díaz,Translator,,,
OL37260740M,Steven Crossley,Narrator/Reader,,,
OL26629146M,,,Lynne Graham,,
OL24081246M,,,by Johanna Lindsey.,,
OL31881650M,,,Cora Reilly,,
OL26590004M,,,Diana Palmer,,
OL24416640M,,,Diana Palmer,,
OL24939431M,,,Diana Palmer. Passion flower / Diana Palmer,,
OL24518365M,,,Nora Roberts,,
OL27149939M,,,Nora Roberts,,
OL27118193M,,,Nora Roberts ; [perevod s angliĭskogo I. Faĭnshteĭn],,
OL18433501M,,,Sandra Brown.,,
OL3568608M,,,Sandra Brown.,,
OL32359708M,,,Sandra Brown,,
OL14976794M,,,by Essie Summers.,,
OL1552967M,,,Vanessa Gray.,,
OL23032386M,,,Nora Roberts ; [perevod s angliĭskogo I. Faĭnshteĭn].,,
OL32139137M,,,Nora Roberts ; traduit de l'américain par Véronique Fourneaux,,
OL32123766M,,,Nora Roberts ; tradução de Ana Beatriz Manso,,
OL24229081M,,,Sandra Brown.,,
OL14977513M,,,by Penny Jordan.,,
OL24553437M,,,by Diana Palmer,,
OL24218467M,,,Nora Roberts.,,
OL22138322M,,,Nora Roberts.,,
OL26378440M,,,[Betty Neels],,
OL18337689M,,,Betty Neels.,,
OL29217064M,,,by Lynne Graham,,
OL26500404M,,,Lynne Graham,,
OL18422297M,,,Robyn Donald.,,
OL17411507M,,,Robyn Donald.,,
OL24515351M,,,Penny Jordan,,
OL61105231M,Adriana Sales Zardini,Translator,,eng,Emma
OL61105231M,Adriana Sales Zardini,Notes by,,eng,Emma
OL14978777M,,,Betty Neels.,,
OL27852262M,,,by Lynne Graham,,
OL22315178M,,,Johanna Lindsey.,,
OL15061941M,,,Johanna Lindsey.,,
OL24371593M,,,Lilian Peake,,
OL1424956M,,,Johanna Lindsey.,,
OL21193917M,,,Johanna Lindsey.,,
OL61352545M,,,,,Emma
OL49776632M,Kevin Theis,Editor,,,
OL48373685M,Sheila Koerich,Translator,,,
OL32091410M,,,Nora Roberts ; traduit de l'américain par Sophie Dalle,eng,Sea Swept
OL27118192M,,,Nora Roberts ; [perevod s angliĭskogo I. Faĭnshteĭn],eng,Sea Swept
OL14978762M,,,Diana Hamilton.,,
OL28684910M,,,Michelle Reid,,
OL14977766M,,,by Claudia Jameson.,,
OL61071797M,,,,eng,Witch's Harvest
OL2704118M,,,by Penny Jordan.,,
OL14980903M,,,by Betty Neels.,,
OL3688652M,,,Sophie Kinsella.,,
OL31122680M,,,Nora Roberts,,
OL9134049M,,,,eng,Sea Swept
OL49838853M,,,,eng,Virgin River
OL38343842M,,,,eng,Marriage on the Rebound
OL23029191M,,,Sophie Kinsella.,,
OL24949811M,,,Robyn Carr,,
OL18523859M,,,by Michelle Reid.,,
OL16522069M,,,by Penny Jordan.,,
OL14976039M,,,by Betty Neels.,,
OL19616300M,,,Betty Neels.,,
OL22651594M,,,Sophie Kinsella.,,
OL16415808M,,,Sophie Kinsella.,,
OL23272063M,,,Sophie Kinsella.,,
OL41131696M,Jenny Sanchez,Editor,,,
OL39581877M,Wilma Baltus,Editor,,,
OL39587174M,Cerna Rubin,Editor,,,
OL39589099M,Natalie Montoto,Editor,,,
OL39589105M,Maxim Montoto,Editor,,,
OL39591748M,Alicar Regges,Editor,,,
OL39585772M,Andrea Gouveia,Editor,,,
OL39592917M,Malkiel Rubin,Translator,,,
OL39584088M,Murat Ukray,Editor,,,
OL39589110M,Rafael Sanchez Juarez,Editor,,,
OL39589182M,Guido Montelupo,Editor,,,
OL39591935M,Rubén Fresneda,Translator,,,
OL39592585M,Raul Bracho,Translator,,,
OL38489686M,Andres Marquez,Translator,,,
OL39600000M,Editorial Oneness,Editor,,,
OL39600418M,Madison Clark,Editor,,,
OL39594883M,Malkiel Rubin,Translator,,,
OL39599547M,Maxim Montoto,Editor,,,
OL39827055M,,,"Ao si ting, sun yi",,
OL43978072M,,,Aositing zhu ; Liu Zhongde yi,,
OL47117546M,Benjamin Briggent,Translator,,,
OL39600462M,Sheba Blake,Editor,,,
OL39611517M,Lirienne Barjavel,Translator,,,
OL39611914M,Owen Smit,Editor,,,
OL40788512M,Charles E. Brock,Illustrator,,,
OL40810204M,Pradip Das,Editor,,,
OL39603136M,Dainy d. Angeles,Editor,,,
OL39604101M,Henry Carter,Illustrator,,,
OL39601239M,Joni Njl,Illustrator,,,
OL39578705M,Alex Struik,Illustrator,,,
OL39601991M,Lily Mathew,Editor,,,
OL39578909M,Richard S. Hartmetz,Editor,,,
OL39605807M,Yasmira Cedeno,Editor,,,
OL39606286M,Alessia Rossi,Editor,,,
OL39606302M,Samuel Wood,Editor,,,
OL39608306M,David Widger,Prepared by,,,
OL39607907M,Taylor Anderson,Editor,,,
OL21834320M,,,by Betty Neels.,,
OL18577345M,,,Daphne Claire.,,
OL14976823M,,,by Margaret Pargeter.,,
OL24202108M,,,Margaret Pargeter.,,
OL20940951M,,,Judith McNaught.,,
OL3282681M,,,Daphne Clair.,,
OL14980397M,,,Sara Craven.,,
OL19311870M,,,Betty Neels.,,
OL21310545M,,,Sara Craven.,,
OL32079139M,,,by Penny Jordan,,
OL3284221M,,,[Betty Neels].,,
OL24215775M,,,Judith McNaught.,,
OL21595711M,,,Judith McNaught.,,
OL1425500M,,,Judith McNaught.,,
OL22981665M,,,Dzhudit Maknot ; [perevod s angliĭskogo E.S. Sherra].,,
OL24507713M,,,by Charlotte Louise Dolan,,
OL1433818M,,,Charlotte Louise Dolan.,,
OL24753009M,,,by Lynne Graham,,
OL2204858M,,,Betty Neels.,,
OL14977119M,,,by Betty Neels.,,
OL18351738M,,,by Betty Neels.,,
OL17206353M,,,by Anne Weale.,,
OL24939305M,,,Jessica Steele,,
OL14977398M,,,Lilian Peake.,,
OL18474137M,,,by Betty Neels.,,
OL2941359M,,,by Anne Weale.,,
OL16522094M,,,by Anne Weale.,,
OL24212092M,,,by Anne Weale,,
OL61098515M,,,,eng,A Vow Of Obligation
OL28800159M,,,by Lynne Graham,,
OL60522498M,ʼAnat Ṿikselbaʾum,Selected by,"G'ain An Ḳrents ; me-Anglit, ʻAnat Ṿiḳselbaʾum",,Legacy
OL24229078M,,,Jayne Ann Krentz.,,
OL24956810M,,,Jayne Ann Krentz,,
OL22391699M,,,by Anne Weale.,,
OL61105337M,Roberto Leal Ferreira,Translator,,eng,Northanger Abbey
OL61105337M,Roberto Leal Ferreira,Notes by,,eng,Northanger Abbey
OL3475143M,,,J.R. Ward.,,
OL17413319M,,,by Betty Neels.,,
OL27142099M,,,Jayne Ann Krentz,,
OL14977575M,,,by Robyn Donald.,,
OL17434943M,,,by Robyn Donald.,,
OL45014765M,,,by Jane Austen ; illustrated by Hugh Thomson ; with an introd. by Austin Dobson,,
OL44575217M,,,"by Jane Austen, author of ""Sense and sensibility,"" ""Mansfield Park,"" &c",,
OL43742755M,,,a novel by Jane Austen ; with a note by R. Brimley Johnson,,
OL44729341M,,,"by the author of ""Pride and prejudice"", &c. &c. [i.e. Jane Austen]",,
OL27717543M,,,"Ao si ting, wan hua",,
OL28416724M,,,"Ao si ting, sun zhi li",,
OL35678780M,Adriana Sales Zardini,Translator,,eng,Emma
OL39602950M,Andronum,Cover Art,,,
OL38212629M,,,Jane Austen,,
OL37812648M,,,Jane Austen ; traducción de Ana Ma. Rodríguez,,
OL37816351M,,,Jane Austen,,
OL37801571M,,,"Jane Austen ; traducción, Sergio Pitol ; ilustraciones, Hugh Thomson",,
OL33344588M,Michael Page,Narrator,,,
OL33344588M,Michael Page,Narrator/Reader,,,
OL40856426M,Charles E. Brock,Illustrator,,,
OL40685633M,Monty,Illustrator,,,
OL32705513M,Ravell,Editor,,,
OL35008568M,J. J. Bernier,Translator,,,
OL28370114M,,,Jane Austen,,
OL30481486M,,,Jane Austen,,
OL30665264M,,,by Jane Austen,,
OL31890043M,,,Jane Austen,,
OL31977071M,Michael Page,Narrator,,,
OL31977071M,Michael Page,Narrator/Reader,,,
OL31118493M,,,Jane Austen,,
OL31164925M,,,Jane Austen,,
OL32096363M,,,Jane Austen,,
OL32379054M,,,Jane Austen ; traduit de l'anglais par P. et E. de Saint-Segond ; postface de Ginevra Bompiani ; note biographique de Jacques Roubaud,,
OL24501684M,,,Jane Austen ; with an afterword by Graham Hough,,
OL24237924M,,,"by the author of ""Pride and prejudice"".",,
OL31020081M,,,by Jane Austen,,
OL24552106M,,,Jane Austen ; supplementary material written by Alyssa Harad,,
OL26333047M,,,Jane Austen,,
OL24906674M,,,Jane Austen,,
OL27054107M,,,Aosiding zhu ; Zhang Jinghao yi,,
OL24812290M,,,"by Jane Austen ; with an introd., notes, biographical sketch and a selection of background materials and commentaries by Robert Donald Specter",,
OL27108166M,,,Jane Austen,,
OL22971741M,,,Zhen Aositing zhu ; Zhang Jinghao yi.,,
OL24657617M,,,edited by R. Brimley Johnson ; with an introd. by William Lyon Phelps ; with colored illustrations by C.E. and H.M. Brock,,
OL25314163M,,,"Jane Austen ; annotated and edited, with an introduction, by David M. Shapard",,
OL24508368M,,,"by Jane Austen ; with an introd., notes, biographical sketch and a selection of background materials and commentaries by Robert Donald Specter",,
OL27035921M,,,Jane Austen ; [edited by Philip M. Parker],,
OL22944031M,,,yüan zhu Zhen Aositing ; fan yi Guan Chaofeng.,,
OL22943388M,,,Zhen Aositing zhu ; Zhang Jinghao yi.,,
OL6969023M,,,"By the author of ""Pride and prejudice"", etc.",,
OL27215656M,,,Dzheĭn Ostеn ; perevod s angliĭskogo M. Kan,,
OL23018300M,,,Dzheĭn Osten ; [per. s angl. M. Kan].,,
OL24736987M,,,Jane Austen ; supplementary material written by Alyssa Harad,,
OL9871573M,Juliet Stevenson,Narrator,Jane Austen ; abridged by Heather Godwin ; read by Juliet Stevenson ; produced by Nicolas Soames,,
OL9871573M,Heather Godwin,Adaptation,Jane Austen ; abridged by Heather Godwin ; read by Juliet Stevenson ; produced by Nicolas Soames,,
OL9871573M,Nicolas Soames,Producer,Jane Austen ; abridged by Heather Godwin ; read by Juliet Stevenson ; produced by Nicolas Soames,,
OL26340916M,,,Jane Austen,,
OL27035917M,,,by Jane Austen,,
OL21464794M,,,"with illustrations of the author and her environment and pictures from early editions of the book, together with an introduction by Frederic E. Faverty.",,
OL16799493M,,,by Jane Austen.,,
OL17722181M,,,Jane Austen.,,
OL22602987M,,,by Jane Austen.,,
OL13762732M,,,with an introduction by Austin Dobson ; illustrated by Hugh Thomson.,,
OL22290336M,,,edited by R. Brimley Johnson ; illustrated by C.E. and H.M. Brock.,,
OL17638200M,,,by Jane Austen.,,
OL1925622M,,,by Jane Austen ; with twenty-four coloured illustrations by C.E. Brock.,,
OL14177517M,,,by Jane Austen : twelve colored illustrations by C. E. and,,
OL22014261M,,,by Jane Austen ; illustrated by Philip Gough.,,
OL13649229M,,,prepared by H. Oldfield Box.,,
OL17728299M,,,Jane Austen; with an introduction by Lionel Trilling.,,
OL17722232M,,,With a pref. by Stella Gibbons and illus. by Fritz Kredel.,,
OL5935255M,,,With a pref. by Stella Gibbons and illus. by Fritz Kredel.,,
OL5858911M,,,With a new introd. by Louis Kronenberger.,,
OL6018052M,,,edited with an introduction by Ronald Blythe.,,
OL21354279M,,,Jane Austen.,,
OL13956818M,,,edited by Mary Lascelles ; new introduction by Peter Conrad.,,
OL4413569M,,,Jane Austen ; edited by James Kinsley with an introduction by  David Lodge.,,
OL22066090M,,,by Jane Austen.,,
OL2473664M,,,Jane Austen ; edited by Paul Cheetham.,,
OL27035922M,,,Jane Austen ; [edited by Philip M. Parker],,
OL26334153M,,,by Jane Austen ; with an afterword by Graham Hough,,
OL22470099M,,,with illustrations by Charles E. Brock.,,
OL3957028M,,,Jane Austen ; edited by Alistair M. Duckworth.,,
OL3394979M,,,edited by Richard Cronin and Dorothy McMillan.,,
OL6965462M,,,by Jane Austen.,,
OL13560718M,,,by Jane Austen ; illustrated by Hugh Thomson ; with an introduction by Austin Dobson.,,
OL6592481M,,,"by Jane Austen; illustrated by Hugh Thomson, with an introduction by Austin Dobson.",,
OL17781808M,,,by Jane Austen.,,
OL17729764M,,,by Jane Austen.,,
OL6347234M,,,[by] Jane Austen.,,
OL22601535M,,,Jane Austen.,,
OL17639896M,,,With an introd. by Austin Dobson. Illus. by Hugh Thomson.,,
OL22410606M,,,illustrated by Charles E. Brock.,,
OL22393843M,,,with an introd. by Lionel Trilling.,,
OL5824627M,,,"With illus. of the author and her environment and pictures from early editions of the book, together with an introd. by Frederic E. Faverty.",,
OL17777353M,,,with an introd. by E.V. Lucas.,,
OL13707198M,,,with a preface by Stella Gibbons and illustrations by Fritz Kredel.,,
OL4381914M,,,edited with an introduction by David Lodge; textual notes and bibliography by James Kinsley.,,
OL17728718M,,,Jane Austen; with an afterword by Graham Hough.,,
OL21985386M,,,Jane Austen ; [illustrated by Maximilien Vox].,,
OL22109661M,,,Jane Austen ; with an introduction by Lionel Trilling.,,
OL20930695M,,,Jane Austen.,,
OL13563979M,,,"by the author of ""Pride and prejudice"", etc.",,
OL18688750M,,,by Jane Austen....,,
OL13641121M,,,with an introduction by Joseph Jacobs and illustrations by Chris Hammond.,,
OL19739907M,,,by Jane Austen ; with an introduction by Austin Dobson.,,
OL19740419M,,,Jane Austen ; introduction by R. Brimley Johnson.,,
OL13900681M,,,by Jane Austen.,,
OL6337482M,,,by Jane Austen.,,
OL6227159M,,,With an introd. by Lionel Trilling.,,
OL17721598M,,,Jane Austen ; introduction by R. Brimley Johnson.,,
OL17777869M,,,by Jane Austen ; with an afterword by Graham Hough.,,
OL13905926M,,,with a preface by Stella Gibbons ; and illustrations by Fritz Kredel.,,
OL13797428M,,,with an introduction by E.V. Lucas.,,
OL22574499M,,,by Jane Austen ; introduction and notes by Arthur Calder-Marshall.,,
OL22066058M,,,by Jane Austen.,,
OL22066074M,,,by Jane Austen.,,
OL22582355M,,,Jane Austen.,,
OL1447233M,,,Jane Austen ; illustrations by C.E. Brock and Joan Hassall ; afterword by Carroll Moulton.,,
OL117966M,,,Jane Austen ; with an introduction by Penelope Fitzgerald.,,
OL3706463M,,,Jane Austen ; edited by James Kinsley ; with an introduction and notes by Adela Pinch.,,
OL1567465M,,,Jane Austen ; with an introduction by Marilyn Butler.,,
OL48004M,,,Jane Austen ; edited by Stephen M. Parrish.,,
OL3702620M,,,Jane Austen ; edited with an introduction and notes by Fiona Stafford.,,
OL5982608M,,,Edited by Stephen M. Parrish.,,
OL2227936M,,,Jane Austin ; edited by James Kinsley ; with an introduction by David Lodge.,,
OL888924M,,,Jane Austen.,,
OL982359M,,,Jane Austen.,,
OL488447M,,,Jane Austen ; edited by James Kinsley ; with an introduction and notes by Terry Castle.,,
OL23164878M,,,by Jane Austen.,,
OL22594050M,,,Jane Austen.,,
OL1119117M,,,Jane Austen ; edited by James Kinsley ; with an introduction by Terry Castle.,,
OL387896M,,,Jane Austen.,,
OL24354728M,Carolien Polderman-de Vries,Translator,Jane Austen ; vert.: Carolien Polderman-de Vries ; [naw. van Jenny Leach-Reitsma,eng,Emma
OL24354728M,Jenny Leach-Reitsma,Afterword,Jane Austen ; vert.: Carolien Polderman-de Vries ; [naw. van Jenny Leach-Reitsma,eng,Emma
OL1587632M,,,Jane Austen ; with a new introduction by Margaret Drabble.,,
OL542169M,,,Jane Austen.,,
OL22334446M,,,Jane Austen ; illustrated by Hugh Thomson.,,
OL6791417M,,,Jane Austen ; introduction by A. Walton Litz ; notes by James Danly.,,
OL3379959M,,,Jane Austen ; edited by Kristin Flieger Samuelian.,,
OL760895M,,,Jane Austen ; edited with an introduction and notes by Fiona Stafford.,,
OL1724920M,,,Jane Austen ; edited by Stephen M. Parrish.,,
OL13573615M,,,by Jane Austen ; illustrated by Hugh Thomson ; with an introd. by Austin Dobson.,,
OL25260276M,,,Jane Austen ; edited by Bharat Tandon,,
OL44575381M,,,By Jane Austen. Persuasion. By the same,,
OL44722577M,,,"by the author of ""Pride and prejudice,"" ""Mansfield-park, "" &c. With a biographical notice of the author. In four volumes",,
OL45116857M,,,Jane Austen ; edited by Marilyn Gaull,,
OL24347933M,,,Jane Austen ; introduction by R. Brimley Johnson,,
OL21464710M,,,edited with an introduction by Ronald Blythe.,,
OL22202676M,,,With a general introd. by Mark Schorer.,,
OL22586853M,,,Jane Austen ; edited by Kristin Flieger Samuelian.,,
OL22330525M,,,Lilian Peake.,,
OL14975963M,,,by Lilian Peake.,,
OL24423822M,,,Deborah Harkness,,
OL25154729M,Tal Goretsky,Cover Design,,,
OL25154729M,"Charlie Waite | Riser, Getty Images",Cover Photographs,,,
OL25154729M,Francesca Belanger,Designer,,,
OL26308559M,,,Betty Neels,,
OL18165501M,,,Betty Neels.,,
OL10738251M,,,Kay Thorpe,,
OL24959956M,,,Kay Thorpe,,
OL24970997M,,,Catherine Coulter,,
OL43323913M,Catherine Plasait,Translator,,,Enchanting Pleasures
OL12515624M,,,,,Enchanting Pleasures
OL34887247M,Michael Rubin,Editor,,,
OL4954534M,,,by Lilian Peake.,,
OL23245569M,,,Eloisa James.,,
OL32721370M,,,Penny Jordan,,
OL24742791M,,,Penny Jordan,,
OL47397965M,Graham Tulloch,Introduction,,eng,
OL34887249M,Michael Rubin,Editor,,,
OL2853190M,,,Lilian Peake.,,
OL28417806M,,,Betty Neels,,
OL14978853M,,,Betty Neels.,,
OL14977743M,,,by Kay Thorpe.,,
OL24517593M,,,Catherine Coulter,,
OL28379590M,,,Eloisa James,,
OL20503788M,,,Eloisa James.,,
OL3940900M,,,Eloisa James.,,
OL34871187M,Richard Zoozmann,Translator,,,
OL34901578M,Gabriela Guzman,Translator,,,
OL34897054M,Francisco Castro,Editor,,,
OL34904033M,S. R. P.,Editor,,,
OL34901579M,Gabriela Guzman,Translator,,,
OL34905664M,Sheba Blake,Editor,,,
OL32380241M,,,Sir Walter Scott,,
OL33179702M,,,by Walter Scott,,
OL27065039M,,,Walter Scott ; [edited by Philip M. Parker],,
OL24598539M,Adrien Marie and F. Riou,Illustrator,,,
OL24598539M,George Cruikshank,Illustrator,,,
OL23759426M,,,by Sir Walter Scott.,,
OL29283991M,,,Sir Walter Scott ; adaptation de Malvina G. Vogel ; illustrations de Pablo Marcos Studio ; traduit par Louise Durocher,,
OL35332699M,,,Walter Scott ; vert. [uit het Engels] en ingel. door Harm Damsma en Niek Miedema,,
OL27710580M,,,Walter Scott ; with an afterword by John Grant,,
OL6911506M,,,"by Sir Walter Scott, bart.; with an outline for its study by Mae E. Schreiber.",,
OL13772260M,,,"illustrations drawn by Gordon Browne, engraved on wood by J.D.Cooper.",,
OL13988277M,,,U bertragung von L. Tafel zugrunde gelegt.,,
OL18012870M,,,Sir Walter Scott,,
OL5832046M,,,"Risunki I. Kuskova. [Perevod E. Beketovoĭ. Red., perevod stikhov i ėpigrafov V. Ivanova. Vstup. statʹi͡a︡ i irimechanii͡a︡ R. Samarina]",,
OL13750348M,,,with introductory essay and notes by Andrew Lang.,,
OL21475721M,,,Walter Scott,,
OL22338671M,,,Preface and glossary by W. M. Parker.,,
OL6950809M,,,by Sir Walter Scott: ed by Francis Hovey Stoddard.,,
OL23307137M,,,"by Sir Walter Scott; ed. with introduction and notes, by Porter Lander MacClintock; illustrated by C.E. Brock.",,
OL3945773M,,,Sir Walter Scott.,,
OL6347232M,,,"a romance by Sir Walter Scott, bart.",,
OL13625111M,,,"by Sir Walter Scott, Bart.",,
OL13600333M,,,"by ""the author of Waverley,"" &c.",,
OL3942089M,,,Sir Walter Scott ; with a new afterword by Sharon Kay Penman.,,
OL6067727M,,,by Sir Walter Scott ; with seventeen original illustrations by Edward Augustiny.,,
OL22320089M,,,by Sir Walter Scott.,,
OL6259092M,,,"Valʹter Skott ; risunki I. Kuskova ; [perevod E. Beketovoĭ ; red., perevod stikhov i ėpigrafov V. Ivanova ; vstup. statʹi͡a︡ i primechanii͡a︡ R. Samarina]",,
OL3305062M,,,Sir Walter Scott.,,
OL6538038M,,,"by Sir Walter Scott; edited with introd. and notes, by Gilbert Sykes Blakely.",,
OL6696776M,,,"by Sir Walter Scott, bart.",,
OL5850954M,,,With a new foreword by Delancey Ferguson.,,
OL20108916M,,,Sir Walter Scott,,
OL13823180M,,,Sir Walter Scott.,,
OL16205990M,,,by Sir Walter Scott ; with introductory essay and notes by Andrew Lang,,
OL22491971M,,,Sir Walter Scott.,,
OL6665619M,,,by Sir Walter Scott ; abridged for use in junior high school grades by Elizabeth Hope Gordon and Hattie L. Hawley.,,
OL8109331M,Frederick Davidson,Narrator,by Sir Walter Scott ; read by Frederick Davidson,,
OL6732913M,,,"Ed. by Alfred M. Hitchcock,  rev. by H. Y. Moffett, illus. by G. M. Richards.",,
OL6590161M,,,edited with notes and an introduction by A. Marion Merrill.,,
OL6899947M,,,Walter Scott ; edited with an introduction by Graham Tulloch.,,
OL6088686M,,,illustrated by Edward A. Wilson.,,
OL17236151M,,,by Sir Walter Scott.,,
OL6775193M,,,"by Sir Walter Scott, bart.; ed. by Alfred M. Hitchcock...",,
OL6570346M,,,[Sir Walter Scott] ; adapted by Stella Humphrey Nida ; illustrations by Clarence Leonard Cole.,,
OL6993355M,,,"by Sir Walter Scott, bart; with a biographical sketch and notes.",,
OL6656657M,,,[by] Sir Walter Scott; illustrated by Frank E. Schoonover.,,
OL6535938M,,,ed. by Alfred A. May.,,
OL6993354M,,,"by Sir Walter Scott, bart.",,
OL58811369M,,,"Reprinted from the author's ed., unaltered and unabridged",,
OL58891146M,,,by Sir Walter Scott,,
OL43781378M,,,"historisk roman af Walter Scott, i forkortet oversaettelse ved P. V. Grove",,
OL43781640M,,,[by] Sir Walter Scott. Illustrated by R. Johnson,,
OL22370849M,,,Sir Walter Scott.,,
OL23759427M,,,Walter Scott.,,
OL23267088M,,,[by] Sir Walter Scott.,,
OL23193029M,,,Sir Walter Scott ; edited with an introduction and notes by Ian Duncan.,,
OL3282298M,,,Sir Walter Scott.,,
OL4765753M,,,Sir Walter Scott ; with the ill. of Rowland Wheelwright.,,
OL13960787M,,,"by ""the author of Waverley,"" &c..",,
OL21568874M,,,Sir Walter Scott.,,
OL6563535M,,,"by Sir Walter Scott, bart.; with illustrations by E. Boyd Smith.",,
OL6693761M,,,abridged and edited by J. C. Tressler.,,
OL3282535M,,,Sir Walter Scott.,,
OL19604103M,,,by Sir Walter Scott ; with 16 coloured illustrations by Rowland Wheelwright.,,
OL6993353M,,,"by Sir Walter Scott, bart.",,
OL23255203M,,,"[by] Sir Walter Scott. [Edited, abridged, and annotated by Robin S. Wright.",,
OL697086M,,,Sir Walter Scott ; adapted by Bob Blaisdell ; illustrated by John Green.,,
OL21475730M,,,with a new foreword by Delancey Ferguson.,,
OL6609193M,,,by Sir Walter Scott ; with illustrations by Milo Winter.,,
OL20937070M,,,Sir Walter Scott ; with illustrations made up of drawings by contemporary artists together with an introduction and anecdotal captions by Basil Davenport.,,
OL6928715M,,,"by Sir Walter Scott, bart. with an introduction by Wilbur Lucius Cross ...",,
OL22607293M,,,by Sir Walter Scott.,,
OL6726573M,,,"by Sir Walter Scott, edited, with introduction and notes, by H. Ward McGraw.",,
OL22408087M,,,Sir Walter Scott.,,
OL181867M,,,by Sir Walter Scott. Design and original cuts by Allen Lewis.,,
OL24373625M,,,Sir Walter Scott,,
OL456770M,,,Walter Scott ; edited by Graham Tulloch.,,
OL58811368M,,,"From the last revised ed., containing the author's notes, final corrections &c",,
OL58891155M,,,Walter Scott,,
OL43781227M,,,"by Sir Walter Scott, bart.; with illustrations by E. Boyd Smith",,
OL43781374M,,,von Karl Immermann,,
OL24129159M,,,by Sir Walter Scott ; edited by Alfred M. Hitchcock.,,
OL24211193M,,,by Sir Walter Scott ; illustrated by Edward A. Wilson,,
OL6494279M,,,Walter Scott ; seosamh Mac Grianna a rinne an leagan gaedhilge.,,
OL5849856M,,,"with notes, reading-skill questions, and activities, edited by M. L. Howe and Helen J. Estes.",,
OL4889452M,,,by Sir Walter Scott ; ill. by Ad. Lalauze.,,
OL13836781M,,,by Sir Walter Scott ; with introductory essay and notes by Andrew Lang.,,
OL13703263M,,,illustrated by Edward A. Wilson.,,
OL18037683M,,,Scott.,,
OL22489498M,,,by Sir Walter Scott.,,
OL23759428M,,,Sir Walter Scott.,,
OL18316789M,,,"by the author of ""Waverly,"" &c.",,
OL20774970M,,,illustrated with reproductions in colour of twelve original drawings by Maurice Greiffenhagen ; with an introduction by the Hon. Mrs Maxwell Scott.,,
OL797218M,,,Sir Walter Scott ; edited with an introduction by Ian Duncan.,,
OL529560M,,,by Sir Walter Scott; ed. for school use by William Edward Simonds...,,
OL4057257M,,,with a preface by Malcolm Elwin.,,
OL24952870M,Basil Davenport,Introduction,"by Sir Walter Scott, with illustrations made up of drawings by contemporary artists, together with an introduction and anecdotal captions by Basil Davenport",,
OL23071217M,,,Walter Scott ; Trsan Kiêm dịch và giwoi thiueu.,,
OL3387736M,,,Betty Neels.,,
OL18053351M,,,Anne Mather.,,
OL1648661M,,,by Anne Mather.,,
OL21221140M,,,byMargaret Way.,,
OL17215320M,,,by Margaret Way.,,
OL22602647M,,,"by Sir Walter Scott, Bart.",,
OL6993316M,,,ed. with notes and an introduction by Bliss Perry.,,
OL22597369M,,,Sir Walter Scott ; preface and glossary by W.M. Parker.,,
OL4771805M,,,"[by] Sir Walter Scott. [Edited, abridged, and annotated by Robin S. Wright.",,
OL13649379M,,,with an afterword by Compton Mackenzie.,,
OL25072357M,,,edited by William D. Lewis,,
OL4901265M,,,Sir Walter Scott ; [ill. by Christopher Bradbury].,,
OL6774778M,,,"by Sir Walter Scott; ed. with introduction and notes, by Porter Lander MacClintock ... illustrated by C. E. Brock.",,
OL3955086M,,,Walter Scott ; adapted by Malvina G. Vogel ; illustrations by Pablo Marcos Studios.,,
OL24187728M,,,by Walter Scott ; with steel plates from designs by George Cruikshank and other artists,,
OL24949393M,,,Sir Walter Scott,,
OL24837842M,,,by Sir Walter Scott. Design and original cuts by Allen Lewis,,
OL22434579M,,,Anne Mather.,,
OL24957548M,,,Anne Mather,,
OL14978839M,,,Betty Neels.,,
OL24210736M,,,Jennie Lucas,,
OL28692518M,,,John Fowles,,
OL28375064M,,,John Fowles,,
OL26334059M,,,John Fowles,,
OL23039725M,,,Dzhon Faulz ; [vstupitelʹnai︠a︡ statʹa A. Dolinina ; perevod s angliĭskogo M. Bekker i I. Komarovoĭ].,,
OL23064884M,,,Kim Sŏk-hŭi omgim.,,
OL447207M,,,John Fowles.,,
OL17527730M,,,Penny Jordan.,,
OL40258720M,,,John Fowles,,
OL31920491M,,,John Fowles,,
OL26336800M,,,John Fowles,,
OL25070057M,,,John Fowles,,
OL16858200M,,,John Fowles.,,
OL15401878M,,,John Fowles ; traduzione de Ettore Capriolo.,,
OL22416855M,,,John Fowles.,,
OL26496140M,,,Diana Palmer,,
OL24938307M,,,Penny Jordan,,
OL24958560M,,,John Fowles,,
OL24953918M,,,John Fowles,,
OL21486563M,,,John Fowles.,,
OL13936372M,,,John Fowles.,,
OL15276416M,,,[übersetzt von Reinhard Federmann].,,
OL22578940M,,,John Fowles.,,
OL4181779M,,,John Fowles ; illustrated by Elaine Raphael and Don Bolognese.,,
OL37061943M,,,Julia Quinn,,
OL32151309M,Fabrice Canepa,Translator,Carole Mortimer ; [traduction française de Fabrice Canepa],eng,A Marriage to Remember
OL33221419M,,,Heather Graham. [Aus dem Amerikan. von Eva Malsch],,
OL3664607M,,,Nora Roberts.,,
OL3578872M,,,Julia Quinn.,,
OL23109875M,,,Zhuliya Kun'en zhu ; Chu Aisi yi = The viscount who loved me / Julia Quinn.,,
OL19930383M,,,by Lynne Graham.,,
OL19087353M,,,by Carole Mortimer.,,
OL27190038M,,,Nora Roberts ; traducción de Juan Larrea,,
OL24856021M,,,Nora Roberts,,
OL24213467M,,,Carole Mortimer.,,
OL14977447M,,,by Carole Mortimer.,,
OL24518059M,,,Shannon Drake,,
OL23245525M,,,Nora Roberts.,,
OL3949210M,,,Nora Roberts.,,
OL24776741M,,,Nora Roberts,,
OL23092495M,,,Nala Luobote zhu ; Ma Yiping yi = Dance upon the air / Nora Roberts.,,
OL23075673M,,,Nora Roberts ; [per. s angl. E. Kat︠s︡a].,,
OL23068143M,,,Nora Roberts ; traducción de Juan Larrea.,,
OL47826558M,Gino D'Achille,Cover Art,,,
OL6186796M,Harry Bennett,Cover Art,,,
OL17359709M,Renato Fratini,Cover Art,,,
OL26341046M,,,Amanda Quick,,
OL983185M,,,Amanda Quick.,,
OL12961244M,,,,eng,Mischief
OL26932735M,,,Julia Quinn,,
OL10745631M,,,,eng,Dearest traitor
OL1079911M,,,Betty Neels.,,
OL16418995M,,,Nora Roberts.,,
OL47826559M,Renato Fratini,Cover Art,,,
OL22360635M,,,(by) MaryStewart.,,
OL32327242M,,,,,Mischief
OL22491092M,,,Amanda Quick.,,
OL809973M,,,Amanda Quick.,,
OL27191854M,,,Julia Quinn,,
OL3384244M,,,Julia Quinn.,,
OL13884657M,,,Betty Neels.,,
OL18344680M,,,by Betty Neels.,,
OL22529257M,,,Mary Stewart.,,
OL61344764M,Shlomit Handelsman,Translator,"Amandah Ḳṿiḳ ; ʻIvrit, Shelomit Handelsman",,Mischief
OL60806246M,ʻAlizah Raʻanan,Translator,"Amandah Ḳṿiḳ ; ʻIvrit, ʻAlizah Raʻanan,",,Mischief
OL31912055M,,,Amanda Quick,,
OL13275025M,,,,,Mischief
OL12514546M,,,,,Mischief
OL22622183M,,,Amanda Quick.,,
OL24940236M,,,Amanda Quick,,
OL3563890M,,,Julia Quinn.,,
OL16688054M,,,by Betty Neels.,,
OL43731009M,,,Introd. by R. Brimley Johnson,,
OL43730992M,,,Edited with an introduction by Mary Lascelles,,
OL43878653M,,,"by Miss Austen, ... with a biographical notice of the author",,
OL18449558M,,,introduction by Valerie Grove = illustrations by Aafke Brouwer.,,
OL690147M,,,by Dodie Smith.,,
OL16444185M,,,Dodie Smith ; introduction by Valerie Grove ; illustrations by Aafke Brouwer.,,
OL6029179M,,,by Dodie Smith,,
OL23270650M,,,by Dodie Smith.,,
OL21310627M,,,Penny Jordan.,,
OL35717552M,,,Dodie Smith ; traduit de l'anglais par Anne Krief,,
OL32116516M,,,Dodie Smith ; traduit de l'anglais par Anne Krief,,
OL15015426M,,,Dodie Smith ; (illustrations by Ruth Steed from sketches by the author).,,
OL4504872M,,,Dodie Smith.,,
OL25127343M,,,Dodie Smith,,
OL16714640M,,,"(by) Dodie Smith illustrations by Ruth Steed, from sketches by the author.",,
OL22086966M,,,Dodie Smith.,,
OL27150431M,,,Colleen Hoover,,
OL32203377M,,,,eng,This Girl
OL17404380M,,,Michelle Reid.,,
OL17414323M,,,Catherine George.,,
OL24752213M,,,by Catherine George,,
OL24223507M,,,Julie Garwood.,,
OL24382232M,,,Julie Garwood,,
OL22934743M,,,yuan zhu zhe Zhuli Jiawude ; yi zhe Miao Miya = The wedding / Julie Garwood.,,
OL52657730M,,,,eng,Powerful
OL59468701M,,,,eng,This Girl
OL26253497M,,,[Betty Neels],,
OL24238814M,,,by Margaret Way.,,
OL14976844M,,,by Margaret Way.,,
OL31094153M,,,by Julie Garwood,,
OL618304M,,,Julie Garwood.,,
OL4273824M,,,Janet Dailey.,,
OL19998123M,,,Janet Dailey.,,
OL23047667M,,,Lisha Kelaipei zhu ; Kang Xuehui yi = Someone to watch over me / Lisa Kleypas.,,
OL24843170M,,,Michelle Reid,,
OL24755934M,,,Michelle Reid,,
OL1280727M,,,by Betty Neels.,,
OL989385M,,,Julie Garwood.,,
OL26933283M,,,Hallmark Channel presents ; from executive producer Michael Landon Jr,,
OL25136525M,,,Janette Oke,,
OL25136524M,,,Janette Oke,,
OL3297979M,,,Janette Oke.,,
OL3504051M,,,Janette Oke.,,
OL1559931M,,,Janette Oke.,,
OL6799340M,,,Janet Dailey.,,
OL2388928M,,,Janet Dailey.,,
OL19952032M,,,Janet Dailey.,,
OL16711922M,,,Janet Dailey.,,
OL18188157M,,,Janet Dailey.,,
OL24975441M,,,Margaret Way,,
OL1974433M,,,by Catherine George.,,
OL2733313M,,,by Janet Dailey.,,
OL17464917M,,,Janet Dailey.,,
OL24752693M,,,Janet Dailey,,
OL24939446M,,,Margaret Way,,
OL14981997M,,,Betty Neels.,,
OL1750084M,,,by Charlotte Lamb.,,
OL14975755M,,,by Anne Mather.,,
OL20938925M,,,by Janet Dailey.,,
OL22304096M,,,Janet Dailey.,,
OL24955887M,,,Penny Jordan,,
OL24948504M,,,[Betty Neels],,
OL17389818M,,,Charlotte Lamb.,,
OL16688058M,,,byCatherine George.,,
OL38565190M,Adriana Fidalgo,Translator,,,
OL26963844M,,,,eng,All Your Perfects
OL59491359M,,,by George Macdonald ; with twenty-five illustrations by John Bell,,
OL24407857M,,,Anne McAllister,,
OL24428256M,,,Anne McAllister,,
OL24204694M,,,by Janet Dailey,,
OL18975586M,,,by Lynne Graham.,,
OL37746151M,Katarina Ganslandt,Translator,,eng,All your Perfects
OL17465055M,,,Helen Bianchin.,,
OL47099910M,Juan José Llanos Collado,Translator,,eng,Phantastes
OL47099910M,C.S. Lewis,Introduction,,eng,Phantastes
OL18280255M,,,Kim Lawrence.,,
OL17516157M,,,Catherine George.,,
OL22417262M,,,by Janet Dailey.,,
OL26961022M,,,Colleen Hoover,,
OL14980664M,,,Roberta Leigh.,,
OL25271103M,,,Ravinder Singh,,
OL56887907M,,,,eng,The Awakening
OL57634782M,,,"George MacDonald, Greville Macdonald",,
OL56807081M,Michael Phillips,Editor,,,
OL52223606M,Paul Di Filippo,Contributor,,,
OL52223606M,Joshua Smyser,Editor,,,
OL44708546M,,,George MacDonald,,
OL38386620M,Pradip Das,Editor,,,
OL38385266M,Taylor Anderson,Editor,,,
OL38384778M,David Widger,Prepared by,,,
OL38378689M,Marco PEDULLA,Translator,,,
OL38381446M,Restoration Editors,Editor,,,
OL38381804M,Restoration Editors,Editor,,,
OL38380086M,Paula Benitez,Editor,,,
OL23325250M,,,By George MacDonald ...,,
OL30960597M,,,George MacDonald ; a new edition with thirty-three original illustrations by Arthur Hughes ; newly colorized by Zach Fink ; edited by Greville MacDonald,,
OL35663868M,José Fernando Cristófalo,Translator,,eng,Phantastes
OL35666038M,Sir Angels,Editor,,,
OL32239397M,Rebecca K. Reynolds,Narrator,,,
OL21320330M,,,George MacDonald ; introduction by Lin Carter.,,
OL20880133M,,,George Macdonald.,,
OL20188731M,,,George MacDonald ; introduction by Greville MacDonald.,,
OL13705351M,,,by George Macdonald  ; illustrations by Arthur Hughes.,,
OL24951976M,,,Patricia Wilson,,
OL18197934M,,,with an introd. by C.S. Lewis.,,
OL21452954M,,,George MacDonald ; new introduction by David Holbrook.,,
OL13830746M,,,with illustrations by John Bell.,,
OL23325251M,,,by George MacDonald.,,
OL3423943M,,,George MacDonald ; illustrated by Arthur Hughes.,,
OL7218742M,,,by George Mac Donald ; [with a preface by Greville Macdonald].,,
OL14635048M,,,George MacDonald,,
OL3485708M,,,George MacDonald.,,
OL6360983M,,,[by] George Macdonald.,,
OL23269356M,,,Penny Jordan ; Day Leclaire ; Lindsay Armstrong.,,
OL24931148M,,,by Margaret Way,,
OL39801379M,Katarina Ganslandt,Translator,,eng,Verity
OL39220275M,,,,eng,Verity
OL38406842M,,,,eng,Verity
OL21379959M,,,by George Macdonald.,,
OL7181743M,,,by George MacDonald.,,
OL7216625M,,,by George Mac Donald.,,
OL6545511M,,,by George Macdonald ...,,
OL23760924M,,,George MacDonald.,,
OL5050835M,,,Introd. by Lin Carter.,,
OL6426633M,,,by George MacDonald.,,
OL14977989M,,,by Margaret Way.,,
OL60303596M,,,,eng,Verity
OL48120574M,Claudia Conde,Translator,,eng,Verity
OL57485262M,Colleen Hoover,Author name as appears on this edition,,,
OL27587656M,Piotr Grzegorzewski,Translator,,eng,Verity
OL24972260M,,,Patricia Wilson,,
OL24517215M,,,Connie Mason,,
OL28267836M,,,Julia Quinn,,
OL23067493M,,,Dzhulii︠a︡ Kuin ; [perevod s angliĭskogo I.A. Patrikeevoĭ].,,
OL32080925M,,,Carol Marinelli,,
OL27073052M,,,Carole Mortimer,,
OL24875673M,,,Carole Mortimer,,
OL36695581M,,,Nora Roberts ; traduit de l'américain par Régina Langer,,
OL26385336M,,,Nora Roberts,,
OL18138505M,,,Nora Roberts,,
OL21310207M,,,by Jessica Steele.,,
OL24917232M,,,Carole Mortimer,,
OL32083895M,,,Nora Roberts,,
OL24955392M,,,Carol Marinelli,,
OL24484809M,,,Carol Marinelli,,
OL23204291M,,,Carol Marinelli.,,
OL15023720M,,,by Violet Winspear.,,
OL18520652M,,,by Joan Wolf.,,
OL61155531M,Sanne Hillemans,Translator,,eng,The Never King
OL59991623M,,,,eng,The Never King
OL32124183M,,,Carole Mortimer,,
OL24927310M,,,Carole Mortimer,,
OL26499765M,,,Nora Roberts,,
OL27129919M,,,Nora Roberts ; [per. s angl. M. Pavlovoĭ],,
OL32083894M,,,Nora Roberts,,
OL30660265M,,,Nora Roberts,,
OL26288666M,,,Nora Roberts,,
OL20972651M,,,Nora Roberts.,,
OL47117549M,Benjamin Briggent,Translator,,,
OL40856339M,Charles E. Brock,Illustrator,,,
OL23244041M,,,Nora Roberts.,,
OL47572M,,,Nora Roberts.,,
OL61983870M,,,,eng,Lolita
OL44395613M,,,Vladimir Nabokov,,
OL44395742M,,,Vladimir Nabokov,,
OL54951916M,Raul Bracho,Translator,,,
OL50400094M,,,targum me-ʾanglit ṿe-aḥarit davar Devorah Shṭainharṭ,,
OL60516706M,Francesc Roca,Translator,,eng,Lolita
OL60516690M,Francesc Roca,Translator,,eng,Lolita
OL60516608M,Francesc Roca,Translator,,eng,Lolita
OL60155039M,,,Vladimir Nabokov,,
OL6778189M,,,Nora Roberts.,,
OL59664606M,大久保康雄,Translator,Urajimīru Nabokofu [cho] Ōkubo Yasuo yaku,eng,
OL23034142M,,,Vladimir Nabokov.,,
OL54351013M,,,Vladimir Nabokov ; traduit de l'anglais par E.H. Kahane,eng,
OL40239797M,,,Metro-Goldwyn-Mayer in association with Seven Arts Productions,,
OL40295155M,,,Vladimir Nabokov ; [perevod s angliĭskogo avtora],,
OL40295156M,,,Vladimir Nabokov ; [perevod s angliĭskogo avtora],,
OL44395608M,,,Vladimir Nabokov,,
OL44578258M,,,by Vladimir Nabokov,,
OL60151258M,,,"Ṿladimir Naboḳov ; me-Anglit, Devorah Shṭainharṭ ; aḥarit davar, Menaḥem Peri, Devorah Shṭainharṭ",,
OL55166948M,,,,eng,Lolita
OL55971695M,Natalie Montoto,Translator,,,
OL52890649M,,,,rus,
OL40230581M,,,,eng,Lolita
OL29832838M,Francesc Roca,Translator,,eng,Lolita
OL27164996M,,,Vladimir Nabokov ; perevod s angliĭskogo avtora,eng,Lolita
OL25652062M,John Gall,Cover Design,,,
OL25652062M,Jerry Bauer,Author Photographer,,,
OL25652062M,Véra,Dedicated to,,,
OL22334695M,,,Vladimir Nabokov ; perevel s angliĭskogo avtor.,,
OL1744092M,Martin Amis,Introduction,Vladimir Nabokov ; with an introduction by Martin Amis.,,
OL19813424M,,,Vladimir Nabokov.,,
OL3063604M,,,Vladimir Nabokov ; illustrated by Jerry Pinkney.,,
OL22478532M,,,Vladimir Nabokov.,,
OL22903862M,,,Vladimir Nabokov ; [traducido por Enrique Tejedor].,eng,Lolita
OL22807712M,,,Vladimir Nabokov.,,
OL22594785M,,,Vladimir Nabokov.,,
OL37086061M,Josep Daurella,Translator,,eng,Lolita
OL31848864M,大久保 康雄,Translator,,eng,Lolita
OL31849729M,Francesc Roca,Translator,,eng,Lolita
OL26871151M,,,Fulajimi'er Nabokefu (Vladimir Nabokov) zhu ; Zhu Wan yi,,
OL26475235M,Enrique Tejedor,Translator,,eng,Lolita
OL15240843M,,,[Aus dem Amerikanischen von Helen Hessel],,
OL15314273M,,,przsłozył z angielskiego i rosyjskiego Robert Stiller.,,
OL23713492M,,,by Vladimir Nabokov.,eng,Lolita
OL19034738M,,,"Vladimir Nabokov ; edited, with preface, introduction and notes by Alfred Appel, Jr..",,
OL7914598M,Jeremy Irons,Narrator,,,
OL32052640M,,,,eng,Lolita
OL31463036M,James Mason,Narrator,,,
OL30628143M,Enrique Tejedor,Translator,,eng,Lolita
OL29111924M,,,Vladimir Nabokov. Aus d. Amerikan. von Helen Hessel,eng,Lolita
OL27135254M,,,Fulajimi'er Nabokefu zhu ; Chen Jinhui yi =,,
OL9129062M,,,,eng,Lolita
OL21357307M,,,Vladimir Nabokov. --,,
OL13537314M,,,Perevel s angliĭskogo avtor.,,
OL22603850M,,,translated from English by Udaykant.,,
OL22927143M,,,Vladimir Nabokov.,,
OL23116090M,,,Vladimir Nabokov.,,
OL1790139M,,,Vladimir Nabokov ; perevod s angliĭskogo avtora ; predislovie Viktora Erofeeva.,,
OL22967101M,,,Vladimir Nabokov.,,
OL1888804M,,,"Vladimir Nabokov ; edited, with preface, introduction, and notes by Alfred Appel, Jr.",,
OL22935677M,,,"Vladimir Nabokov ; [přeložil, Pavel Dominik].",,
OL18798332M,,,Vladimir Nabokov.,,
OL5217284M,"Alfred Appel, Jr.",Editor,"[by] Vladimir Nabokov. Edited, with pref., introd., and notes by Alfred Appel, Jr.",,
OL13073207M,Enrique Tejedor,Translator,,eng,Lolita
OL3489590M,,,Vladimir Nabokov.,,
OL2060999M,,,Vladimir Nabokov.,,
OL16141706M,,,Vladimir Nabokov. [Aus d. Amerikan. von Helen Hessel unter Mitarb. von ...].,,
OL22937448M,,,Nabokefu zhu ; Huang Jianren yi.,,
OL17407734M,,,"(by) Vladimir Nabokov ; edited, with preface, introduction and notes by Alfred Appel, Jr.",,
OL14976693M,,,by Betty Neels.,,
OL24238788M,,,Charlotte Lamb.,,
OL40269277M,,,,eng,Insurgent
OL27486205M,,,,eng,Insurgent
OL26430172M,,,,eng,Insurgent
OL22832422M,,,(by) Vladimir Nabokov.,,
OL9128953M,Enrique Tejedor,Translator,,eng,Lolita
OL22778771M,,,Vladimir Nabokov.,,
OL9128879M,,,,eng,Lolita
OL2060358M,,,Vladimir Nabokov.,,
OL2648926M,,,by Vladimir Nabokov.,,
OL1009275M,,,Vladimir Nabokov.,,
OL25429595M,M. Coutinho,Translator,Vladimir Nabokov ; [vert.: M. Coutinho],eng,Lolita
OL18498472M,,,by Betty Neels.,,
OL14975974M,,,by Anne Mather.,,
OL14977523M,,,by Anne Mather.,,
OL22815498M,,,Vladimir Nabokov.,,
OL4455431M,,,Vladimir Nabokov ; illustrated by Herbert Tauss.,,
OL22038644M,,,targum me-ʾanglit ṿe-aḥarit davar Devorah Shṭainharṭ.,,
OL1975375M,,,by Robyn Donald.,,
OL41418202M,Anne Delcourt,Translator,,eng,
OL37763009M,,,Weiluonika Luosi zhu ; Wang Mingda yi,,
OL37824153M,Anne Delcourt,Translator,,eng,Insurgent
OL42873919M,,,Veronica Roth ; traducción de Pilar Ramírez Tello,,
OL22656080M,,,Helen Brooks.,,
OL14977639M,,,by Sara Craven.,,
OL61334405M,Karin Breuker,Translator,,eng,The Duke and I
OL23244150M,,,Julia Quinn.,,
OL27178287M,,,Julia Quinn,,
OL25220820M,,,Veronica Roth,,
OL28419535M,,,Veronica Roth,,
OL20772112M,,,Jayne Ann Krentz.,,
OL24238468M,,,Jayne Ann Krentz.,,
OL32080924M,,,Helen Brooks,,
OL22388036M,,,by Sara Craven.,,
OL23054041M,,,Juliya Kun'en zhu ; Lan Dai'er yi = The duke and I / Julia Quinn.,,
OL13822275M,,,[suomentanut Niilo Lehtonen].,,
OL35331108M,,,Veronica Roth,,
OL24936582M,,,Carole Mortimer,,
OL37825877M,,,,eng,The Duke and I
OL61393M,,,Julia Quinn.,,
OL3579167M,,,Julia Quinn.,,
OL13822273M,,,o versa ttning av Ingrid Lindberg.,,
OL3248657M,,,Victoria Holt.,,
OL23170186M,,,Victoria Holt.,,
OL5881781M,,,by Victoria Holt.,,
OL21546650M,,,Victoria Holt.,,
OL14976780M,,,by Robyn Donald.,,
OL37080733M,,,E.L. James ; Tường Vy dịch,,
OL39814029M,,,"Ė.L. Dzheĭms ; per. s angl. T. Kitainoĭ, M. Klevetenko, I. Metlit͡skoĭ",,
OL30403400M,,,E. L. James,,
OL17365138M,,,Victoria Holt.,,
OL18699111M,,,Penny Jordan.,,
OL19047712M,,,Penny Jordan.,,
OL24240255M,,,Robyn Donald.,,
OL27143110M,,,EL James ; traduit de l'anglais par Denyse Beaulieu,,
OL20938346M,,,Victoria Holt.,,
OL32090770M,,,Penny Jordan,,
OL1451975M,,,by Penny Jordan.,,
OL38561370M,,,Ī. Ela. Jemsa,eng,Fifty Shades of Grey
OL28301694M,,,E.L. James ; z angielskiego przełożyła Monika Wiśniewska,,
OL25426759M,Pilar de la Peña Minguell,Translator,,,
OL25426759M,Helena Trías Bello,Translator,,,
OL27143624M,,,E. L. Jeimuzu ; Ikeda Makiko yaku = Fifty shades of Grey / E.L. James,,
OL20161132M,,,William Goldman.,,
OL16771051M,,,abridged by William Goldman,,
OL27137420M,,,E L Zhanmusi zhu ; Zhu Liya yi = Fifty shades of Grey / E L James,,
OL37059667M,,,E.L. James ; traduzione di Teresa Albanese,,
OL32980186M,,,E.L. James ; traduit de l'anglais par Denyse Beaulieu,,
OL28707931M,,,E.L. James,,
OL25630294M,bella,Editor,,,
OL18504626M,,,"the ""good parts"" version, abridged by William Goldman.",,
OL37049065M,,,E.L. James ; traduzione di Teresa Albanese,,
OL33220937M,,,E.L. Džejms ; prevela Eli Gilić,,
OL25373113M,,,E.L. James,,
OL377544M,,,by William Goldman.,,
OL15125290M,,,abridged by William Goldman.,,
OL22184538M,,,abridged by William Goldman.,,
OL21920251M,,,by William Goldman.,,
OL23273991M,,,by William Goldman.,,
OL18547862M,,,by Lucy Gordon.,,
OL18690287M,,,Judith McNaught.,,
OL15103284M,,,Judith McNaught.,,
OL24514119M,,,Judith McNaught,,
OL22998569M,,,Dzhudit Maknot ; [perevod s angliĭskogo G.O. Vesninoĭ].,,
OL61069239M,,,,eng,Queen of Shadows
OL39478333M,,,,eng,Queen of Shadows
OL39646060M,Elizabeth Evans,Narrator/Reader,,,
OL28844337M,,,,eng,Queen of Shadows
OL26795186M,Talexi,Cover Art and Illustrations,,,
OL26795186M,Kelly de Groote,Map,,,
OL25374014M,,,Jacqueline Baird,,
OL17376451M,,,by Anne Weale.,,
OL20947352M,,,by William Goldman.,,
OL17892075M,,,"the ""good parts"" version, abridged by William Goldman.",,
OL32201075M,Deniz Başkaya,Translator,,eng,Queen of Shadows
OL17295034M,,,Kathleen E. Woodiwiss.,,
OL24220215M,,,Kathleen E. Woodiwiss.,,
OL1876352M,,,Kathleen E. Woodiwiss.,,
OL17199353M,,,Kathleen E. Woodiwiss ; traduit par l'anglais par Jean-Paul Martin.,,
OL24945425M,,,by Eileen Jackson,,
OL18587170M,,,"the ""good parts"" version, abridged by William Goldman.",,
OL3704385M,,,"the ""good parts"" version, abridged by William Goldman.",,
OL24943048M,,,Lucy Gordon,,
OL1539825M,,,Judith McNaught.,,
OL24768944M,,,Judith McNaught,,
OL52232305M,Carolina Alvarado Graef,Translator,,eng,Queen of Shadows
OL34397483M,Lottie Eriksson,Translator,,eng,Queen of Shadows
OL48118528M,,,,eng,Queen of Shadows
OL38242269M,Mariana Kohnert,Translator,,eng,"Queen of Shadows (Throne of Glass, #4) Queen of Shadows : Throne of Glass #4"
OL26450462M,Marcin Mortka,Translator,,eng,"Queen of Shadows (Throne of Glass, Book 4)"
OL32188933M,Elizabeth Evans,Narrator/Reader,,,
OL27237022M,甘鎮隴,Translator,Shala J. Masi zhu ; Gan Zhenlong yi = Queen of shadows / Sarah J. Maas,eng,"Queen of Shadows (Throne of Glass, #4) Queen of Shadows : Throne of Glass #4"
OL27187236M,,,Sarah J. Maas,,
OL24428273M,,,Abby Green,,
OL24932846M,,,by Eileen Jackson,,
OL14977185M,,,by Anne Weale.,,
OL24217740M,,,by Anne Weale.,,
OL15560759M,,,by Sara Wood.,,
OL24935112M,,,Penny Jordan,,
OL1592445M,,,by Betty Neels.,,
OL3388429M,,,[Betty Neels].,,
OL46537247M,Eve Matheson,Narrator/Reader,,,
OL32343450M,,,Georgette Heyer,,
OL14978683M,,,by Betty Neels.,,
OL18406537M,,,by Betty Neels.,,
OL18699240M,,,Penny Jordan.,,
OL29633903M,,,,eng,Pleasured by the Secret Millionaire
OL24944598M,,,Natalie Anderson,,
OL43740281M,,,Georgette Heyer,,
OL3411570M,,,by Georgette Heyer.,,
OL23152893M,,,Georgette Heyer.,,
OL701874M,,,Shannon Drake.,,
OL23017284M,,,yuan zhu zhe Xuenong Duolei ; yi zhe Ding Luolin.,,
OL61396350M,С. Столбцов,Translator,,fre,
OL40240284M,,,Aleksander Dumas ; tłumaczył Stanisław Sierosławski,,
OL40228244M,,,"Da zhong ma, he jia",,
OL23080381M,,,Dazhongma zhu ; [yi zhe Li Yumin].,,
OL23078820M,,,"Alejandro Dumas ; compendio, Guillermo Sánchez Cano.",,
OL16177662M,,,"Alejandro Dumas ; [ilustraciones, Miguel Angel Leyva].",,
OL22902986M,,,Alejandro Dumas ; prólogo de Salvador Reyes Nevares.,,
OL22931047M,,,"Alejandro Dumas ; [traducción, Alejandro Ferrer].",,
OL24152170M,,,Alexandre Dumas.,,
OL60549090M,Maurice Leloir,Illustrator,,fre,Les Trois Mousquetaires
OL60549090M,Alejandro Diaz,Illustrator,,fre,Les Trois Mousquetaires
OL9728451M,,,,fre,
OL37794856M,,,"Da zhong ma, li zhi, yang jing",,
OL18555723M,,,introduction de Roger Nimier.,,
OL19588806M,,,Addasiad gan J.E.B. Jones.,,
OL37763391M,,,(Fa) da zhong ma (Alexandre. Dumas) zhu ; jin hai yi,,
OL27581093M,,,"Da zhong ma, li shan",,
OL44911667M,,,Aleksandr Di︠u︡ma ; [perevod s frant︠s︡uzskogo ; red. i vstup. statʹi︠a︡ M.S. Treskunova],,
OL43980490M,,,Dazhongma zhu ; Wuwo yi shu,,
OL27138060M,,,Dazhongma zhu ; Wu Guangjian yi,,
OL27117004M,,,Aleksandr D︠i︡uma ; khudozhnik A. Mitrofanov,,
OL22902978M,,,Alexandre Dumas.,,
OL16351912M,,,,fre,Les trois mousquetaires
OL22977432M,,,Alejandro Dumas.,,
OL48495168M,Kevin Theis,Editor,,,
OL40245277M,,,decorations by Valenti Angelo,,
OL18195477M,,,Coles Editorial Board.,,
OL50418724M,,,me-Anglit: Ṭalah Bar,,
OL47303468M,,,,eng,Northanger Abbey
OL35667094M,Michael Page,Narrator,,,
OL34896362M,Francisco Castro,Editor,,,
OL43980177M,,,Dazhongma zhu ; Zeng Mengpu yi,,
OL45021834M,,,the translation by William Robson with an introduction by Ben Ray Redman and illustrations by Pierre Falké ...,,
OL44710516M,,,translated from the French of Alexandre Dumas ; with numerous engravings on wood,,
OL34902427M,Success Oceo,Editor,,,
OL45022556M,,,by Alexandre Dumas ; hand-colored drawings by Edy Legrand ; the translation by William Robson ; with a preface by the author ; a letter from Dumas fils ; and a sequential letter from Andrew Lang,,
OL33221036M,,,Alexandre Dumas. Dt. von Herbert Bräuning,,
OL32859714M,,,Aleksander Dumas ; przełożyła Dorota Rybicka,,
OL32694556M,Sir Angels,Editor,,,
OL31965977M,,,Alexandre Dumas,,
OL32147379M,,,Alexander Dumas,,
OL31751055M,,,A. Du̇mas ; S. Vacirbatu,,
OL30870549M,,,by Alexandre Dumas ; the translation by William Robson ; with an introduction by Ben Ray Redman and illustrations by Pierre Falké,,
OL27926730M,,,"Da zhong ma zhu ; luo guo lin, wang xue wen yi",,
OL27092070M,,,by Alexandre Dumas,,
OL26882316M,,,Adaptation en français facile de Henri Remachel,,
OL26336656M,,,Alexandre Dumas,,
OL25554797M,,,Alexandre Dumas. Aus dem Franz. von Herbert Bra uning,,
OL24832865M,,,by Alexandre Dumas. .,,
OL24514396M,,,by Alexandre Dumas ; translated by Lowell Bair,,
OL16907851M,,,A. Di͡uma ; risunki Marisa Leluara.,,
OL24221872M,,,Translated from the latest French edition.,,
OL31120200M,,,"Alexandre Dumas, père ; illustrated by Scott McKowen",,
OL31020363M,,,by Alexandre Dumas,,
OL28315486M,Paul Schultink,Translator,Alexandre Dumas ; volledige vert. door Paul Schultink,fre,Les trois musquetaires
OL26893774M,,,Alexandre Dumas,,
OL25495059M,,,Alexandre Dumas,,
OL23125980M,,,Alêchxăng Đuyma ; Anh Vũ và Trsan Viuet dịch ; Anh Vũ giwoi thiueu.,,
OL20460046M,,,"Abridged with notes by J. H. T. Godwin, B.A.",,
OL16194222M,Arlinda Kondi,Translator,,,
OL31245290M,,,"by Alexandre Dumas ; hand-colored drawings by Edy Legrand ; the translation by William Robson ; with an preface by the author, a letter from Dumas fils and a sequential letter from Andrew Lang",,
OL29701260M,,,Alexandre Dumas ; éd.abrégée par Patricia Arrou-Vignod ; carnet de lecture par Thierry Aprile,,
OL29293087M,,,Alexandre Dumas,,
OL26944871M,,,Alexandre Dumas ; edited and translated by Lawrence Ellsworth ; interior illustrations by Maurice Leloir,,
OL25366559M,,,Alexandre Dumas ; with an introduction by Allan Massie,,
OL24956534M,,,by Alexandre Dumas,,
OL32119734M,,,Alexandre Dumas ; introduction de Roger Nimier,,
OL14412669M,,,Alexandre Dumas ; Nguye  n Sy  Nguye n dich.,,
OL22959261M,,,A. Di︠u︡ma.,,
OL22902993M,,,Dazhongma yuan zhu ; Lin Zhonglong gai xie.,,
OL23132651M,,,illustrated by Rowland Wheelwright.,,
OL14260401M,,,by Maurice Leloir.,,
OL23371343M,,,"Copiously illustrated with elegant pen and ink and wood engravings, specially drawn for this edition by eminent French and American artists.",,
OL25448773M,Richard Pevear,Translator,,fre,Les trois mousquetaires
OL8753109M,,,Tim Pigott Smith reads...,fre,Les trois mousquetaires
OL4579848M,,,"Alexandre Dumas ; translated by William Robson ; ill. by Maurice Leloir, engraved on wood by J. Huyot.",,
OL22822087M,,,Alexandre Dumas ; adapted by Stan Cullimore.,,
OL22412030M,,,told by E.F. Dodd.,,
OL22839418M,,,by Alexandre Dumas.,,
OL22828185M,,,illustrated by Roger Payne abridged by Natalie Hawley ; general editor: Grace Hogarth.,,
OL13568499M,,,Alexandre Dumas ; translated and with an introduction by Lord Sudley.,,
OL22835826M,,,freely adapted from the famous novel by Alexandre Dumas ; illustrations by Henry le Monnier.,,
OL6627552M,,,by Alexandre Dumas; with sixteen illustrations by Rowland Wheelwright.,,
OL23064763M,,,Alexandre Dumas ; translated by Jacques Le Clercq.,,
OL22448546M,,,Alexandre Dumas.,,
OL22409112M,,,Alexandre Dumas.,,
OL4329082M,,,"[Alexandre Dumas]. (et les) Mémoires de l'Artagnan / [Sandras de Courtilz] ; [extraits choisis et présentés] par Jean-Claude Perrin, ....",,
OL6561867M,,,"tr. by William Robson with a letter from Alexander Dumas fils and two hundred and fifty illustrations by Maurice Leloir, engraved on wood by J. Huyot.",,
OL4758283M,,,Alexandre Dumas ; illustrated by Don Daily.,,
OL2932195M,,,by Alexandre Dumas ; carefully translated from the French edition.,,
OL6130479M,,,Introd. by Thomas Layman.,,
OL6656616M,,,by Alexandre Dumas; translated by Philip Schuyler Allen. Illustrations by Milo Winter.,,
OL34913088M,Owen Smit,Editor,,,
OL23129834M,,,by Alexandre Dumas ; with eighteen illustrations by T. Philippoteau.,,
OL22838927M,,,by Alexandre Dumas ; with sixteen illustsrations by Roland Wheelwright.,,
OL22702897M,,,by Alexandre Dumas ; illustrated by F.C. Tilney.,,
OL32072628M,Rebecca K. Reynolds,Narrator,,,
OL22735986M,,,by Alexandre Dumas ; translated with an introduction by Richard Peaver.,,
OL24837825M,,,by Alexandre Dumas ; the translation by William Robson ; with an introduction by Ben Ray Redman and illustrations by Pierre Falké,,
OL18317316M,,,Alexandre Dumas ; Nguyẽ̂n Sỹ Nguyên dich.,,
OL13338768M,,,,fre,Les trois mosquetaires
OL40214076M,,,Alexandre Dumas ; [Deutsche Übersetzung von Isabella Jeannot],,
OL35355484M,,,Alexandre Dumas ; [adapté par Charles Dupaty],,
OL22840444M,,,by Alexandre Dumas.,,
OL22341612M,,,Alexandre Dumas.,,
OL37789176M,,,Alexandre Dumas ; [vert. uit het Frans en bew.].,,
OL37789143M,,,Alexandre Dumas. Aus dem Franz. von Hedwig Kehrli,,
OL35736081M,,,"Aleksandr Di͡uma ; [perevod s frant͡suzskogo V. Valʹdman, D. Libshit͡s, K. Ksanina]",,
OL36696596M,,,Alexandre Dumas,,
OL40745355M,Licence Creatives Commons BY-SA,Copyright,,,
OL34848985M,Richard S. Hartmetz,Editor,,,
OL6111289M,,,translated by Isabel Ely Lord; designed for modern reading. Illustrated by Daniel Rasmusson.,,
OL3966804M,,,Alexandre Dumas ; translated by William Barrow ; with illustrations by Edouard Zier.,,
OL22836065M,,,by Alexandre Dumas.,,
OL17338827M,,,by Alexandre Dumas ; a new translation by Henry L. Williams.,,
OL5231871M,,,Alexandre Dumas; [based on the original English translation by William Barrow ; revisions and] notes by James Gordon ; introduction by Anthony Burgess.,,
OL17283932M,,,Alexander Dumas ; translated from the French by William Barrow.,,
OL22775194M,,,Alexandre Dumas.,,
OL6630425M,,,by Alexandre Dumas; adapted for juvenile readers by Carolyn Sherwin Bailey; illustrated by Harold Brett.,,
OL6485828M,,,by Alexandre Dumas; illustrations by Arthur Jameson.,,
OL6295426M,,,par Alexandre Dumas ...,,
OL23130045M,,,by Alexandre Dumas.,,
OL3432267M,,,by Alexandre Dumas ; translated with an introduction by Richard Peaver.,,
OL32119737M,,,Alexandre Dumas,,
OL1533246M,,,Alexandre Dumas ; edited with an introduction by David Coward.,,
OL16353012M,,,Alexandre Dumas.,,
OL7354045M,,,An Abridgement by Lord Sudley,,
OL22409054M,,,Alexandre Dumas.,,
OL5856604M,,,Illustrated by James Daugherty.  Afterword by Clifton Fadiman.,,
OL22408412M,,,Alexandre Dumas.,,
OL22835915M,,,by Alexandre Dumas ; translated by William Robson.,,
OL22840671M,,,by Alexandre Dumas.,,
OL22832575M,,,by Alexandre Dumas.,,
OL24337865M,Hugo Gyllander,Translator,,fre,Les trois mousquetaires
OL22338884M,,,Alexandre Dumas.,,
OL16763191M,,,par Alexandre Dumas,,
OL22563188M,,,par Alexandre Dumas.,,
OL19644484M,,,Alexandre Dumas ; [introduction bibliographie et notes par Charles Samaran].,,
OL22855610M,,,by Alexandre Dumas ; illustrations by A. E.Bestall.,,
OL23266134M,,,by Alexandre Dumas ; trans. by Jacques Le Clercq.,,
OL6067567M,,,in a new translation by Jacques Le Clercq.,,
OL351173M,,,Alexandre Dumas ; illustrated by Tom Kidd ; afterword by Peter Glassman ; translated by Lowell Bair.,,
OL22789502M,,,by Alexandre Dumas.,,
OL6977531M,,,by Alexandre Dumas. Illustrated by Maurice Leloir.,,
OL22836033M,,,Alexandre Dumas.,,
OL6943113M,,,"newly tr. by Alfred Allinson, with an introduction by Andrew Lang [with eight coloured illustrations by Frank Adams].",,
OL22851693M,,,Alexandre Dumas.,,
OL22634296M,,,Alexandre Dumas ; [translated by William Barrow] ; with afterword by Ian Ousby.,,
OL6789662M,,,Alexandre Dumas ; introduction by Alan Furst ; translated by Jacques Le Clercq.,,
OL22839666M,,,Alexandre Dumas.,,
OL22838701M,,,by Alexandre Dumas.,,
OL385045M,,,Alexandre Dumas.,,
OL22840535M,,,by Alexandre Dumas.,,
OL6336268M,,,edited by Harry Vincent Wann ... and Mary Olga Peters.,,
OL6934246M,,,par Alexandre Dumas.,,
OL16749747M,,,"[Nouvelle] édition augmentée d'un sommaire biographique. [Introduction, bibliographie et notes par Charles Samaran.]",,
OL19966775M,,,Alexandre Dumas ; préface de Gilbert Sigaux.,,
OL13708260M,,,"introduction, bibliographies et notes par Charles Samaran.",,
OL23238732M,,,by Alexandre Dumas fils ; the translation by William Robson with an intro. by Ben Ray Redman & illus. by Edy Legrand.,,
OL23125172M,,,by Alexandre Dumas.,,
OL13875063M,,,AlexandreDumas .,,
OL6131895M,,,by Alexandre Dumas. A new translation by Jacques Le Clercq. Edited and abridged by the translator especially for The Illustrated Junior Library. Illustrated by Norman Price and E.C. Van Swearingen.,,
OL6131896M,,,"a new translation by Jacques Le Clercq, edited and abridged by the translator especially for the Illustrated junior library. Illustrated by Norman Price and E.C. Van Swearingen.",,
OL23746752M,,,Alexandre Dumas ; a new translation by Jacques La Clercq ; edited and abridged by the translator especially for the Illustrated Junior Library ; illustrated by Norman Price and E. C. Van Swearingen.,,
OL22408397M,,,Alexandre Dumas ; edited with an introduction by David Coward.,,
OL24152522M,,,Alexandre Dumas,,
OL22855611M,,,by Alexander Dumas.,,
OL22395160M,,,translated from the French of Alexandre Dumas.,,
OL6977527M,,,"Alexandre Dumas ; translated by William Robson, with a letter from Alexandre Dumas fils, and two hundred and fifty illustrations by Maurice Leloir engraved on wood by J. Huyot.",,
OL22839184M,,,by Alexandre Dumas ; translated by William Robson ; illustrated by Hookway Cowles.,,
OL22814936M,,,Alexandre Dumas ; [edited by Robin Waterfield].,,
OL22839613M,,,by Alexandre Dumas ; the translation by William Robson ; with an introduction by Ben Ray Redman.,,
OL6069923M,,,"The translation by William Robson, with an introd. by Ben Ray Redman & illus. by Edy Legrand.",,
OL6222179M,,,Illustrated by C. Walter Hodges. Introd. by Mary Lamberton Becker.,,
OL22836064M,,,by Alexandre Dumas.,,
OL22721434M,,,Alexandre Dumas ; retold by Ronald D.K. Storer.,,
OL20940785M,,,by Alexandre Dumas ; adapted by Malvina G. Vogel ;iil. by Pablo Marcos Sutdio.,,
OL23248512M,,,"a new translation by Jacques Le Clercq, edited and abridged by the translator especially for the Illustrated junior library. Illustrated by Norman Price and E.C. Van Swearingen.",,
OL6419452M,,,"par Alexandre Dumas, edited for rapid reading, with progressive page vocabularies and notes, by James L. Cattell and John T. Fotos.",,
OL20347808M,,,Alexandre Dumas ; préface de André Fraigneau.,,
OL22081684M,,,"Abridged and Edited, with introduction, notes, exercises, and vocabulary, by Richmond Laurin Hawkins.",,
OL21571469M,,,"[Nouvelle] édition augmentée d'un sommaire biographique. [Introduction, bibliographie et notes par Charles Samaran.]",,
OL22442436M,,,"par Alexandre Dumas ; edited and annotated, for use in colleges and schools by F. C. Sumichrast.",,
OL6687580M,,,"edited and annotated, for use in colleges and schools, by F. C. Sumichrast, with vocabulary by Francis K. Ball.",,
OL22389412M,,,par Alexandre Dumas. Tome 3.,,
OL13686049M,,,introduction de Roger Nimier.,,
OL22067076M,,,par Alexandre Dumas.,,
OL23826577M,,,Alexandre Dumas.,,
OL6494640M,,,By Alexander Dumas. Translated from the French by Park Benjamin.,,
OL6805557M,,,by Alexandre Dumas ; illustrated by Maurice Leloir.,,
OL22456509M,,,Alexandre Dumas ; illustrated by F. C. Tilney.,,
OL23826693M,,,éditions présenté et annoté par Gilbert Sigaux / Alexandre Dumas.,,
OL22838017M,,,by Alexandre Dumas ; newly translated by Alfred Allinson ; with an introduction by Andrew Lang.,,
OL22420213M,,,by Alexandre Dumas ; translated by William Robson ; with a letter from Alexandre Dumas fils and two hundred and fifty illustrations by Maurice Leloir engraved on wood by J. Huyot.,,
OL20799273M,,,Alexandre Dumas ; préface de Alain Decaux.,,
OL17289157M,,,by Alexandre Dumas.,,
OL20161262M,,,par Alexandre Dumas.,,
OL24019910M,,,by Alexandre Dumas ; the translation by William Robson with an introduction by Ben Ray Redman and illustrations by Pierre Falké.,,
OL23187324M,,,Alexandre Dumas ; edited with an introduction and notes by David Coward.,,
OL22408291M,,,"Alexandre Dumas ; introduced by Anthony Burgess, notes by James Gordon.",,
OL22785058M,,,Alexandre Dumas.,,
OL6977526M,,,By Alexandre Dumas.,,
OL22839202M,,,by Alexandre Dumas.,,
OL22408481M,,,Alexandre Dumas.,,
OL6407454M,,,by Alexandre Dumas; illustrated by Mead Schaeffer.,,
OL37235530M,,,,fre,Les trois mousquetaires
OL6935965M,,,"par Alexandre Dumas, with introduction, notes, and vocabulary, by C. Fontaine ...",,
OL16857431M,,,"Alexandre Dumas ; avec une lettre d'Alexandre Dumas fils ; compositions de Maurice Leloir, gravures sur bois de J. Huyot",,
OL21433783M,,,"[introduction, bibliographie et notes par Charles Samaran].",,
OL7192275M,,,edited and annotated by F.C. Sumichrast.,,
OL17223098M,,,d'après Alexandre Dumas.,,
OL5552108M,,,Adaptation en français facile par R. de Roussy de Sales.,,
OL14699030M,,,By Alexandre Dumas,,
OL19515884M,,,"Roman in zwei Teilen von Alexander Dumas aus dem Französischen, ubersetztund eingeleitet von Ulrich Rauscher. Mit vielen Bildern von Philippoteau.",,
OL21822996M,,,Nguyên S~y Nguyên dich.,,
OL22724414M,,,Alexandre Dumas ; edited by John Kennett.,,
OL23127994M,,,by Alexandre Dumas.,,
OL22837738M,,,"Alexandre Dumas ; translated by William Robson, with a letter from Alexandre Dumas fils, and 250 illustrations by Maurice Leloir, engraved on wood by J. Huyot.",,
OL22033560M,,,"[Introd., bibliographie et notes, par Charles Samaran]",,
OL6349180M,,,by Alexander Dumas; with twelve original illustrations.,,
OL16623331M,,,"by Jacques La Clerq, edited and abridged by the translator especially for the Illustrated junior library. Illustrated by Norman Price and E.C. Van Swearingen.",,
OL22839416M,,,by Alexandre Dumas ; illustrated by Sir John Gilbert.,,
OL6489500M,,,by Alexandre Dumas. With twelve original illustrations.,,
OL22420809M,,,"by Alexandre Dumas ; wth 8 plates in colour, 80 illustration and text based on the Metro-Goldwyn-Mayer Technicolor Film ""The Three Musketeers"".",,
OL22808505M,,,Alexander Dumas ; adapted by Marion Kimberly.,,
OL6660184M,,,"par Alexandre Dumas; abridged and edited with notes, conversation and composition exercises, and vocabulary, by Victor E. François ...",,
OL6688652M,,,"par Alexandre Dumas, abridged and edited, with introduction, notes, exercises, and vocabulary, by Richmond Laurin Hawkins ...",,
OL20933116M,,,par Alexandre Dumas.,,
OL23826678M,,,Alexandre Dumas.,,
OL6285016M,,,par Alexandre Dumas; adapted and edited by Marguirette Struble and Helen M. Eddy ... illustrations by Edmund Giesbert.,,
OL21480326M,,,"abridged and edited with introduction, notes, exercises and vocabulary, by R.L. Hawkins.",,
OL21920311M,,,"Alexandre Dumas ; [introduction, bibliographie et notes par Charles Samaran.",,
OL19790615M,,,[translated from the French by Herbert Bräuning; postscript by Christine Wolter].,,
OL17441320M,,,by Alexandre Dumas.,,
OL17459060M,,,by Alexandre Dumas.,,
OL17458358M,,,by Alexander Dumas ; translated from the French by Park Benjamin.,,
OL17322839M,,,Alexandre Dumas.,,
OL2047919M,,,Janet Dailey.,,
OL15135498M,,,by Emilie Loring.,,
OL31882114M,,,by Lynne Graham,,
OL24929928M,,,by Lynne Graham,,
OL36639394M,María Cristina Martín Sanz,Translator,,eng,"Red, White & Royal Blue"
OL27270721M,Raegan Labat,Author Photographer,,,
OL27270721M,Colleen Reinhart,Cover Art and Illustrations,,,
OL27270721M,Colleen Reinhart,Cover Design,,,
OL27270721M,Anna Gorovoy,Designer,,,
OL18797653M,,,Jacqueline Baird.,,
OL24207113M,,,Janet Dailey,,
OL6764459M,,,by Emilie Loring.,,
OL23025849M,,,Lisha Kelaipei zhu ; Jiang Kewei yi = Stranger in my arms / Lisa Kleypas.,,
OL22511022M,,,by Anne Weale.,,
OL21223885M,,,by Janet Dailey.,,
OL20936799M,,,Emilie Loring.,,
OL3954352M,,,Emilie Loring.,,
OL14976735M,,,by Margaret Way.,,
OL24404422M,,,Margaret Way,,
OL6796991M,,,Lisa Kleypas.,,
OL23612876M,,,Michelle Reid.,,
OL44449857M,,,Jēn Ōsutin ; Nakao Mari yaku,,
OL32804059M,Jenny Sánchez,Editor,,,
OL32804059M,Jenny Sanchez,Editor,,,
OL49780044M,Kevin Theis,Editor,,,
OL14976666M,,,by Helen Bianchin.,,
OL22326873M,,,Janet Dailey.,,
OL14980601M,,,Janet Dailey.,,
OL60598620M,,,,,Cadáver exquisito
OL29762592M,Sarah Moses,Translator,,spa,Cadáver exquisito
OL29762592M,What we see never lies in what we say. —Gilles Deleuze,Epigraph,,spa,Cadáver exquisito
OL29762592M,"They nibble away at my brain, Drinking the juice of my heart And they tell me bedtime stories. . . —Patricio Rey y sus Redonditos de Ricota",Epigraph,,spa,Cadáver exquisito
OL29762592M,"For my brother, Gonzalo Bazterrica",Dedicated to,,spa,Cadáver exquisito
OL14981067M,,,Helen Bianchin.,,
OL14976354M,,,by Janet Dailey.,,
OL22341247M,,,Sally Wentworth.,,
OL24934203M,,,by Helen Bianchin,,
OL2547303M,,,Helen Bianchin.,,
OL7221157M,,,By Mary Roberts Rinehart.,,
OL23637614M,,,Joan Wolf.,,
OL18344871M,,,by Carole Mortimer.,,
OL6578629M,,,by Mary Roberts Rinehart ; with illustrations.,,
OL7161492M,,,By Mary Roberts Rinehart.,,
OL3696546M,,,by Mary Roberts Rinehart.,,
OL14978532M,,,Lynne Graham.,,
OL22354891M,,,by Mary Roberts Rinehart.,,
OL24390432M,,,Penny Jordan,,
OL2535574M,,,Janet Dailey.,,
OL971520M,,,Johanna Lindsey.,,
OL24372529M,,,Johanna Lindsey,,
OL28373002M,,,Jacqueline Baird,,
OL60553211M,Federica Losanto,Translator,,fre,L’étranger
OL59795241M,,,Albert Camus,,
OL52777722M,,,Tarjome-ye Raḥmat-e Moṣṭafavī,fre,
OL52777721M,,,[va] Asghar Khibrahzadah,,
OL54745474M,Carlos Fernandez,Translator,,,
OL53111651M,,,"by Albert Camus, translated from the French by Stuart Gilbert",fre,
OL55023739M,J. V. Editors,Editor,,,
OL3388059M,,,by Lynne Graham.,,
OL32083755M,,,Penny Jordan,,
OL20500921M,,,Janet Dailey.,,
OL22835446M,,,by Penny Jordan.,,
OL27212134M,,,"Colleen Hoover, Tarryn Fisher",,
OL24964414M,,,by Betty Neels,,
OL59322423M,,,"Ālbir Kāmū ; tarjamah-ʼi Jalāl Āl Aḥmad, Aṣghar Khibrahʹzadah",fre,
OL52280061M,,,Albert Camus ; wergera ji firansi: Fawaz Husên,,
OL56491695M,Carlos Fernandez,Translator,,,
OL54747680M,Alana Kaleo,Translator,,,
OL53421270M,,,compiled by American and French Research on the Treasury of the French Language,,
OL56137974M,Carlos Fernandez,Translator,,,
OL56237476M,Anton Rivas,Translator,,,
OL23658970M,,,Penny Jordan.,,
OL18406529M,,,by Sharon Kendrick.,,
OL14977170M,,,by Janet Dailey.,,
OL10739642M,,,Janet Dailey,,
OL14977608M,,,by Penny Jordan.,,
OL22394557M,,,by Penny Jordan.,,
OL20121426M,,,by Penny Jordan.,,
OL24975211M,,,by Betty Neels,,
OL59692974M,Adriaan Morriën,Translator,,fre,L’étranger
OL59692974M,Esther van Gameren,Cover Design,,fre,L’étranger
OL59692974M,Esther van Gameren,Cover Art,,fre,L’étranger
OL59692974M,Henri Cartier-Bresson,Author Photographer,,fre,L’étranger
OL59692974M,Peter Verwey,Interior Design,,fre,L’étranger
OL59692974M,Druk Hooiberg,Printer,,fre,L’étranger
OL54677780M,Anton Rivas,Translator,,,
OL55116071M,Jorge Martinez,Editor,,,
OL56642129M,Maria Mendez,Editor,,,
OL56609310M,Ricardo Martinez,Editor,,,
OL5121981M,,,"Albert Camus ; avec une notice biographique, une étude sur la pensée de l'auteur, une analyse méthodique du roman, des questions, des notes, des jugements et des sujets de réflexions par Jean Oudart.",,
OL22224268M,,,"Albert Camus ; avec une notice biographique, une étude sur la pensée de l'auteur, une analyse méthodique du roman, des questions, des notes, des jugements et des sujets de réflexion, par Jean Oudart.",,
OL56372713M,Lirienne Barjavel,Translator,,,
OL54788752M,Ricardo Martinez,Editor,,,
OL55566190M,Ricardo Martinez,Editor,,,
OL55420637M,Raul Bracho,Translator,,,
OL56138034M,Jorge Martinez,Editor,,,
OL56491598M,Carlos Fernandez,Translator,,,
OL56369050M,Antonella Lombardi,Editor,,,
OL15220694M,,,"avec une notice biographique, une étude sur la pensée de l'auteur, une analyse méthodique du roman, des questions, des notes, des jugements et des sujets de réflexion par Jean Oudart.",,
OL57363934M,Jan Stolpe,Translator,,fre,
OL55301450M,Natalie Montoto,Translator,,,
OL54789312M,Shantal Lopez,Editor,,,
OL55497370M,Anton Rivas,Translator,,,
OL56673587M,Francisco Castro,Editor,,,
OL50972958M,Valerie Rumjanek,Translator,,fre,L’étranger
OL44976334M,,,Albert Camus,,
OL48213578M,Matthew Ward,Translator,,,L’Etranger
OL48213578M,Helen Yentus,Cover Design,,,L’Etranger
OL42244280M,Dainy d. Angeles,Editor,,,
OL6496915M,,,"by Albert Camus, translated from the French by Stuart Gilbert.",,
OL45101001M,,,"by Albert Camus, translated from the French by Stuart Gilbert",,
OL44661561M,,,"Albert Camus ; accompagné des dessins de José Muñoz ; [conception et réalisation graphique, Didier Gonord]",,
OL41520142M,Matthew Ward,Translator,,fre,L'Etranger
OL37003185M,,,,fre,
OL37821150M,Bonifacio del Carril,Translator,,fre,L'Étranger
OL9199556M,Bonifacio del Carril,Translator,,fre,L'Étranger
OL37821146M,José Ángel Valente,Translator,,fre,L'Étranger
OL37821146M,José Miguel Oviedo,Prologue,,fre,L'Étranger
OL32383931M,Bonifacio del Carril,Translator,,fre,L'Étranger
OL37821111M,Bonifacio del Carril,Translator,,fre,L'Étranger
OL16779968M,Stuart Gilbert,Translator,,fre,Étranger
OL16779968M,Camus Albert,Author,,fre,Étranger
OL37821147M,Bonifacio del Carril,Translator,,fre,L'Étranger
OL9533425M,José Ángel Valente,Translator,,fre,L'Étranger
OL9533425M,Eduardo Úrculo,Illustrator,,fre,L'Étranger
OL9533425M,Mario Vargas Llosa,Epilogue,,fre,L'Étranger
OL37821117M,Bonifacio del Carril,Translator,,fre,L'Étranger
OL9117511M,José Ángel Valente,Translator,,fre,L'Étranger
OL9117511M,José María Guelbenzu,Prologue,,fre,L'Étranger
OL23026749M,,,Albert Camus ; Turan Minh dịch thuuat.,,
OL9890743M,,,,fre,L'Étranger
OL24656599M,Laima Rapšytė,Translator,,,
OL24656599M,P. Bieliauskas,Editor,,,
OL24656599M,S. Chlebinskis,Cover Art,,,
OL24656599M,L. Spurga,Art Director,,,
OL24656599M,R. Berteškaitė,Technical Editor,,,
OL24656599M,L. Abramavičienė,Proofreader,,,
OL22042880M,,,Albert Camus.,,
OL22157787M,,,Albert Camus ; dossier réalisé par Mériam Korichi ; lecture d'image par Agnès Verlet.,,
OL37821157M,Bonifacio del Carril,Translator,,fre,L'Étranger
OL37821157M,Daniel Gil,Cover Design,,fre,L'Étranger
OL37821148M,Bonifacio del Carril,Translator,,fre,L'Étranger
OL22966320M,José Angel Valente,Translator,,fre,L'Étranger
OL30559742M,Bonifacio del Carril,Translator,,fre,L'Étranger
OL37821197M,Bonifacio del Carril,Translator,,fre,L'Étranger
OL22941187M,,,Kamiu zhu ; Guo Hong'an yi.,,
OL24981958M,,,"Albert Camus ; [traducción, Bonifacio del Carril]",,
OL37821068M,María Teresa Gallego Urrutia,Translator,,fre,L'Étranger
OL37821068M,Amaya García Gallego,Translator,,fre,L'Étranger
OL24828697M,,,dening Albert Camus ; alihbasa dening Revo Arka Giri Soekatno,,
OL18261136M,,,Albert Camus ; traduzione di Alberto Zevi.,,
OL37821194M,Bonifacio del Carril,Translator,,fre,L'Étranger
OL37821194M,José María Carandell,Prologue,,fre,L'Étranger
OL37821110M,José Muñoz,Illustrator,,fre,L'Étranger
OL37821110M,José Ángel Valente,Translator,,fre,L'Étranger
OL9117156M,José Ángel Valente,Translator,,fre,L'Étranger
OL24942619M,Bonifacio del Carril,Translator,,fre,L'Étranger
OL9116868M,Bonifacio del Carril,Translator,,fre,L'Étranger
OL28381328M,,,Albert Camus ; [übertragen ins Deutsche von Georg Goyert und Hans Georg Brenner ; Umschlagentwurf Werner Rebhuhn,,
OL37821118M,José Ángel Valente,Translator,,fre,L'Étranger
OL24961866M,,,"avec une notice biographique, une étude sur la pensée de l'auteur, une analyse méthodique du roman, des questions, des notes, des jugements et des sujets de réflexion par \Jean Oudart\",,
OL18919026M,,,Albert Camus.,,
OL37820837M,Bonifacio del Carril,Translator,,fre,L'Étranger
OL37820837M,Daniel Gil,Cover Design,,fre,L'Étranger
OL37821155M,Bonifacio del Carril,Translator,,fre,L'Étranger
OL37821153M,Bonifacio del Carril,Translator,,fre,L'Étranger
OL37821153M,María Ángeles Soler,Prologue,,fre,L'Étranger
OL34116097M,María Teresa Gallego Urrutia,Translator,,fre,L'Étranger
OL34116097M,Amaya García Gallego,Translator,,fre,L'Étranger
OL12953892M,Bonifacio del Carril,Translator,,fre,L'Étranger
OL37821189M,Bonifacio del Carril,Translator,,fre,L'Étranger
OL37821189M,Daniel Gil,Cover Design,,fre,L'Étranger
OL9151179M,,,,fre,L'Étranger
OL12953623M,Bonifacio del Carril,Translator,,fre,L'Étranger
OL12953622M,Bonifacio del Carril,Translator,,fre,L'Étranger
OL9492739M,Bonifacio del Carril,Translator,,fre,L'Étranger
OL23012325M,,,Albert Camus.,,
OL3940984M,,,Albert Camus ; translated from the French by Matthew Ward.,,
OL22116658M,,,Albert Camus ; edited by Ray Davison.,,
OL3187636M,,,Albert Camus ; translated from the French by Matthew Ward.,,
OL22639589M,,,Albert Camus ; translated from the French by Joseph Laredo.,,
OL22237754M,,,Albert Camus ; translated from the French by Joseph Laredo.,,
OL20683922M,,,Albert Camus ; translated from the French by Joseph Laredo.,,
OL20730164M,,,Albert Camus ; translated by Stuart Gilbert ; with an introduction by Cyril Connolly.,,
OL17049536M,,,by Albert Camus.,,
OL22810436M,,,"edited by Germaine Brée and Carlos Lynes, Jr.",,
OL13545616M,,,Albert Camus.,,
OL18309493M,,,Albert Camus.,,
OL18309503M,,,Albert Camus.,,
OL22838085M,,,translated by Stuart Gilbert.,,
OL13658114M,,,Albert Camus.,,
OL24395412M,Adriaan Morriën,Translator,Albert Camus ; [vert.: Adriaan Morriën],fre,L'étranger
OL13549276M,,,"by Albert Camus, translated from the French by Stuart Gilbert.",,
OL13885853M,,,Albert Camus ; Tua n Minh dich thua t.,,
OL20792786M,,,Albert Camus.,,
OL22388420M,,,Albert Camus ; translated from the French by Matthew Ward ; with an introduction by Peter Dunwoodie.,,
OL22820947M,,,by Albert Camus ; (translated by Joseph Laredo ; introduction by Richard Howard).,,
OL28459697M,Joseph Laredo,Translator,,fre,L'Étranger
OL21491138M,,,by Albert Camus ; translated from the French by Stuart Gilbert with an introd. by Cyril Connolly.,,
OL23827736M,,,Albert Camus.,,
OL14412557M,,,Albert Camus.,,
OL6177586M,,,"edited by Germaine Brée and Carlos Lynes, Jr.",,
OL18071527M,,,"Albert Camus ; edited by Germaine Brée and Carlos Lynes, Jr.",,
OL19705219M,,,[by] A. Camus ; [edited by] G. Bree and C. Lynes.,,
OL22081301M,,,translated from the French by Stuart Gilbert.,,
OL23827760M,,,Albert Camus. Edited by Germaine Brée and Carlos Lynes.,,
OL22831306M,,,Albert Camus ; Tuân Minh dichthuât.,,
OL5323559M,,,"Translated from the French by Stuart Gilbert. With an introd. by Wallace Fowlie, the author's pref., and paintings by Daniel Maffia.",,
OL22184183M,,,cyfieithiad gan Bruce Griffiths.,,
OL13871445M,,,translated by Rajender Yadav.,,
OL4273552M,,,Albert Camus ; translated from the French by Kate Griffith.,,
OL4700559M,,,edited by Germaine Brée & Carlos Lynes.,,
OL22822413M,,,translated from The French by Stuart Gilbert with an introduction by Cyril Connolly.,,
OL21444790M,,,"by Albert Camus, translated from the French by Stuart Gilbert.",,
OL14631563M,,,Albert Camus,,
OL22798434M,,,by Albert Camus. Translated from the French by Stuart Gilbert. Introduction by Cyril Connolly.,,
OL20327903M,,,Albert Camus.,,
OL22779142M,,,[par] Albert Camus,,
OL17721542M,,,Albert Camus.,,
OL18309511M,,,Albert Camus ; edited by Germaine Breé and Carlos Lynes.,,
OL20132518M,,,Albert Camus ; traduzione dal francese di Alberto Zevi.,,
OL16481314M,,,by Albert Camus ; translated from the French by Stuart Gilbert,,
OL13854352M,,,Albert Camus.,,
OL12952795M,Bonifacio del Carril,Translator,,fre,L'Étranger
OL17779153M,,,Albert Camus ; edited by Ray Davison.,,
OL31773625M,,,"Albert Camus ; préface par Catherine Boivineau ; dikanteny, Esther Randriamamonjy",,
OL19245110M,,,Albert Camus.,,
OL1744992M,,,Albert Camus ; translated from the French by Matthew Ward ; with an introduction by Peter Dunwoodie.,,
OL32119961M,,,Albert Camus ; étude de l'œuvre par Annik-Corona Ouellette,,
OL22901131M,,,Kamyu ; Kubota Keisaku yaku.,,
OL6791553M,,,Janet Dailey.,,
OL20936687M,,,Catherine George.,,
OL9582882M,,,Jayne Ann Krentz,,
OL14978485M,,,by Lindsay Armstrong.,,
OL20820044M,,,Albert Camus.,,
OL22819151M,,,Albert Camus ; translated by Joseph Laredo.,,
OL13753718M,,,translated from the French by Stuart Gilbert.,,
OL24739071M,,,Jayne Ann Krentz,,
OL3392562M,,,Jayne Ann Krentz.,,
OL3690304M,,,Penny Jordan.,,
OL35669035M,Ana Guadalupe,Translator,,,
OL35669035M,Alceu Chiesorin Nunes,Illustrator,,,
OL35654107M,Anne Rabinovitch,Translator,,,
OL35654106M,Anne Rabinovitch,Translator,,,
OL13910048M,,,Albert Camus.,,
OL32131449M,,,"by Albert Camus ; translated from the French by Stuart Gilbert, with an introduction by Cyril Connolly",,
OL28388361M,,,translated from the French by Stuart Gilbert,,
OL24975645M,,,"avec une notice biographique, une étude sur la pensée de l'auteur, une analyse méthodique du roman, des questions, des notes, des jugements et des sujets de réflexion par \Jean Oudart\",,
OL2060906M,,,Albert Camus ; translated from the French by Matthew Ward.,,
OL20500636M,,,Janet Dailey.,,
OL14980662M,,,Janet Dailey.,,
OL2941324M,,,by Catherine George.,,
OL17318264M,,,by Catherine George.,,
OL24216829M,,,Lindsay Armstrong.,,
OL35653154M,Lâle Akalın,Translator,,,
OL26385485M,,,Elizabeth Thornton,,
OL24952704M,,,Hannah Howell,,
OL26410840M,Małgorzata Kaczarowska,Translator,,eng,The One
OL27173026M,,,Qila Kaisi zhu ; Lai Tingting yi = The one / Kiera Cass,,
OL27157405M,,,Kiera Cass,,
OL24937137M,,,Roberta Leigh,,
OL14978317M,,,by Penny Jordan.,,
OL48806102M,"This book is dedicated to Matt, the Frog to my Toad.",Dedicated to,,,
OL21272755M,,,by Georgette Heyer.,,
OL44715308M,Madeleine Nasalik,Translator,,eng,The One
OL27328073M,,,No,,
OL27214745M,,,K'iera K'asŭ chiŭm ; Sin Sŏn-hae omgim,eng,The One
OL61638446M,Ana Mata Buil,Translator,,eng,Heated Rivalry
OL61638446M,Anaís Badilla,Translator,,eng,Heated Rivalry
OL24891304M,,,Georgette Heyer,,
OL20130268M,,,by Penny Jordan.,,
OL9735945M,,,Penny Jordan,,
OL32130680M,,,Penny Jordan,,
OL20346937M,,,Carole Mortimer.,,
OL1974460M,,,by Robyn Donald.,,
OL18406513M,,,by Patricia Wilson.,,
OL24975343M,,,Betty Neels,,
OL2738323M,,,Penny Jordan.,,
OL14977422M,,,by Penny Jordan.,,
OL14978035M,,,by Penny Jordan.,,
OL35342443M,,,Penny Jordan ; [traduction française de Anne Dautun],eng,The Perfect Father
OL9573269M,,,Patricia Wilson,,
OL3283558M,,,Betty Neels.,,
OL18915686M,,,by Betty Neels.,,
OL24964351M,,,Betty Neels,,
OL17436032M,,,by Yvonne Whittal.,,
OL14977255M,,,by Yvonne Whittal.,,
OL61125620M,,,,eng,Flawless
OL18427250M,,,by Penny Jordan.,,
OL24934924M,,,Penny Jordan,,
OL22360853M,,,Carole Mortimer.,,
OL24934223M,,,by Carole Mortimer,,
OL17403958M,,,by Kay Thorpe.,,
OL14980277M,,,by Yvonne Whittal.,,
OL45059082M,,,tr. de l'anglais de Jeanne Austen ... par Mme. Hyacinthe de F**** ...,,
OL31939683M,,,Jane Austen ; traducció de Jordi Arbonès,,
OL27113495M,,,Nora Roberts ; [perevod s angliĭskogo E. Ka︠t︡sa],,
OL3282751M,,,Nora Roberts.,,
OL14977632M,,,by Penny Jordan.,,
OL24940664M,,,Penny Jordan,,
OL25223590M,,,Nora Roberts,,
OL23035117M,,,Nora Roberts ; [perevod s angliĭskogo V. Prorokovoĭ].,,
OL997759M,,,Nora Roberts.,,
OL32479558M,Ivana Svobodová,Translator,,eng,A Court of Silver Flames
OL35361417M,Arif Dursun,Translator,,eng,A Court of Silver Flames
OL36479896M,Julio Sierra,Translator,,eng,A Court of Silver Flames
OL16418989M,,,Nora Roberts.,,
OL24958414M,,,Nora Roberts,,
OL3558953M,,,Nora Roberts.,,
OL23246549M,,,Nora Roberts.,,
OL33040281M,,,Nora Roberts ; [perevod s angliĭskogo V. Prorokovoĭ],,
OL18403317M,,,Nora Roberts.,,
OL52226052M,Julio A. Sierra,Translator,,eng,A Court of Silver Flames
OL37757323M,Anne-Judith Descombey,Translator,,eng,A Court of Silver Flames
OL37012784M,Heinrich Koop,Translator,,eng,A Court of Silver Flames
OL37012784M,Franca Fritz,Translator,,eng,A Court of Silver Flames
OL33329818M,,,Débora Marín,eng,A Court of Silver Flames
OL31927518M,,,Nora Roberts ; traduit de l'américain par Pascale Haas,,
OL16418983M,,,Nora Roberts.,,
OL3384564M,,,Nora Roberts.,,
OL35680809M,Julio Sierra,Translator,,eng,A Court of Silver Flames
OL61105943M,,,,eng,The Ruthless Magnate's Virgin Mistress
OL32139111M,,,Lynne Graham,,
OL44619709M,,,Klaĭv Lʹi︠u︡is ; perevod Bakhyta Kenzheeva,,
OL20939038M,,,Illustrated by Pauline Baynes.,,
OL22628771M,,,C.S. Lewis ; illustrated by Pauline Baynes.,,
OL20186710M,,,C.S. Lewis ; illustrated by Pauline Baynes.,,
OL18426647M,,,illustrated by Pauline Baynes.,,
OL13875253M,,,C. S Lewis .,,
OL21378992M,,,by C. S. Lewis ; illustrated by Pauline Baynes.,,
OL22640688M,,,C. S. Lewis ; illustrated by Pauline Baynes.,,
OL22314700M,,,C.S. Lewis ; illustrated by Pauline Baynes.,,
OL23758383M,,,by C.S. Lewis ; illustrated by Pauline  Baynes.,,
OL364000M,,,C.S. Lewis ; abridged and illustrated by Robin Lawrie.,,
OL13875254M,,,C. S Lewis,,
OL1406031M,,,C.S. Lewis ; illustrated by Pauline Baynes.,,
OL23578795M,,,Lynne Graham.,,
OL44257215M,,,Kʻ.S. Luis ; anglerēnē tʻargmanutʻiwně Nanor Mikʻayēleani = The magician's nephew / C.S. Lewis ; translated from English by Nanor Mikayelian,,
OL23001995M,,,C.S. Ruisu saku ; Seta Teiji yaku.,,
OL23099018M,,,"C.S. Lewis ; myndirnar gerði Pauline Baynes ; Kristín R. Thorlacius, íslenskaði.",,
OL24336231M,Pauline Baynes,Illustrator,,eng,The magician's nephew
OL24336231M,Birgitta Hammar,Translator,,eng,The magician's nephew
OL2548006M,,,C.S. Lewis ; illustrations by Pauline Baynes.,,
OL20316054M,,,C.S. Lewis ; illustrated by Pauline Baynes.,,
OL20980802M,,,Übersetzt von Lena Lademann-Wildhagen.,,
OL23033776M,,,C. S. Luyisi (C. S. Lewis) zhu ; Peng Qianwen yi.,,
OL22370207M,,,illustrated by Pauline Baynes.,,
OL3318376M,,,C.S. Lewis ; illustrated by Pauline Baynes.,,
OL3316363M,,,C. S. Lewis.,,
OL22755070M,,,C.S. Lewis ; illustrated by Pauline Baynes,,
OL15577507M,,,by Aurand Harris ; a dramatization from the story by C.S. Lewis ; optional music by William Penn.,,
OL20939258M,,,C.S. Lewis ; illustrations by Pauline Baynes.,,
OL6180993M,,,illustrated by Pauline Baynes.,,
OL21445665M,,,by C.S. Lewis ; illustrated by Pauline Baynes.,,
OL48146M,,,C.S. Lewis; illustrated by Pauline Baynes.,,
OL17191405M,,,C.S. Lewis ; illustrated by Pauline Baynes,,
OL27070002M,,,C.S. Lewis ; traduzione di Chiara Belliti ; illustrazioni di Pauline Baynes,,
OL37025299M,Maurizia Balmelli,Translator,,eng,Normal People
OL26417831M,,,"C.S. Luisŭ kŭl, Pollin Peinzŭ kŭrim ; Haetsal kwa Namukkun omgim",,
OL59102236M,,,,eng,Sally Rooney - Normal people
OL55434090M,Larry Winkler,Translator,,fre,La Chute
OL52568988M,,,a novel by Albert Camus ; translated by Justin O'Brien,fre,
OL45120624M,,,muṣannifu : Albar Cāmʼū ; sindhīkāru : Qāz̤ī K̲h̲ādimu,fre,La chute
OL45393115M,,,,fre,La chute
OL17202555M,,,Albert Camus ; translated with an introduction and notes by Robin Buss,,
OL16390462M,,,translated from the French by Justin O'Brien.,,
OL13572321M,Justin O'Brien,Translator,,fre,La chute
OL55520133M,Erick Winter,Editor,,,
OL52272591M,,,Albert Camus; translated from the French by Justin O'Brien,,
OL50377709M,,,,fre,Chute
OL45205911M,,,Albert Camus ; Mit Kommentaren von Brigitte Sändig und Sven Grotendiek,,
OL17922500M,,,Translated from the French by Justin O'Brien,,
OL26950656M,,,Tahereh Mafi,,
OL17467194M,,,Rebecca Winters.,,
OL52569032M,,,Albert Camus ; translated from the French by Justin O'Brien,fre,
OL24729122M,,,Traduccio de Bonaventura Vallespinosa,,
OL24395394M,Anne Maclaine Pont,Translator,Albert Camus ; [vert.: Anne Maclaine Pont],fre,La chute
OL24206715M,Justin O'Brien,Translator,translated from the French by Justin O'Brien,fre,La chute
OL16694114M,,,Translated from the French by Justin O'Brien,,
OL21444814M,,,Translated from the French by Justin O'Brien.,,
OL5930011M,,,Translated from the French by Justin O'Brien.,,
OL22185430M,,,translated fromthe French by Justin O'Brien.,,
OL22148625M,,,Albert Camus ; translated by Justin O'Brien.,,
OL21559118M,,,by Albert Camus ; translated by Justin O'Brien.,,
OL24400632M,,,by Albert Camus ; translated from French by Justin O'Brien,,
OL28663355M,,,Albert Camus ; Translated from the French by Justin O'Brien,,
OL30512571M,,,by Albert Camus ; translated from the French by Justin O'Brien,,
OL27068141M,,,Albert Camus ; traduzione di Sergio Morando ; cronologia di Annalisa Ponti,,
OL24983537M,,,Albert Camus ; dossier et notes réalisés par Sophie Doudet ; lecture d'image par Alain Jaubert,,
OL23827735M,,,Albert Camus. Translated from the French by Justin O'Brien.,,
OL1888948M,,,Albert Camus ; translated from the French by Justin O'Brien.,,
OL18192543M,,,Translated from the French by Justin O'Brien.,,
OL22741593M,,,Albert Camus.,,
OL16342764M,,,Albert Camus.,,
OL14217556M,,,Albert Camus.,,
OL5718171M,,,Albert Camus.,,
OL18434847M,,,Albert Camus ; edited by Germaine Brée.,,
OL9048462M,,,,fre,Chute
OL28343077M,,,Keira Cass,,
OL27179312M,,,Keira Cass,,
OL16404236M,,,Albert Camus ; translated from the French by Justin O'Brien.,,
OL28123915M,,,,,La Chute
OL18891433M,,,by Albert Camus ; translated from the French by Justin O'Brien.,,
OL14457584M,,,by Albert Camus ; translated by Justin O'Brien.,fre,Chute
OL16483806M,,,Translated from the French by Justin O'Brien.,,
OL23827733M,,,Albert Camus. Translated from the French by Justin O'Brien.,,
OL16071135M,,,Translated from the French by Justin O'Brien.,,
OL5942384M,Ruth Mulhauser,Editor,"Edited by Ruth Mulhauser, Marjorie Kupersmith [and] Jacques Lusseyran.",,
OL5942384M,Marjorie Kupersmith,Editor,"Edited by Ruth Mulhauser, Marjorie Kupersmith [and] Jacques Lusseyran.",,
OL5942384M,Jacques Lusseyran,Editor,"Edited by Ruth Mulhauser, Marjorie Kupersmith [and] Jacques Lusseyran.",,
OL22178848M,,,Albert Camus.,,
OL22048139M,,,edited by Germaine Brée.,,
OL18428050M,,,Albert Camus ; edited by B.G. Garnham.,,
OL26615960M,Justin O'Brien,Translator,,fre,La chute
OL17487355M,,,Albert Camus ; Trans. by Hüseyin Demirhan.,fre,Chute
OL26410865M,Małgorzata Kaczarowska,Translator,,eng,The Heir
OL27237023M,,,Qila Kaisi zhu ; Zhang Jingwei yi = The Heir / Kiera Cass,eng,The Heir
OL25720656M,María Angulo Fernández,Translator,,eng,The Heir
OL3238000M,,,Albert Camus ; translated from the French by Justin O'Brien.,,
OL37059914M,,,Albert Camus,fre,Chute
OL5117421M,,,Albert Camus.,,
OL16221769M,,,Albert Camus.,,
OL18215376M,,,Albert Camus.,,
OL37843360M,,,,eng,Chute
OL22733194M,,,TRANS. BY ROBIN BUSS,fre,La Chute
OL6220795M,,,Translated from the French by Justin O'Brien.,,
OL16856980M,,,Albert Camus ; [aus dem Französischen übertragen von Guido G. Meister],,
OL14982019M,,,Sara Craven.,,
OL18424647M,,,by Lynne Graham.,,
OL24981808M,,,Lindsay Armstrong,,
OL17946174M,,,by Penny Jordan.,,
OL24238522M,,,Penny Jordan,,
OL18210485M,,,Sara Craven.,,
OL22330651M,,,Betty Neels.,,
OL14977357M,,,by Sandra Field.,,
OL16522064M,,,by Carole Mortimer.,,
OL2704117M,,,by Carole Mortimer.,,
OL24942522M,,,Lindsay Armstrong,,
OL24942951M,,,Melanie Milburne,,
OL9568680M,,,Diana Palmer,,
OL20777355M,,,Violet Winspear.,,
OL24209758M,,,Violet Winspear,,
OL23066459M,,,Vaĭolet Vinspear [per. s angl. P.V. Rubtsova].,,
OL14975836M,,,by Charlotte Lamb.,,
OL24981910M,,,Penny Jordan,,
OL24937381M,,,Penny Jordan,,
OL22331010M,,,Penny Jordan.,,
OL22352143M,,,Penny Jordan.,,
OL3390855M,,,Lucy Gordon.,,
OL1657194M,,,by Robyn Donald.,,
OL22240396M,,,Penny Jordan.,,
OL3954616M,,,Diana Palmer.,,
OL18958901M,,,by Robyn Donald.,,
OL24865134M,,,Sara Craven,,
OL24502028M,,,Caroline Courtney,,
OL22829344M,,,Charlotte Lamb.,,
OL24976769M,,,by Sara Craven,,
OL24964651M,,,by Sara Craven,,
OL24935757M,,,by Sara Craven,,
OL24926569M,Anette Grube,Translator,Arundhati Roy ; Aus dem Englischen von Anette Grube,,
OL21587717M,,,Arundhati Roy.,,
OL16329313M,,,Arundhati Roy.,,
OL39489317M,,,,eng,
OL39696661M,,,,eng,
OL22726897M,,,by Charlotte Lamb.,,
OL14976807M,,,by Sara Craven.,,
OL21220956M,,,by Kerry Allyne.,,
OL47364549M,,,,eng,The god of small things
OL1000299M,,,Arundhati Roy.,,
OL14981185M,,,Anne Mather.,,
OL33170953M,,,Anne Mather,,
OL1977518M,,,by Anne Mather.,,
OL24935253M,,,Caroline Courtney,,
OL16798693M,,,Caroline Courtney.,,
OL2535572M,,,Caroline Courtney.,,
OL16811615M,,,Caroline Courtney.,,
OL39484586M,Isadora Sinay,Translator,,eng,
OL40292712M,,,,eng,
OL60545674M,,,,eng,
OL50557157M,,,,eng,
OL39823121M,,,,eng,
OL18597378M,,,by Helen Brooks.,,
OL24941933M,,,Helen Brooks,,
OL16688068M,,,Sara Craven.,,
OL16876962M,,,Arundhati Roy.,,
OL31390125M,,,Arundhati Roy,,
OL9129013M,Cecilia Ceriani,Translator,,eng,The God of Small Things
OL9129013M,Txaro Santoro,Translator,,eng,The God of Small Things
OL17487237M,,,Arundhati Roy ; Trans. by Ilknur Özdemir.,,
OL16214167M,,,Arundhati Roy.,,
OL685676M,,,Arundhati Roy,,
OL8839355M,Claude Demanuelli,Translator,,,
OL22970476M,,,[Arundati Roy cho ; Kudō Seibun yaku = The god of small things / Arundhati Roy].,,
OL9833369M,Cecilia Ceriani,Translator,,eng,The God of Small Things
OL9833369M,Txaro Santoro,Translator,,eng,The God of Small Things
OL28132170M,,,Arundhati Roy,,
OL9589313M,,,,eng,God of Small Things
OL18368622M,,,Arundhati Roy.,,
OL32640091M,Anette Grube,Translator,,eng,The God of Small Things
OL25916900M,Cecilia Ceriani,Translator,,eng,The God of Small Things
OL25916900M,Txaro Santoro,Translator,,eng,The God of Small Things
OL60646419M,Cecilia Ceriani,Translator,,eng,The God of Small Things
OL60646419M,Txaro Santoro,Translator,,eng,The God of Small Things
OL60646442M,Cecilia Ceriani,Translator,,eng,The God of Small Things
OL60646442M,Txaro Santoro,Translator,,eng,The God of Small Things
OL18051101M,,,Catherine George.,,
OL20122313M,,,Jude Deveraux.,,
OL3176099M,,,Jude Deveraux.,,
OL14978798M,,,Elizabeth Oldfield.,,
OL17449276M,,,by Elizabeth Oldfield.,,
OL22939038M,,,Arundhati Roy ; traduzione di Chiara Gabutti.,,
OL27742818M,,,,eng,The God of Small Things
OL19815485M,,,Arundhati Roy.,,
OL21254318M,,,Arundhati Roy.,,
OL8840743M,,,,eng,The God of Small Things
OL26269692M,Tomasz Bieron,Translator,Arundhati Roy ; t¿umaczy¿ Tomasz Bieron .,,
OL9035908M,,,,eng,The God of Small Things
OL32608281M,Cecilia Ceriani,Translator,,eng,The God of Small Things
OL32608281M,Txaro Santoro,Translator,,eng,The God of Small Things
OL60646361M,Cecilia Ceriani,Translator,,eng,The God of Small Things
OL60646361M,Txaro Santoro,Translator,,eng,The God of Small Things
OL60646445M,Cecilia Ceriani,Translator,,eng,The God of Small Things
OL60646445M,Txaro Santoro,Translator,,eng,The God of Small Things
OL22925873M,,,Jude Deveraux ; [traduccción Alex Lomónaco].,,
OL23020749M,,,Arundhati Roy ; traducció de Pep Julià.,,
OL687178M,,,Arundhati Roy.,,
OL26916600M,,,Arundhati Roy,,
OL321882M,,,Arundhati Roy.,,
OL22996939M,Cecilia Ceriani,Translator,Arundhati Roy ; traducción de Cecilia Ceriani y Txaro Santoro.,eng,The God of Small Things
OL22996939M,Txaro Santoro,Translator,Arundhati Roy ; traducción de Cecilia Ceriani y Txaro Santoro.,eng,The God of Small Things
OL35687461M,,,,eng,God of Small Things
OL60646463M,María del Rosario Santoro Said,Translator,,eng,The God of Small Things
OL60646463M,Cecilia Ceriani,Translator,,eng,The God of Small Things
OL61299069M,Zila Elazar,Translator,Arundhaṭi Roi ; me-Anglit Tsilah Elʻazar,eng,The god of small things
OL61299069M,שם הסופר/ת,Author name as appears on this edition,Arundhaṭi Roi ; me-Anglit Tsilah Elʻazar,eng,The god of small things
OL21255656M,Muhammad Aamir Husaini,Translator,Arundhati Roy.,eng,The god of small things
OL60502741M,,,,eng,Things we left behind
OL49333779M,Lucy Score,Author name as appears on this edition,,,
OL48292605M,,,,eng,Things we left behind
OL23541094M,,,Kate Walker.,,
OL24403119M,,,Kate Walker,,
OL23949846M,,,Jude Deveraux.,,
OL22293970M,,,Jude Deveraux.,,
OL17431703M,,,Jude Deveraux.,,
OL21656800M,,,Jude Deveraux.,,
OL24544528M,,,Elizabeth Oldfield,,
OL28710631M,,,by Lynne Graham,,
OL26390088M,,,Lynne Graham,,
OL18250483M,,,by Lynne Graham.,,
OL17410425M,,,Lynne Graham.,,
OL33021388M,,,by Betty Neels,,
OL31689781M,,,by Betty Neels,,
OL3473600M,,,[Betty Neels].,,
OL16522144M,,,Patricia Wilson.,,
OL24900812M,,,[Janet Dailey],,
OL24959052M,,,Anne Mather,,
OL14978374M,,,by Essie Summers,,
OL2184265M,,,Essie Summers.,,
OL2054622M,,,by Janet Dailey.,,
OL61212055M,Solange Pinheiro,Translator,,eng,Wuthering Heights
OL54747749M,Francisco Castro,Editor,,,
OL53593758M,,,Beronṭah Emili ; me-Anglit Yiśraʼel Yifraḥ,,
OL51648445M,,,,eng,Wuthering Heights
OL17224728M,,,Diana Palmer.,,
OL24517651M,,,[Janet Dailey],,
OL14976954M,,,by Janet Dailey.,,
OL56296338M,Sir Angels,Editor,,,
OL52957253M,,,Emily Bronte ; traduction de Frédéric Delebecque,eng,
OL48047474M,,,Emili Bronṭeh ; me-Anglit Gershon Giron,,
OL20982599M,,,Emily Bronte.,,
OL57684509M,,,by Emily Brontë (Ellis Bell). Agnes Grey / by Anne Brontë (Acton Bell). With an introduction by Mrs. Humphry Ward,,
OL57653747M,,,by Emily Brontë. With lithographs by Barnett Freedman,,
OL52965722M,,,,eng,Wuthering Heights
OL57481415M,,,,eng,Wuthering Heights
OL56604144M,Maikel Rubin,Translator,,,
OL45020283M,,,Emily Bronte ; Kim Chong-gil yŏk. Chŏnwŏn kyohyangak / Andre Gide ; Chi Sŏng-chʻan yŏk,,
OL44961362M,,,Buronte cho ; Yamato Yasuo yaku,,
OL22971242M,,,Aimoli Bolangdai zhu ; [yi zhe Li Guangming].,eng,Wuthering Heights
OL22937932M,,,E. Buronte ; Tanaka Seijirō yaku.,eng,Wuthering Heights
OL52705816M,,,,eng,Wuthering Heights
OL48584947M,,,,eng,Wuthering Heights
OL57647345M,,,by Emily Brontë; with a preface by Charlotte Brontë ...,,
OL57630360M,,,by Emily Brontë,,
OL57621140M,,,,eng,Wuthering Heights
OL45500483M,,,E. Buronte ; Yamato Yasuo yaku,,
OL45506982M,,,E. Buronte cho ; Yamato Yasuo yaku,,
OL17728130M,,,by Emily Bronte ; introduction by Royal A. Gettmann ; with wood engravings by Fritz Eichenberg.,,
OL57480868M,,,,eng,Wuthering Heights
OL31762815M,,,Jane Austen,,
OL31915586M,,,Jane Austen,,
OL32129527M,,,Jane Austen ; trad. de l'anglais par Josette Salesse-Lavergne ; note biogr. de Jacques Roubaud,,
OL32129528M,,,Jane Austen ; trad. de l'anglais par Josette Salesse-Lavergne ; note biogr. de Jacques Roubaud,,
OL32129529M,,,Jane Austen,,
OL18172038M,,,edited by Marilyn Gaull,,
OL22732590M,,,edited by Marilyn Gaull.,,
OL23765910M,,,by Jane Austen. Edited by Mrs. Frederick Boas. Illustrated by Hugh Thomson.,,
OL27936822M,,,(ying) jian. ao si zheng zhu ; sun zhi li yi,,
OL35664930M,Roberto Leal Ferreira,Translator,,,
OL31885012M,Margarete Rauchenberger,Translator,,eng,Northanger Abbey
OL27138132M,,,"Zhen Aositing zhu ;Jian Yijie, Wu Qingwen yi = Northanger Abbey / by Jane Austen",,
OL23726146M,,,Jane Austen.,,
OL30403057M,,,Jane Austen ; introduction and notes by Lisa M. Dresner,,
OL32129530M,,,Jane Austen,,
OL25545581M,,,Jane Austen,,
OL26936854M,,,Jane Austen ; a cura di Anna Luisa Zazo ; con una note di Attilio Bertolucci,,
OL56064906M,Samuel Wood,Editor,,,
OL55426639M,Maria Mendez,Editor,,,
OL55519748M,Shantal Lopez,Editor,,,
OL55068618M,Rafael Sanchez Juarez,Editor,,,
OL55320578M,Brittany Grace,Editor,,,
OL55395964M,Carlos Fernandez,Translator,,,
OL55756561M,Samuel Wood,Editor,,,
OL55786953M,Maxim Montoto,Editor,,,
OL54648972M,J. Valera,Editor,,,
OL55321337M,Erick Winter,Editor,,,
OL55849134M,Rubén Fresneda,Translator,,,
OL55322516M,Antonella Lombardi,Editor,,,
OL55206049M,Editorial Oneness,Editor,,,
OL55538384M,Rubén Fresneda,Translator,,,
OL55768619M,Raul Bracho,Translator,,,
OL56498358M,Madison Clark,Editor,,,
OL56625136M,Gabriela Guzman,Translator,,,
OL56718965M,Angel Roberts,Translator,,,
OL55792907M,Ricardo Martinez,Editor,,,
OL55883622M,Natalie Montoto,Editor,,,
OL54984413M,Brittany Grace,Editor,,,
OL55052058M,Joni Njl,Illustrator,,,
OL56054051M,Sheba Blake,Editor,,,
OL55282317M,S. Sheley,Editor,,,
OL52964366M,,,Traduzione di Rosina Binetti,und,
OL52964358M,,,udgivet af ... C.A. Bodelsen,eng,
OL55260015M,J. V. Editors,Editor,,,
OL53100253M,,,introd. by Rose Macaulay,,
OL52964529M,,,Prima versione italiana e introduzione di Enrico Pinceni,,
OL52964364M,,,Traduction de Frédéric Delebecque,und,
OL52964362M,,,"kirjoittanut Emily Brontë. Johdannon ja muistokirjoituksen Emily ja Anne Brontësta, kirjoittanut Charlotte Brontë. Suomentanut Martta Räsänen",,
OL54415745M,Timeless Classic Books Staff,Editor,,,
OL54586417M,Richard S. Hartmetz,Editor,,,
OL55629112M,Andrea Gouveia,Editor,,,
OL55164462M,Paula Benitez,Editor,,,
OL54837925M,Sir Angels,Editor,,,
OL51128425M,Kevin Theis,Editor,,,
OL54517579M,Alex Struik,Illustrator,,,
OL55487387M,Julie,Illustrator,,,
OL43981035M,,,Aimeilai Bailangte zhu ; Liang Shiqiu yi,,
OL54659070M,Editorial Oneness,Editor,,,
OL22951947M,,,Aimi'er Bailangte zhu ; [Liang Shiqiu yi].,,
OL45533930M,,,Bailangte [Bulunte] zhu ; Liang Shiqiu yi,,
OL45597629M,Raquel de Queiroz,Translator,,eng,Wuthering Heights
OL38244895M,,,Emily Brontë ; vert. [uit het Engels] door F. Kellendonk ; met een naw. van Kristien Hemmerechts,eng,Wuthering Heights
OL50364867M,,,,eng,Wuthering Heights
OL22945183M,,,yüan chu Emily Bronte ; yi zhe Wan Yin-kai.,,
OL49161112M,juan bravo,Contributor,,,
OL49161112M,Juan Bravo,Translator,,,
OL23026241M,,,Emily Brontë.,,
OL22960811M,,,Emilia Brontë ; ilustraciones de Lorenzo Goñi ; [traducción de José Fernández].,,
OL20686467M,,,Emily Brontë.,,
OL49190845M,Juan Bravo,Translator,,,
OL23114669M,,,Emily Brontë ; Nhrat Linh dịch.,,
OL45838852M,,,,eng,Wuthering Heights
OL39466939M,,,(ying)Ai mi liBo lang te(Emily Bronte)Zhu ; Yang guang ci yi,,Wuthering Heights
OL6067647M,,,Introd. by Mark Schorer.,,
OL22225454M,Antony Gray,Typesetter,"Emily Brontë; Typeset by Anthony Gray; Cover design by Robert Mathias, Publishing Workshop; Cover Illustration, a detail from The Coniston Valley, The Lake District by William Lakin Turner (1867-1936) Colmore Galleries, Henley-in-Arden Courtesy of Fine Art Photographic Library, London",,
OL22225454M,Robert Mathias,Cover Design,"Emily Brontë; Typeset by Anthony Gray; Cover design by Robert Mathias, Publishing Workshop; Cover Illustration, a detail from The Coniston Valley, The Lake District by William Lakin Turner (1867-1936) Colmore Galleries, Henley-in-Arden Courtesy of Fine Art Photographic Library, London",,
OL22225454M,William Lakin Turner,Cover Art,"Emily Brontë; Typeset by Anthony Gray; Cover design by Robert Mathias, Publishing Workshop; Cover Illustration, a detail from The Coniston Valley, The Lake District by William Lakin Turner (1867-1936) Colmore Galleries, Henley-in-Arden Courtesy of Fine Art Photographic Library, London",,
OL49369756M,,,,eng,Wuthering Heights
OL22340424M,,,préface de Michel Mohrt ; commentaires de Raymond Las Vergnas ; traduction de Frédéric Delebecque.,,
OL47318549M,,,,eng,Wuthering Heights
OL17722264M,,,by Emily Brontë ; with lithographs by Barnett Freedman.,,
OL42864796M,,,Wuthering Heights,eng,Wuthering Heights
OL47074259M,,,by Emily Bronte,,
OL43296179M,,,"by Ellis Bell ; and, Agnes Grey / by Acton Bell ; with a preface and memoir of both authors by Currer Bell",,
OL43804869M,,,"by Emily Bronte. With a pref., and memoir of Emily and Anne Bronte, by Charlotte Bronte, and an introd. by H.W. Garrod",,
OL45017102M,,,by Ellis Bell [pseud.],,
OL45471425M,,,Emily Brontë ; edited by Ian Jack ; with an introduction and notes by Patsy Stoneman,,
OL35625843M,,,,eng,Wuthering Heights
OL43878632M,,,"by the author of ""Jane Eyre""",,
OL44379560M,,,"by Ellis Bell ; and Agnes Grey, by Acton Bell ; with a preface, and memoir of both authors by Currer Bell, author of ""Jane Eyre,"" ""Villette,"" ""The professor,"" etc",,
OL45208795M,,,Emily Brontë ; fifteen lithographs and an afterword by Balthus,,
OL27077762M,,,Jane Austen ; [edited by Philip M. Parker],,
OL26340919M,,,Jane Austen,,
OL8551303M,Claire Grogan,Editor,,,
OL25435733M,Jane Austen,Author,,,
OL25435733M,Claire Grogan,Editor,,,
OL26331160M,,,Jane Austen ; with an afterword by Elizabeth Hardwick ; rev. and updated bibliography,,
OL40685279M,Monty,Illustrator,,,
OL25560030M,,,Jane Austen ; [edited by Philip M. Parker],,
OL26889090M,,,Jane Austen,,
OL27077763M,,,Jane Austen ; [edited by Philip M. Parker],,
OL3308193M,,,Jane Austen ; edited by Susan Fraiman.,,
OL8981185M,Margaret Drabble,Introduction,,,
OL27077764M,,,Jane Austen ; [edited by Philip M. Parker],,
OL25744863M,David M. Shapard,Commentary,,,
OL26535961M,,,introduction and notes by Olivia Manning. --,,
OL22941203M,,,Zhen Aositing zhu ; Sun Zhili yi.,,
OL42802315M,,,,eng,Wuthering Heights
OL42816954M,,,,eng,Wuthering Heights
OL39798870M,,,(ying) Emily Bronte ; wang ai fen zhu shi,,
OL40230653M,,,,eng,Wuthering Heights
OL32836957M,,,Emily Brontë ; con un saggio di Virginia Woolf ; prefazione alla prima edizione di Charlotte Brontë,,
OL22820175M,,,edited with a critical commentary by T.Crehan.,,
OL22837685M,,,by Emily Brontë ; illustrations by Skip Liepke ; afterword by Jack Sullivan.,,
OL22834221M,,,Emily Brontë.,,
OL22820155M,,,Emily Brontë ; introduction by Norman Nicholson ; drawings by Anthony Gross.,,
OL22816674M,,,Emily Brontë.,,
OL38574590M,,,Emily Bronte,,
OL37868596M,,,(ying) ai mi li. bo lang te zhu = Emily Bronte ; yang guang ci yi,,
OL37873116M,,,Emily Bronteyuan zhu ; liu wei cheng yi,,
OL38227169M,,,,eng,Wuthering Heights
OL38215335M,Rosina Binetti,Translator,,eng,Wuthering Heights
OL22858950M,,,by Emily Brontë ; Wood engravings by Peter Forster.,,
OL33175993M,,,Emily Bronte,,
OL32798231M,,,Emily Brontë,,
OL32768956M,,,Emily Bronte ; edited with an introduction by Luciana Pirè,,
OL32886713M,,,[Ying] Aimili Bolangte zhu ; Fang Ping yi,eng,Wuthering Heights
OL33256116M,Grete Rambach,Translator,,eng,Wuthering Heights
OL22543642M,,,Jane Austen ; with an introduction by Margaret Drabble and a new afterword by Stephanie Laurens.,,
OL22781019M,,,Jane Austen.,,
OL22853438M,,,Jane Austen.,,
OL35447690M,,,Jane Austen ; przeł. Ewa Partyga,,
OL805076M,,,Jane Austen.,,
OL26906143M,,,Aimi'er Bailangte zhu ; [Liang Shiqiu yi],,
OL27938805M,,,Emily Brontë,,
OL27131194M,,,Aimili Bolangte zhu ; Yang Yi yi,eng,Wuthering Heights
OL30153417M,,,Emily Brontë ; trad. de Frédéric Delebecque,eng,Wuthering Heights
OL26917419M,,,(ying)Ai mi liBo lang te zhu ; Sun zhi li yi,eng,Wuthering Heights
OL27128714M,,,Emirī Buronte ; Kōnosu Yukiko yaku,eng,Wuthering Heights
OL27114560M,,,Imīlī Brūntī,eng,Wuthering Heights
OL32440884M,,,,eng,Wuthering Heights
OL22952676M,,,Aimili Bolangte zhu ; Yang Yi yi.,eng,Wuthering Heights
OL28277821M,,,"Aimili Bolangte zhu ; Zhang Ling, Zhang Yang yi",eng,Wuthering Heights
OL27259252M,,,Yamili Bolangte zhu ; Song Zhaolin yi,eng,Wuthering Heights
OL27786478M,,,Aimili Bolangte zhu ; Zhang Tianhua bian yi,,
OL26918129M,,,"(ying) ai mi li, bo lang te (Emily Bronte) zhu ; song zhao lin yi",eng,Wuthering Heights
OL22996488M,,,Emily Bronti ; Dương Tưxong dịch.,,
OL27108496M,,,Imīlī Brūntī = Wuthering Heights : English-Arabic / by Emily Bronte,,
OL27112617M,,,Aimili Bolangte zhu ; Sun Zhili yi,,
OL29486236M,,,Emily Brontë ; [trad. de Frédéric Delebecque],eng,Wuthering Heights
OL27932122M,,,"(ying) ai mi li, bo lang te zhu ; shen dong zi yi",eng,Wuthering Heights
OL30521725M,,,,eng,Wuthering Heights
OL27203648M,,,Emily Brontë ; traducción de Juan G. de Luaces,,
OL32345061M,,,Emily Brontë ; prólogo de Sergio Pitol,eng,Wuthering Heights
OL20808030M,,,Hoàng Hai thuy phóng tac.,eng,Wuthering Heights
OL17319897M,Michel Mohrt,Preface,préface de Michel Mohrt ; commentaires de Raymond Las Vergnas ; traduction de Frédéric Delebecque.,eng,Wuthering Heights
OL17319897M,Raymond Las Vergnas,Commentary,préface de Michel Mohrt ; commentaires de Raymond Las Vergnas ; traduction de Frédéric Delebecque.,eng,Wuthering Heights
OL17319897M,Frédéric Delebecque,Translator,préface de Michel Mohrt ; commentaires de Raymond Las Vergnas ; traduction de Frédéric Delebecque.,eng,Wuthering Heights
OL18317434M,,,Emily Bronte ; Hoang H?ai Th?uy phong tac.,eng,Wuthering Heights
OL20375138M,,,,eng,Wuthering Heights
OL20808035M,,,Hoàng Hai thuy phóng tac.,eng,Wuthering Heights
OL20375135M,,,,eng,Wuthering Heights
OL24490405M,,,Emily Brontë,,
OL24404557M,Currer Bell,Preface,"by Emily Brontë ; preface by Currer Bell,[1850]",,
OL9618868M,Martin Shaw,Narrator,,,
OL18428020M,,,,eng,Wuthering Heights
OL18708115M,,,Emilli Bŭrontʻe ; [Han Myŏng-nam omgim].,eng,Wuthering Heights
OL14517644M,Hoang Haithuy,Translator,translated into Vietnamese by Hoang Haithuy from Wuthering Heights. Quyen 1.,eng,Wuthering Heights
OL16243479M,Frédéric Delebecque,Translator,Emily Brontë ; traduction de Frédéric Delebecque.,eng,Wuthering Heights
OL161006M,,,"Emilī Brôṇṭe ; Aṅgrezī se Hindī anuvāda, Madhubraja Aṃśumālī.",eng,Wuthering Heights
OL22121943M,Grete Rambach,Translator,Emily Brontë ; aus dem Englischen von Grete Rambach.,eng,Wuthering Heights
OL15315467M,Janina Sujkowska,Translator,Emily Brontë ; tłumaczyła Janina Sujkowska.,eng,Wuthering Heights
OL16420218M,Gaston Baccara,Translator,par Emily Brontë ; traduction nouvelle et integrale de Gaston Baccara.,eng,Wuthering Heights
OL19635173M,Frédéric Delebecque,Translator,Emily Bronte ; traduction de Frédéric Delebecque.,eng,Wuthering Heights
OL16244228M,,,Emily Brontë ; übertragen von Grete Rambach.,eng,Wuthering Heights
OL14412689M,,,Emily Bronte ; Hoang H?ai Th?uy phong tac.,eng,Wuthering Heights
OL11013436M,Charles and Joanne Muller,Editor,,,
OL7357684M,Juliet Stevenson,Narrator,,,
OL24988104M,Fritz Eichenberg,Illustrator,,,
OL6684714M,Rose Macaulay,Introduction,by Emily Brontë ; introduction by Rose Macaulay.,,
OL6456629M,Fritz Eichenberg,Illustrator,by Emily Brontë ; illustrated with wood engravings by Fritz Eichenberg.,,
OL13354883M,,,,eng,Wuthering Heights
OL17638752M,Charlotte Brontë,Preface,by Emily Brontë ; with preface by Charlotte Brontë.,,
OL22602554M,,,by Emily Brontë.,,
OL22867542M,,,by Emily Bronte.,,
OL22771909M,Mary Calvert,Introduction,by Emily Bronte ; abridged with introduction and notes by Mary Calvert.,,
OL13449611M,,,by Emily Bronte.,,
OL22241054M,,,Emily Brontë ; edited with a new introduction and notes by Pauline Nestor.,,
OL16245492M,Ellis Bell,Author,by Ellis Bell.,,
OL1397380M,,,Emily Brontë ; with a new introduction by Susan Fromberg Schaeffer.,,
OL22750277M,Beth Newman,Editor,Emily Brontë ; edited by Beth Newman.,,
OL22788274M,,,Emily Bronte.,,
OL22786647M,,,Emily Bronte.,,
OL22471900M,,,Emily Bronte.,,
OL1573565M,Virginia Woolf,Essayist,Emily Brontë.,,
OL1573565M,David Cecil,Essayist,Emily Brontë.,,
OL2032814M,"William M. Sale, Jr.",Editor,"Emily Brontë ; edited by William M. Sale, Jr. and Richard J. Dunn.",,
OL2032814M,Richard J. Dunn,Editor,"Emily Brontë ; edited by William M. Sale, Jr. and Richard J. Dunn.",,
OL17777031M,Charlotte Brontë,Preface,"by Emily Brontë ; with a preface, and memoir of Emily and Anne Brontë by Charlotte Brontë.",,
OL17638781M,Royal A. Gettmann,Introduction,by Emily Brontë. Introd. by Royal A. Gettmann; with wood engravings by Fritz Eichenberg.,,
OL6783912M,,,Emily Brontë.,,
OL22704997M,Baruch Hochman,Afterword,by Emily Bronte ; with a critical supplement and an afterword by Baruch Hochman.,,
OL9117583M,,,,eng,Wuthering Heights
OL9815181M,,,,eng,Wuthering Heights
OL16007187M,Royal A. Gettmann,Introduction,"Introd. by Royal A. Gettmann, with wood engravings by Fritz Eichenberg.",,
OL468584M,,,Emily Brontë ; edited by Ian Jack ; with an introduction and notes by Patsy Stoneman.,,
OL1582322M,Ellis Bell,Author,by Ellis Bell.,,
OL23207793M,Ian Jack,Editor,Emily Brontë ; edited by Ian Jack ; with an introduction and additional notes by Helen Small.,,
OL23207793M,Helen Small,Introduction,Emily Brontë ; edited by Ian Jack ; with an introduction and additional notes by Helen Small.,,
OL684029M,,,Emily Brontë.,,
OL16238421M,Clement K.Shorter,Introduction,by Emily Brontë ; with an introduction by Clement K.Shorter :,,
OL18546495M,Linda H. Peterson,Editor,edited by Linda H. Peterson.,,
OL22775299M,Nell Booker,Illustrator,by Emily Brontë ; illustrated by Nell Booker,,
OL13701704M,Barnett Freedman,Lithography,with lithographs by Barnett Freedman.,,
OL22788448M,,,Emily Bronte.,,
OL13700275M,Bonamy Dobrée,Introduction,with an introduction by Bonamy Dobre e.,,
OL13895653M,Charlotte Bronte,Preface,"by Emily Bronte  ; with a preface, and memoir of Emily and Anne Bronte  by Charlotte Bronte and an introduction by H.W. Garrod.",,
OL13895653M,H.W. Garrod,Introduction,"by Emily Bronte  ; with a preface, and memoir of Emily and Anne Bronte  by Charlotte Bronte and an introduction by H.W. Garrod.",,
OL24059093M,,,Emily Brontë ; edited by Joseph Pearce.,,
OL13364337M,,,,eng,Wuthering Heights
OL9432432M,,,,eng,Wuthering Heights
OL9400424M,,,,eng,Wuthering Heights
OL21415857M,Ernest Rhys,Introduction,[With an introd. by Ernest Rhys],,
OL16007148M,Rose Macaulay,Introduction,,,
OL22813588M,,,Emily Bronte.,,
OL4938140M,,,Emily Brontë.,,
OL5516180M,Malcolm Elwin,Introduction,With an introd. by Malcolm Elwin.,,
OL38023M,,,"by Emily Brontë ; edited by Elizabeth Seely ; series editor, John Seely.",,
OL7511183M,Alice Hoffman,Introduction,,,
OL13769253M,Bonamy Dobrée,Introduction,with an introduction by Bonamy Dobre e.,,
OL24279932M,Charles Beck,Illustrator,by Emily Brontë ; illustrated by Charles Beck.,,
OL189425M,Basil Davenport,Contributor,by Emily Brontë; with illustrations from paintings by contemporary artists and photographs from the Wuthering heights country together with an introductory biographical sketch of the author and anecdotal captions by Basil Davenport.,,
OL22786611M,,,Emily Brontë.,,
OL281435M,Richard Hoyes,Editor,Emily Brontë ; edited by Richard Hoyes.,,
OL6036506M,Léon Masson,Lithography,Lithographies originales de Léon Masson. [Traduction inédite de Louise Servicèn],,
OL6036506M,Louise Servicèn,Translator,Lithographies originales de Léon Masson. [Traduction inédite de Louise Servicèn],,
OL5975147M,James William Johnson,Introduction,Emily Brontë ; introduction by James William Johnson ; suggestions for reading and discussion by Roger K. Applebee.,,
OL5975147M,Roger K. Applebee,Contributor,Emily Brontë ; introduction by James William Johnson ; suggestions for reading and discussion by Roger K. Applebee.,,
OL3957720M,Diane Long Hoeveler,Editor,Emily Bronte ; edited by Diane Long Hoeveler.,,
OL3700133M,Pauline Nestor,Editor,Emily Brontë ; edited with an introduction and notes by Pauline Nestor ; preface by Lucasta Miller.,,
OL3700133M,Lucasta Miller,Preface,Emily Brontë ; edited with an introduction and notes by Pauline Nestor ; preface by Lucasta Miller.,,
OL31888765M,,,"Emily Brontë ; présentation, postf. et dossier par Raymond Bellour ; trad. de Jacques et Yolande de Lacretelle",,Wuthering Heights
OL2398293M,Heather Glen,Editor,Emily Brontë ; edited by Heather Glen.,,
OL1100785M,Ian Jack,Editor,Emily Brontë ; edited by Ian Jack ; with an introduction by Patsy Stoneman.,,
OL1100785M,Patsy Stoneman,Introduction,Emily Brontë ; edited by Ian Jack ; with an introduction by Patsy Stoneman.,,
OL22866824M,,,Emily Bronte.,,
OL17730556M,,,With illus. from paintings by contemporary artists and photos. from the Wuthering Heights country together with an introductory biographical sketch of the author and anecdotal captions by Basil Davenport.,,
OL13563306M,Ellis Bell,Author,"by Ellis Bell, in three volumes.",,
OL5938076M,,,by Emily Bronte.,,
OL19047803M,Charlotte Brontë,Preface,,,
OL19047803M,H.W. Garrod,Introduction,,,
OL20349834M,,,edited by William M. Sale.,,
OL23555178M,,,Emily Bronte.,,
OL6492765M,Edmund Dulac,Illustrator,by Emily Brontë.  With six coloured illustrations by Edmund Dulac.,,
OL5829701M,Quentin Anderson,Introduction,Emily Brontë ; with an introd. by Quentin Anderson.,,
OL17637730M,Charlotte Brontë,Preface,with a preface and memoir of Emily and Anne Brontë by Charlotte Brontë ; with sixteen illustrations from the motion picture as produced by Samuel Goldwyn.,,
OL5877790M,"William M. Sale, Jr.",Editor,"Edited by William M. Sale, Jr.",,
OL22774482M,,,Emily Brontë,,
OL4116374M,Ian Jack,Editor,Emily Brontë ; edited with an introd. by Ian Jack.,,
OL4950788M,Hilda Marsden,Editor,Emily Brontë ; edited by Hilda Marsden and Ian Jack.,,
OL4950788M,Ian Jack,Editor,Emily Brontë ; edited by Hilda Marsden and Ian Jack.,,
OL23960895M,,,Emily Brontë ; edited by Joseph Pearce.,,
OL616474M,Diane Johnson,Introduction,Emily Brontë ; introduction by Diane Johnson.,,
OL5955537M,David Daiches,Editor,Edited by David Daiches.,,
OL26499577M,LibriVox Volunteers,Narrator,,,
OL26499606M,Temple Scott,Editor,,,
OL26499606M,Charlotte Brontë,Preface,,,
OL4897097M,"William M. Sale, Jr.",Editor,"Edited by William M. Sale, Jr.",,
OL13264483M,,,,eng,Wuthering Heights
OL22380913M,Ellis Bell,Author,by Ellis Bell [pseud.].,,
OL24174014M,Clement K. Shorter,Introduction,"by Emily Brontë, with an introduction by Clement K. Shorter, and many facsimiles of Emily Brontë's handwriting",,
OL3509972M,Skip Liepke,Illustrator,Emily Brontë ; illustrations by Skip Liepke ; afterword by Jack Sullivan.,,
OL3509972M,Jack Sullivan,Afterword,Emily Brontë ; illustrations by Skip Liepke ; afterword by Jack Sullivan.,,
OL23536808M,,,Emily Bronte.,,
OL22561174M,Ian Jack,Editor,Emily Brontë ; edited by Ian Jack ; with an introduction and notes by Patsy Stoneman.,,
OL22561174M,Patsy Stoneman,Introduction,Emily Brontë ; edited by Ian Jack ; with an introduction and notes by Patsy Stoneman.,,
OL23632787M,,,Emily Bronte.,,
OL4163474M,Jenny Thorne,Illustrator,Emily Brontë ; ill. by Jenny Thorne.,,
OL1315218M,,,"Emily Brontë ; with a preface, and memoir of Emily and Anne Brontë by Charlotte Brontë ; and an introduction by H.W. Garrod.",,
OL2085858M,Linda Cookson,Editor,Emily Brontë ; edited by Linda Cookson.,,
OL3388691M,Laurie Langbauer,Introduction,Emily Brontë ; introduced by Laurie Langbauer.,,
OL19647291M,Charlotte Brontë,Preface,"by Emily Brontë ; with a preface, and memoir of Emily and Anne Brontë by Charlotte Brontë, and an introduction by H. W. Garrod. .",,
OL19647291M,H. W. Garrod,Introduction,"by Emily Brontë ; with a preface, and memoir of Emily and Anne Brontë by Charlotte Brontë, and an introduction by H. W. Garrod. .",,
OL5613083M,Frederick T. Flahiff,Editor,[by] Emily Brontë; edited by Frederick T. Flahiff.,,
OL22346681M,David Daiches,Editor,Emily Bronte ; edited by David Daiches.,,
OL1895026M,Linda H. Peterson,Editor,edited by Linda H. Peterson.,,
OL1738601M,Susan Fromberg Schaeffer,Introduction,Emily Brontë ; with an introduction by Susan Fromberg Schaeffer.,,
OL6072607M,Royal A. Gettmann,Introduction,by Emily Brontë ; introduction by Royal A. Gettmann ; with wood engravings by Fritz Eichenberg.,,
OL22811273M,Charlotte Brontë,Preface,Emily Brontë ; with a preface and memoir of Emily and Anne Brontë by Charlotte Brontë ; and an introduction by H.W. Garrod.,,
OL22811273M,H.W. Garrod,Introduction,Emily Brontë ; with a preface and memoir of Emily and Anne Brontë by Charlotte Brontë ; and an introduction by H.W. Garrod.,,
OL23754905M,Hilda Marsden,Editor,Emily Brontë ; edited by Hilda Marsden and Ian Jack.,,
OL23754905M,Ian Jack,Editor,Emily Brontë ; edited by Hilda Marsden and Ian Jack.,,
OL22797339M,Rose Macaulay,Introduction,by Emily Brontë ; introduction by Rose Macaulay,,
OL3690688M,Alice Hoffman,Introduction,Emily Brontë ; with a new introduction by Alice Hoffman.,,
OL24766168M,Mark Schorer,Introduction,Emily Brontë ; introduction by Mark Schorer,,
OL26337295M,,,Emily Bronte.,,
OL26499573M,Rose Macaulay,Introduction,,,
OL26499576M,Pauline Nestor,Editor,,,
OL26499576M,Sue Lonoff,Editor,,,
OL26499582M,Ellis Bell,Author,,,
OL26499912M,Ruth Golding,Narrator,,,
OL26499912M,Ruth Golding,LibriVox Book Coordinator,,,
OL26499912M,Ruth Golding,LibriVox Meta Coordinator,,,
OL26499912M,Stav Nisser,Proof Listener,,,
OL26499912M,Georges Michel,Cover Art,,,
OL26499912M,Kathryn Delaney,Cover Design,,,
OL26499915M,Mongope,Narrator,,eng,Wuthering Heights
OL22209940M,Temple Scott,Editor,by Emily Brontë ; with a preface by Charlotte Brontë.,,
OL22209940M,Charlotte Brontë,Preface,by Emily Brontë ; with a preface by Charlotte Brontë.,,
OL4765770M,Robert Heindel,Illustrator,Emily Brontë ; illustrated by Robert Heindel.,,
OL22121982M,A. H. Buckland,Illustrator,by Emily Brontë ; illustrated by A. H. Buckland.,,
OL17638411M,Suzanne E. Jacobs and Roderick A. Jacobs,Introduction,Emily Brontë; with an introd. by Suzanne E. Jacobs and Roderick A. Jacobs.,,
OL6765829M,Clare Leighton,Illustrator,by Emily Brontë; illustrated with twelve wood engravings by Clare Leighton.,,
OL118263M,Joyce Carol Oates,Introduction,Emily Brontë ; with an introduction by Joyce Carol Oates.,,
OL23235466M,,,Emily Brontë.,,
OL6707884M,Valentine Dobrée,Introduction,"[by] Emily Brontë, with an introduction by Valentine Dobrée.",,
OL3471893M,,,Emily Brontë ; supplementary materials written by Rebecca Johnson ; series edited by Cynthia Brantley Johnson.,,
OL18522610M,V.S. Pritchett,Introduction,[By] Emily Brontë.  With an introduction by V.S. Pritchett.,,
OL23274386M,Richard J. Dunn,Editor,Emily Brontë ; edited by Richard J. Dunn.,,
OL6068211M,,,with an introduction by Suzanne E. and Roderick A. Jacobs.,,
OL4717427M,,,Emily Brontë ; ill. by Jenny Thorne.,,
OL17777040M,Charles Keeping,Lithography,Lithographs by Charles Keeping.,,
OL22597504M,Charlotte Brontë,Preface,by Emily Brontë ; with a preface and memoir of Emily and Anne Brontë by Charlotte Brontë and an introduction by H.W. Garrod.,,
OL22597504M,H.W. Garrod,Introduction,by Emily Brontë ; with a preface and memoir of Emily and Anne Brontë by Charlotte Brontë and an introduction by H.W. Garrod.,,
OL22780600M,Geoffrey Moore,Foreword,with a foreword by Geoffrey Moore.,,
OL982963M,,,Emily Brontë.,,
OL19808860M,Bonamy Dobrée,Introduction,Emily Brontë ; with an introduction by Bonamy Dobrée,,
OL22450827M,,,Emily Brontë.,,
OL3581561M,Christopher Heywood,Editor,Emily Brontë ; edited by Christopher Heywood.,,
OL5809974M,Albert J. Guerard,Preface,Pref. by Albert J. Guerard.,,
OL16007270M,Thomas C. Moser,Author,,,
OL26497833M,Charlotte Brontë,Preface,,,
OL20442522M,Ellis Bell,Author,,,
OL24669758M,Mark Schorer,Introduction,Emily Brontë ; introduction by Mark Schorer,,
OL26331181M,,,Emily Bronte .,,
OL26375361M,Albert J. Guerard,Preface,Emily Bronte  ; preface by Albert J. Guerard,,
OL26336753M,,,by Emily Bronte.,,
OL26316014M,Sergio Pitol,Prologue,Emily Bronte,eng,Wuthering Heights
OL22774046M,Juan G. de Luaces,Translator,[por] Emily Brontë. [Traducción del inglés por Juan G. de Luaces,eng,Wuthering Heights
OL9129657M,,,,eng,Wuthering Heights
OL13218146M,,,,eng,Wuthering Heights
OL13121917M,,,,eng,Wuthering Heights
OL13273993M,,,,eng,Wuthering Heights
OL13330413M,,,,eng,Wuthering Heights
OL13239684M,,,,eng,Wuthering Heights
OL9154679M,,,,eng,Wuthering Heights
OL12998794M,,,,eng,Wuthering Heights
OL12999861M,,,,eng,Wuthering Heights
OL9355403M,,,,eng,Wuthering Heights
OL9372813M,,,,eng,Wuthering Heights
OL16249369M,Anna Luisa Zazo,Translator,traduzione di Anna Luisa Zazo con uno scritto di oyce Carol Oates ; prefazione di Charlotte Brontë.,eng,Wuthering Heights
OL9176424M,,,,eng,Wuthering Heights
OL22203189M,F. Delebecque,Translator,trad. de F. Delebecque.,eng,Wuthering Heights
OL8887167M,,,,eng,Wuthering Heights
OL12640934M,Frédéric Delebecque,Translator,,eng,Wuthering Heights
OL9041861M,,,,eng,Wuthering Heights
OL21321246M,Alison Booth,Editor,edited by Alison Booth.,,
OL9160839M,Freda Dowie,Narrator,,,
OL9160839M,Ken Drury,Narrator,,,
OL12541503M,,,,eng,Wuthering Heights
OL25117788M,,,Emily Brontë ; Nhất Linh dịch,eng,Wuthering Heights
OL20595296M,Georges-Michel Bovay,Translator,Emily Brontë ; traduit de l'anglais par Georges-Michel Bovay.,eng,Wuthering Heights
OL3530942M,,,"Ēmili Bronte ; [anglerenitsʻ tʻargmanetsʻ, Aram Budaghyaně].",eng,Wuthering Heights
OL9032491M,Michaela Meissner,Translator,,eng,Wuthering Heights
OL30510008M,,,Emily Brontë ; fifteen lithographs and an afterword by Balthus,,
OL30727501M,,,Emily Brontë ; introduction and notes by Tess O'Toole,,
OL32155717M,,,Emily Brontë,,
OL13241671M,,,,eng,Wuthering Heights
OL13218151M,,,,eng,Wuthering Heights
OL8814430M,,,,eng,Wuthering Heights
OL9715156M,,,,eng,Wuthering Heights
OL13072913M,,,,eng,Wuthering Heights
OL9018881M,,,,eng,Wuthering Heights
OL9042234M,,,,eng,Wuthering Heights
OL12399548M,,,,eng,Wuthering Heights
OL15632264M,,,,eng,Wuthering Heights
OL18348193M,,,Emily Brontë.,eng,Wuthering Heights
OL9688235M,,,,eng,Wuthering Heights
OL9117518M,,,,eng,Wuthering Heights
OL30152187M,,,Emily Brontë,,
OL30503871M,,,Emily Brontë,,
OL31016069M,,,by Emily Bronte,,
OL31272224M,,,Emily Brontë,,
OL31883319M,,,Emily Brontë,,
OL31911867M,,,Emily Brontë,,
OL32155715M,,,Emily Brontë,,
OL27172391M,,,by Emily Jane Brontë ; with a short introduction and prepared for publication by Laurence Francis Harrison,,
OL27096463M,,,Emily Brontë ; [edited by Philip M. Parker],,
OL9145673M,,,,eng,Wuthering Heights
OL9112247M,,,,eng,Wuthering Heights
OL9078590M,,,,eng,Wuthering Heights
OL9019402M,,,,eng,Wuthering Heights
OL12770361M,,,,eng,Wuthering Heights
OL12770322M,,,,eng,Wuthering Heights
OL9484839M,Enrico Piceni,Translator,,eng,Wuthering Heights
OL12637702M,,,,eng,Wuthering Heights
OL19557087M,,,,eng,Wuthering Heights
OL19058956M,,,Luo Sai yi.,eng,Wuthering Heights
OL10460213M,Alison Booth,Editor,,,
OL21883376M,Alison Booth,Editor,edited by Alison Booth.,,
OL5959414M,Sylvère Monod,Translator,"[Traduction, introd., notes, bibliographie par Sylvère Monod. Éd. illustrée]",eng,Wuthering Heights
OL13239240M,,,,eng,Wuthering Heights
OL30506934M,,,Emily Brontë ; foreword by Lucasta Miller,,
OL32155716M,,,Emily Brontë,,
OL27096464M,,,Emily Brontë ; [edited by Philip M. Parker],,
OL27096462M,,,Emily Brontë ; [edited by Philip M. Parker],,
OL26886806M,,,"edited by William M. Sale, Jr",,
OL26651451M,,,Emily Brontë,,
OL26552254M,,,by Emily Brontë ; introduction by Rose Macauley,,
OL26536067M,,,Emily Brontë ; with a foreword by Geoffrey Moore. --,,
OL22636132M,,,Emily Brontë ; adapted by David Bennett.,,
OL27381692M,,,"edited by William M. Sale, Jr",,
OL16007135M,Charlotte Brontë,Preface,With a pref. and memoir of Emily and Anne Brontë by Charlotte Brontë.,,
OL17931314M,,,Emily Brontë.,,
OL22705619M,,,Emily Brontë ; abridged by D.K. Swan.,,
OL13706188M,Clare Leighton,Illustrator,illustrated with twelve wood engravings by Clare Leighton.,,
OL10464063M,Inga-Stina Ewbank,Contributor,,,
OL22574561M,C E Brock,Illustrator,by Emily Bronte illustrated by C E Brock.,,
OL22789276M,,,Emily Brontë.,,
OL14567202M,Ellis Bell,Author,by Ellis Bell.,,
OL23132926M,Christopher Heywood,Editor,Emily Brontë ; edited by Christopher Heywood.,,
OL22203182M,Royal A. Gettmann,Introduction,introd. by Royal A. Gettmann ; with wood engravings by Fritz Eichenberg.,,
OL22772179M,Graham Handley,Editor,by Emily Brontë ; edited by Graham Handley.,,
OL26882568M,,,by Emily Brontë,,
OL26571145M,,,by Emily Brontë; introduction by Royal A. Gettmann; with wood engravings by Fritz Eichenberg. --,,
OL3574720M,Linda H. Peterson,Editor,Emily Brontë ; edited by Linda H. Peterson.,,
OL6897526M,Charlotte Brontë,Preface,by Emily Brontë ; with a preface and memoir of Emily and Anne Brontë by Charlotte Brontë ; with sixteen coloured illustrations by Percy Tarrant.,,
OL6897526M,Percy Tarrant,Illustrator,by Emily Brontë ; with a preface and memoir of Emily and Anne Brontë by Charlotte Brontë ; with sixteen coloured illustrations by Percy Tarrant.,,
OL4463162M,,,Emily Brontë.,,
OL23147783M,,,by Emily Brontë.,,
OL1567447M,Katherine Frank,Introduction,Emily Brontë ; with an introduction by Katherine Frank.,,
OL4098960M,,,Emily Brontë.,,
OL6500579M,,,"by Emily Brontë, with wood engravings by Fritz Eichenberg.",,
OL22814719M,Charles Keeping,Lithography,lithographs by Charles Keeping.,,
OL561480M,,,Emily Brontë ; edited with an introduction and notes by Pauline Nestor.,,
OL22866943M,,,Emily Brontë.,,
OL5630369M,Robert C. Schweik,Introduction,Introd. by Robert C. Schweik.,,
OL6794811M,Diane Johnson,Introduction,Emily Brontë ; introduction by Diane Johnson.,,
OL22775203M,,,Emily Brontë.,,
OL22342502M,,,Emily Bronte.,,
OL22351300M,,,by Emily Brontë.,,
OL20255270M,Charlotte Brontë,Preface,by Emily Brontë ; with preface by Charlotte Brontë,,
OL23962962M,,,Emily Brontë.,,
OL2388732M,Percy Tarrant,Illustrator,Emily Brontë ; illustrated in color by Percy Tarrant and with woodcuts by Clare Leighton.,,
OL2388732M,Clare Leighton,Contributor,Emily Brontë ; illustrated in color by Percy Tarrant and with woodcuts by Clare Leighton.,,
OL13933434M,Stanley Wood,Contributor,abridged by Stanley Wood ; illustrated by David Tindle.,,
OL13933434M,David Tindle,Illustrator,abridged by Stanley Wood ; illustrated by David Tindle.,,
OL22778375M,Heather Glen,Editor,Emily Brontë ; edited by Heather Glen.,,
OL13925368M,Nell Booker,Illustrator,illustrated by Nell Booker ; introduction by May Lamberton Becker.,,
OL13925368M,May Lamberton Becker,Introduction,illustrated by Nell Booker ; introduction by May Lamberton Becker.,,
OL13649314M,Charlotte Bronte,Preface,by Emily Bronte ; with a preface and memoir of Emily and Anne Bronte by Charlotte Bronte; introduction by H.W. Garrod.,,
OL13649314M,H.W. Garrod,Introduction,by Emily Bronte ; with a preface and memoir of Emily and Anne Bronte by Charlotte Bronte; introduction by H.W. Garrod.,,
OL11259319M,Daniel Massey,Narrator,,,
OL13760142M,Skip Liepke,Illustrator,illustrations by Skip Liepke ; afterword by Jack Sullivan.,,
OL13760142M,Jack Sullivan,Afterword,illustrations by Skip Liepke ; afterword by Jack Sullivan.,,
OL8870195M,Daphne Merkin,Introduction,,,
OL17727697M,Malcolm Elwin,Introduction,Emily Bronte ; introduction by Malcolm Elwin ; illustrations by Arthur Wragg.,,
OL17727697M,Arthur Wragg,Illustrator,Emily Bronte ; introduction by Malcolm Elwin ; illustrations by Arthur Wragg.,,
OL6107194M,Ethel Caverley,Editor,Adapted by Lou P. Bunce and Merrill L. Howe; edited by Ethel Caverley.,,
OL5883222M,Bernarda Bryson,Illustrator,Illustrated by Bernarda Bryson. Afterword by Clifton Fadiman.,,
OL5883222M,Clifton Fadiman,Afterword,Illustrated by Bernarda Bryson. Afterword by Clifton Fadiman.,,
OL16007160M,May Sinclair,Introduction,[Introd. by May Sinclair],,
OL22172118M,"William M. Sale, Jr.",Editor,"edited by William M. Sale, Jr..",,
OL3561300M,Richard J. Dunn,Editor,Emily Brontë ; edited by Richard J. Dunn.,,
OL17722163M,,,by Emily Brontë.,,
OL22867315M,,,by Emily Bronte.,,
OL22508714M,,,by Emily Brontë.,,
OL6203633M,V. S. Pritchett,Introduction,With an introd. by V. S. Pritchett.,,
OL23268015M,,,illus. with wood engravings by Fritz Eichenberg.,,
OL3165353M,Clare Leighton,Contributor,Emily Brontë ; woodcuts by Clare Leighton.,,
OL17601753M,Ernest Rhys,Editor,by Emily Brontë.,,
OL17601753M,May Sinclair,Introduction,by Emily Brontë.,,
OL22577018M,Linda H. Peterson,Editor,Emily Brontë ; edited by Linda H. Peterson.,,
OL13816051M,Clare Leighton,Illustrator,illustrated with twelve wood engravings by Clare Leighton.,,
OL7508185M,Helen Cross,Introduction,,,
OL9021589M,,,,eng,Wuthering Heights
OL19152256M,Frédéric Delebecque,Translator,Emily Brontë ; traduction de Frédéric Delebecque.,eng,Wuthering Heights
OL25039226M,,,Emily Brontë,,
OL25255645M,,,by Emily Brontë,,
OL25647120M,,,,eng,Wuthering Heights
OL13323648M,,,,eng,Wuthering Heights
OL26535496M,,,by Charlotte Brontë and an introd. by H.W. Garrod. --,,
OL22952876M,,,Emily Brontë ; prólogo de Sergio Pitol.,,
OL17359698M,,,Emily Brontë,,
OL13071159M,,,,eng,Wuthering Heights
OL9041977M,,,,eng,Wuthering Heights
OL11038707M,,,,eng,Wuthering Heights
OL24354269M,José van Vonderen,Translator,Emily Brontë ; vert. [en naw.]: José van Vonderen,,
OL25039225M,,,Emily Brontë,,
OL5858882M,Thomas C. Moser,Editor,[By] Thomas C. Moser.,,
OL26508440M,Carolyn Seymour,Narrator,,,
OL22832256M,,,with an introduction by V.S. Pritchett.,,
OL25016349M,,,by Betty Neels,,
OL14977436M,,,byBetty Neels.,,
OL19412265M,,,by BettyNeels.,,
OL20652787M,,,BettyNeels.,,
OL22772110M,Graham Handley,Editor,by Emily Brontë ; edited by Graham Handley.,,
OL18698079M,,,Emily Bronte.,eng,Wuthering Heights
OL24376995M,Piotr Grzesik,Translator,,eng,Wuthering Heights
OL24376995M,Piotr Grzesik,Afterword,,eng,Wuthering Heights
OL24376995M,Piotr Grzesik & Marzena Boroń,Book Designer,,eng,Wuthering Heights
OL24376995M,Piotr Grzesik & Marzena Boroń,Graphic Design,,eng,Wuthering Heights
OL24376995M,Piotr Grzesik,Illustrator,,eng,Wuthering Heights
OL17380912M,,,Emily Bronte ; Sean O Ciosain a d'aistrigh go Gaeilge.,eng,Wuthering Heights
OL8838568M,,,,eng,Wuthering Heights
OL25923181M,,,,eng,Wuthering Heights
OL25557685M,Philip M. Parker,Editor,Emily Bronte  ; [edited by Philip M. Parker],,
OL26571146M,,,With an introd. by Bonamy Dobrée. --,,
OL22827419M,,,"Emily Brontë ; editor, CelesteFlower.",,
OL26430203M,,,by Robyn Donald,,
OL14976922M,,,by Robyn Donald.,,
OL14977521M,,,by Betty Neels.,,
OL17273747M,,,by Betty Neels.,,
OL18420160M,,,Francine Rivers.,,
OL24949890M,,,Francine Rivers,,
OL24238836M,,,Kay Thorpe.,,
OL24554218M,,,Kay Thorpe,,
OL22727089M,,,by Yvonne Whittal.,,
OL6720482M,,,by Emilie Loring.,,
OL1975549M,,,Jessica Steele.,,
OL22991746M,,,Nora Roberts ; [perevod s angliĭskogo I︠U︡. Khazanova].,,
OL668881M,,,Francine Rivers.,,
OL2673740M,,,by Yvonne Whittal.,,
OL30395205M,,,Renée Carlino,,
OL53388405M,Rebecca Yarros,Author name as appears on this edition,,,
OL61373796M,,,,eng,Fourth Wing
OL14978690M,,,Jessica Steele.,,
OL33220159M,,,Nora Roberts ; trad. de l'américain par Pascale Haas,,
OL22491935M,,,Nora Roberts.,,
OL20931692M,,,Nora Roberts.,,
OL27928962M,Kate Forbes,Narrator,,,
OL24389148M,,,Francine Rivers,,
OL1405352M,,,Francine Rivers.,,
OL18285347M,,,Francine Rivers.,,
OL37755966M,,,Kay Thorpe,,
OL14975934M,,,by Kay Thorpe.,,
OL18692398M,,,by Julia James.,,
OL9745213M,,,by Julia James,,
OL56883837M,Graciela Romero Saldaña,Translator,,eng,Fourth Wing
OL56883837M,Amy Acosta,Cartographer,,eng,Fourth Wing
OL56883837M,Amy Acosta,Illustrator,,eng,Fourth Wing
OL56883837M,Elizabeth Turner Stokes,Cartographer,,eng,Fourth Wing
OL24943721M,,,Jessica Steele,,
OL22225070M,,,Nora Roberts writing as Sarah Hardesty.,,
OL22483547M,,,"Nora Roberts, writing as Sarah Hardesty.",,
OL17339583M,,,Sarah Hardesty.,,
OL19999903M,,,by Anne Weale.,,
OL33032620M,,,Georgette Heyer ; Çevirmen: Elif Özkaya,,
OL3283827M,,,Georgette Heyer.,,
OL1115296M,,,"Nora Roberts, writing as Sarah Hardesty.",,
OL28417200M,,,Nora Roberts,,
OL31138126M,,,Nora Roberts,,
OL27126109M,,,Nora Roberts ; [per. s angl. ︠I︡U. Khazanova],,
OL14978500M,,,by Catherine George.,,
OL1779046M,,,by Betty Neels.,,
OL53198412M,,,,eng,Lady of Quality
OL27149445M,,,Georgette Heyer,,
OL3075491M,,,Georgette Heyer.,,
OL27190053M,,,Nora Roberts ; traducción de Adriana Delgado Escrucería,,
OL20697673M,,,Mary Balogh.,,
OL16522020M,,,byBetty Neels.,,
OL24947273M,,,Betty Neels,,
OL3283638M,,,[Betty Neels].,,
OL22332787M,,,(by) Georgette Heyer.,,
OL17952098M,,,by Betty Neels.,,
OL60609282M,Jaime Zulaika,Translator,,eng,Atonement
OL60609077M,Jaime Zulaika,Translator,,eng,Atonement
OL37876047M,,,Ian McEwan ; traduzione di Susanna Basso,,
OL9158577M,Paulo Henriques Britto,Translator,,,
OL27113568M,,,Yi'en Maikeyou'en zhu ; Zhao Pihui yi = Atonement / Ian McEwan,,
OL24365247M,Bernhard Robben,Translator,,eng,Atonement
OL24365247M,Claudia Voigt,Epilogue,,eng,Atonement
OL22635183M,,,Ian McEwan.,,
OL22081157M,,,Ian McEwan.,,
OL22428921M,,,Ian McEwan.,,
OL15610492M,,,traducao: Maria do Carmo Figuera.,,
OL3388782M,,,Diana Palmer.,,
OL3560680M,,,Diana Palmer.,,
OL18768923M,,,Lynne Graham.,,
OL60609285M,Jaime Zulaika,Translator,,eng,Atonement
OL60609266M,Jaime Zulaika,Translator,,eng,Atonement
OL60609173M,Jaime Zulaika,Translator,,eng,Atonement
OL32698451M,,,Ian McEwan ; traduit de l'anglais par Guillemette Belleteste,eng,Atonement
OL32520252M,Bernhard Robben,Translator,,eng,Atonement
OL9021156M,Bernhard Robben,Translator,,eng,Atonement
OL3955749M,,,Ian McEwan.,,
OL3950968M,,,Ian McEwan.,,
OL17606686M,,,Ian McEwan.,,
OL15610470M,,,traduzione di Susanna Basso.,,
OL24738312M,,,Diana Palmer,,
OL60609192M,Jaime Zulaika,Translator,,eng,Atonement
OL60609153M,Jaime Aulaika,Translator,,eng,Atonement
OL31890380M,,,Ian McEwan,,
OL9129093M,Jaime Zulaika,Translator,,eng,Atonement
OL25971185M,,,,eng,Atonement
OL24365254M,Bernhard Robben,Translator,,eng,Atonement
OL22463622M,,,Ian McEwan.,,
OL24968425M,,,Ian McEwan,,
OL23021178M,,,Ĭen Makʹi︠u︡ėn ; [perevod s angliĭskogo I.I︠A︡. Doroninoĭ].,,
OL22027975M,Jaime Zulaika,Translator,traduccion de Jaime Zulaika.,eng,Atonement
OL13521135M,,,by Jane Austen.,,
OL3701478M,,,Jane Austen ; edited with an introduction and notes by Marilyn Butler.,,
OL18283302M,,,with an introduction by Michael Sadleir.,,
OL6764345M,,,by Jane Austen ; with an introduction by Michael Sadleir.,,
OL5459368M,,,edited with an introduction by Anne Henry Ehrenpreis.,,
OL22748625M,,,Jane Austen.,,
OL22202706M,,,edited by M. E. Day,,
OL6775664M,,,"By Miss Austen, ... with a biographical notice of the author. In two volumes.",,
OL13864941M,,,Jane Austen.,,
OL1744063M,,,Jane Austen ; with an introduction by Claudia  L. Johnson.,,
OL17728172M,,,Jane Austen ; edited with an introduction by Anne Henry Ehrenpreis.,,
OL17637345M,,,Jane Austen ; [illustrated by Maximilien Vox].,,
OL22788269M,,,Jane Austen.,,
OL11044565M,,,by Jane Austen ; read by Nadia May,,
OL22359521M,,,by Jane Austen ; edited by Raymond Wilson.,,
OL553961M,,,edited with an introduction by Marilyn Butler.,,
OL13815563M,,,introduction by Sylvia Townsend Warner ; illustrations by Clarke Hutton.,,
OL5752888M,,,With an introd. by Sylvia Townsend Warner & illus. by Clarke Hutton.,,
OL100955M,,,Jane Austen ; with an introduction by Caroline Field Levander.,,
OL22568800M,,,Jane Austen.,,
OL22720589M,,,Jane Austen.,,
OL22866942M,,,Jane Austen ; edited with an introduction by Marilyn Butler.,,
OL22105336M,,,Jane Austen.,,
OL17052775M,,,Jane Austen ; edited by Claire Grogan,,
OL13713581M,,,with exercises by J.C. Dent.,,
OL22812621M,,,Jane Austen.,,
OL18688789M,,,by Jane Austen....,,
OL16799506M,,,by Jane Austen.,,
OL6775665M,,,by Jane Austen.,,
OL13839075M,,,with illustrations by Charles E. Brock.,,
OL3951169M,,,Jane Austen ; introduction by Robert Kiely.,,
OL22334335M,,,Jane Austen ; illustrated by Hugh Thomson.,,
OL13663000M,,,[with an introduction by R. Brimley Johnson].,,
OL13663418M,,,[illustrated by Charles E.Brock].,,
OL5485136M,,,With an introd. and notes by A. C. Ward.,,
OL696372M,,,Jane Austen.,,
OL13972887M,,,edited by R. Brimley Johnson ; with illustrations by William C. Cooke....,,
OL20248986M,,,edited by Mrs. Frederick Boas ; illustrated by Hugh Thomson.,,
OL23132684M,,,illustrated by H.M. Brock ; edited by Reginald Brimley Johnson.,,
OL22601523M,,,Jane Austen.,,
OL6792246M,,,Jane Austen.,,
OL3949181M,,,Jane Austen.,,
OL22290339M,,,edited by R. Brimley Johnson ; illustrated by C.E. and H.M. Brock.,,
OL1925615M,,,by Jane Austen ; with twenty-four coloured illustrations by C.E. Brock.,,
OL22812053M,,,Jane Austen ; with illustrations by HughThomson.,,
OL22607776M,,,Jane Austen ; edited by Susan Fraiman.,,
OL23623036M,,,Jane Austen.,,
OL13649791M,,,[illustrated by Charles E. Brock].,,
OL23009330M,,,Jane Austen.,,
OL22781406M,,,Jane Austen ; edited by Elisabeth Mahoney.,,
OL22426538M,,,Jane Austen.,,
OL60083388M,César Durán,Translator,,jpn,雪国
OL47222876M,Sakuko Utsugi,Illustrator,,jpn,雪国
OL47222876M,Bárbara Pesquer Isasi,Translator,,jpn,雪国
OL45506987M,,,Kawabata Yasunari saku,,
OL45166659M,,,Yasunari Kawabata ; Erzhählng aus dem Japanischen übersetzt und mit einem Nachwort versehen von Tobias Cheung,,
OL39807401M,,,Yasunari Kawabata ; vert. uit het Japans door C. Ouwehand ; met een naw. van Patricia De Martelaere,,
OL35628266M,César Durán,Translator,,jpn,雪国
OL35628266M,Edward G. Seidensticker,Prologue,,jpn,雪国
OL30909126M,,,Kawabata Yasunari,,
OL22913974M,,,[Traduzioni in lingua italiana da Luca Lamberti.,,
OL19620858M,,,"by Yasunari Kawabata ; translated, with an introduction by Edward G. Seidensticker.",,
OL21893139M,,,"translated, with anintroduction by Edward G. Seidensticker.",,
OL20720883M,,,translated from the Japanese by Edward G. Seidensticker.,,
OL4115232M,,,Yasunari Kawabata ; translated from the Japanese by Edward G. Seidensticker.,,
OL14949388M,,,Yasunari Kawabata ; translated from the Japanese by Edward G. Seidensticker ; with an introduction by Kazuo Ishiguro.,,
OL4419969M,Benjamin Cauvet-Duhamel,Translator,[par] Eugène Zamiatine. Traduit du russe par B. Cauvet-Duhamel. Préf. de Jorge Semprun.,rus,Мы
OL4419969M,Jorge Semprun,Introduction,[par] Eugène Zamiatine. Traduit du russe par B. Cauvet-Duhamel. Préf. de Jorge Semprun.,rus,Мы
OL58286432M,Irina Bogdaschevski,Translator,,rus,Мы
OL58286432M,Evgeni Zamiatin,Author name as appears on this edition,,rus,Мы
OL58286432M,Pablo Capanna,Foreword,,rus,Мы
OL51131287M,Gregory Zilboorg,Translator,,,
OL47051451M,Mirra Ginsburg,Translator,,,
OL45343875M,,,by Eugene Zamiatin ; translated and with a foreword by Gregory Zilboorg ; introduction by Peter Rudy ; preface by Marc Slonim,,
OL42583648M,Gregory Zilboorg,Translator,,,
OL18143486M,,,by Lee Wilkinson.,,
OL60083407M,César Durán,Translator,,jpn,雪国
OL53416525M,,,Kawabata Yasunari saku,,
OL45550985M,,,Kawabata Yasunari cho,,
OL32107423M,,,Yasunari Kawabata,,
OL60055607M,César Durán,Translator,,jpn,雪国
OL60055607M,Edward G. Seidensticker,Prologue,,jpn,雪国
OL17785623M,,,Yasunari Kawabata ; translated by Edward G. Seidenstricker.,,
OL14960845M,,,Yasunari Kawabata ; translated by Edward G. Seidensticker,,
OL22913983M,,,Yasunari Kawabata ; traduit du japonais par Bunkichi Fujimori ; texte français par Armel Guerne.,,
OL796803M,,,Yasunari Kawabata ; translated by Edward G. Seidensticker.,,
OL13569506M,,,Kawabata Yasunari.,,
OL6199966M,,,"Translated, with an introd. by Edward G. Seidensticker.",,
OL14830066M,,,Yasunari Kawabata ; translated by Edward G. Seidensticker,,
OL16167699M,,,Yasunari Kawabata ; translated by Edward G. Seidenstricker.,,
OL49325072M,Gregory Zilboorg,Translator,,,
OL49330290M,Gregory Zilboorg,Translator,,,
OL36055345M,Gregory Zilboorg,Translator,,,
OL36055345M,Edward Morgan Forster,Contributor,,,
OL30143534M,,,libretto E. Zami︠a︡tina ... [et al.] ; rezhisser N.V. Smolich ; khudozhnik V.V. Dmitriev ; dirizher S.A. Samosud ; khormeĭster A.F. Bauėr ; butaforii︠a︡ raboty khud.-skulʹpt. S.A. Evseeva ; dekorat︠s︡ii vypolneny pod nabl. G.V. Pavlova,,
OL24368624M,,,Lee Wilkinson,,
OL57090740M,,,Chuanduan Kangcheng zhu ; Li Yongchi yi,,
OL55070979M,Natalie Montoto,Translator,,,
OL47980547M,,,Yasunari Kawabata ; diterjemahkan dan diberi pengantar oleh Anas Ma'ruf,,
OL45524536M,,,[chosha Kawabata Yasunari],,
OL45388556M,,,Kawabata Yasunari [cho],,
OL30480603M,,,Yasunari Kawabata ; with aquatints by Tadaaki Kuwayama ; translated by Edward Seidensticker,,
OL21309504M,,,"Yasunari Kawabata ; translated from the Japanese by Edward G. Seidensticker, with an introduction by Kazuo Ishiguro.",,
OL23074016M,,,I︠A︡sunari Kavabata ; [perevod s i︠a︡ponskogo Z. Rakhima].,,
OL22913989M,,,Kawabata Yasunari cho.,,
OL34236533M,Gregory Zilboorg,Translator,,,
OL51308756M,Mirra Ginsburg,Translator,,rus,Мы
OL51308756M,Val Siegel,Cover Art,,rus,Мы
OL51309001M,Will Self,Introduction,,,
OL38044660M,,,,rus,Мы
OL18192143M,,,by Yevgeny Zamyatin ; translated by Mirra Ginsburg.,,
OL25841485M,Maiga Varik,Translator,,,
OL25841485M,Linda Uustalu,Editor,,,
OL25841485M,Kristjan Mändmaa,Designer,,,
OL20130020M,,,Evgenii Ivanovich Zamiatin.,,
OL51308776M,Harold Siegel,Cover Art,,rus,Мы
OL51308808M,Clarence Brown,Translator,,,
OL51308808M,Kit Russell,Illustrator,,,
OL51308808M,Ursula K. Le Guin,Introduction,,,
OL51308808M,Mirra Ginsburg,Translator,,,
OL7432203M,Mirra Ginsburg,Translator,,,
OL51337098M,Georgii Petrusov,Cover Photographer,,,
OL51337098M,Clarence Brown,Translator,,,
OL51311442M,А.Миллер,Translator,,,
OL51311442M,А.Никулин,Cover Art,,,
OL47770990M,,,,rus,МЫ
OL36356242M,Denise McTighe,Editor,,,
OL36356242M,Randy Sookanan,Introduction,,,
OL17854281M,,,by Eugene Zamiatin. Translated and with a foreword by Gregory Zilboorg. Introduction by Peter Rudy. Preface by Marc Slonim.,,
OL26587073M,Alone Combine,редактор,,,
OL51308780M,Harold Siegel,Cover Art,,,
OL22753130M,,,Evgeny Zamyatin.,,
OL51308827M,Ursula K. Le Guin,Introduction,,,
OL51308827M,Clarence Brown,Translator,,,
OL51308827M,Kit Russell,Illustrator,,,
OL51308558M,Hal Siegel,Cover Art,,,
OL34697491M,,,,rus,
OL39490563M,Bernard Guilbert Guerney,Translator,,rus,Мы
OL7346224M,Bernard Guilbert Guerney,Translator,,rus,Мы
OL22737533M,,,Yevgeny Zamyatin ; translated by Mirra Ginsburg.,,
OL22192420M,,,Translated by Bernard Guilbert Guerney.  Introd. and bibliographical note by Michael Glenny.,,
OL5186558M,,,"Eugene Zamiatin ; translated from the Russian by Gregory Zilboorg ; with introductory material by Peter Rudy, Marc Slonim, and Gregory Zilboorg, and with a critical afterword by Vasa D. Mihailovich.",,
OL7770639M,,,,rus,Мы
OL47771000M,,,,rus,МЫ
OL27141425M,,,"Jevgenij Zamjatin ; prevod, Miroslava Lalić",,
OL27201769M,,,Evgeniĭ Zami︠a︡tin,,
OL22287203M,Bernard Guilbert Guerney,Translator,by Yevgeny Zamyatin ; translated [from the Russian MS.] by Bernard Guilbert Guerney ; introduction and bibliographical note by  Michael Glenny.,,
OL22287203M,Michael Glenny,Introduction,by Yevgeny Zamyatin ; translated [from the Russian MS.] by Bernard Guilbert Guerney ; introduction and bibliographical note by  Michael Glenny.,,
OL22610689M,Germano Facetti,Cover Design,Yevgeny Zamyatin ; translated by Bernard Guilbert Guerney ; introduction by Michael Glenny.,,
OL26318319M,Natasha Randall,Translator,,,
OL23333638M,,,Vstup. stat'i︠a︡ Eugenii Zhiglevich.  Stat'i︠a︡-posleslovie Vladimira Bondarenko.,,
OL19907833M,,,Evgeniĭ Zami︠a︡tin. O divnyĭ novyĭ mir : roman / Oldos Khaksli ; perevod s angliĭskogo. 1984 : roman / Dzhordzh Oruėll ; perevod s angliĭskogo.,,
OL23066918M,,,Evgeniĭ Zamíàtin.,,
OL2244301M,,,Evgeniĭ Zami͡atin.,,
OL1906181M,,,Evgeniĭ Zami͡atin.,,
OL17199938M,,,"Yevgeny Zamyatin ; a new translation, with an introduction, by Natasha Randall",,
OL13532832M,,,Translated and with a foreword by Gregory Zilboorg. Introd. by Peter Rudy. Pref. by Marc Slonim.,,
OL6673300M,,,authorized translation from the Russian by Gregory Zilboorg,,
OL46115M,,,Eugene Zamiatin ; translated by Gregory Zilboorg.,,
OL5478305M,Harold Siegel,Cover Art,[by] Yevgeny Zamyatin. Translated by Mirra Ginsburg.,,
OL5728140M,,,[by] Yevgeny Zamyatin; translated [from the Russian MS.] by Bernard Guilbert Guerney; introduction and bibliographical note by Michael Glenny.,,
OL18306112M,Harold Siegel,Cover Art,,,
OL13703806M,Germano Facetti,Cover Design,,rus,Мы
OL48110676M,Павел Филонов,Cover Art,,,
OL27238789M,,,"Evgeniĭ Zami︠a︡tin ; izdanie podgotovili M.I︠U︡. Li︠u︡bimova, Dzh. Kurtis",,
OL21507096M,,,by Eugene Zamiatin ; translated and with a foreword by Gregory Zilboorg ; introduction by Peter Rudy ; preface by Marc Slonim.,,
OL22643830M,,,Yevgeny Zamyatin ; translated by Bernard Guilbert Guerney ; introduction by Michael Glenny.,,
OL20185883M,,,Evgenii Zamyatin.,,
OL21190477M,,,Eugeniusz Zamiatin ; prze±oçzy±a Barbara Sentencja.,,
OL18735610M,,,"Evgeniĭ Zami︠a︡tin ; vstup. statʹi︠a︡ Evgenii Zhiglevich, statʹi︠a︡-posleslovie Vladimira Bondarenko.",,
OL19620329M,,,E.I. Zami͡atin.,,
OL16604385M,,,Vstupitelʹnai͡a statʹi͡a Evgenii Zhuglevich; statʹi͡a-posleslovie Vladimira Bondarenko.,,
OL27198847M,,,Colleen Hoover,,
OL15196400M,Harold Siegel,Cover Art,Evgeny Zamyatin ; translated [with an introduction] by Mirra Ginsburg.,,
OL19016135M,,,Evgeny Zamyatin ; translated by Alex Miller ; illustrated by Leonid Tishkov.,,
OL1738889M,,,Yevgeny Zamyatin ; translated and with an introduction by Clarence Brown.,,
OL7642466M,Hal Siegel,Cover Art,,rus,Мы
OL9304433M,,,,,Мы
OL13897863M,Gregory Zilboorg,Translator,by Yevgeny Zamyatin ; translated and with a foreward by Gregory Zilboorg.,rus,Мы
OL21421404M,Harold Siegel,Cover Art,[by] Yevgeny Zamyatin. Translated by Mirra Ginsburg.,,
OL27173421M,,,Youjin Sami'erqin zhu ; Yin Gao yi,,
OL22140836M,,,E. Zamyatin ; edited with introduction and notes by Andrew Barratt.,,
OL22028408M,,,Eugeniusz Zamiatin ; przeł. Barbara Sentencja.,rus,Мы
OL16998136M,,,E. Zami︠a︡tin.,,
OL22931293M,,,Evgeniĭ Zami︠a︡tin. O divnyĭ novyĭ mir : roman / Oldos Khaksli.,,
OL17412089M,,,Emma Darcy.,,
OL17862545M,,,Emma Darcy.,,
OL14981058M,,,Charlotte Lamb.,,
OL32698665M,,,Helen Bianchin,,
OL24943040M,,,Helen Bianchin,,
OL24375627M,,,Lynne Graham,,
OL42368595M,Alfredo Carnevale,Translator,,eng,The Mystery of the Blue Train
OL14977004M,,,by Anne Mather.,,
OL14980097M,,,by Charlotte Lamb.,,
OL28264274M,,,by Helen Bianchin,,
OL22238721M,,,Charlotte Lamb.,,
OL1658925M,,,by Charlotte Lamb.,,
OL3388551M,,,[Betty Neels],,
OL24975304M,,,by Betty Neels,,
OL24964413M,,,by Betty Neels,,
OL56611872M,Anton Rivas,Translator,,,
OL48584428M,Cover Art,Illustrator,,,
OL42338624M,Alejandro Mendez,Translator,,eng,The Mystery of the Blue Train
OL20501021M,,,Charlotte Lamb.,,
OL2724744M,,,Charlotte Lamb.,,
OL14976618M,,,by Charlotte Lamb.,,
OL50450600M,,,by Agatha Christie,,
OL35699204M,Mallory (DM),Editor,,,
OL22367505M,,,Agatha Christie.,,
OL14992603M,,,Agatha Christie.,,
OL26898366M,,,Agatha Miller,,
OL21781809M,,,Agatha Christie.,,
OL23085358M,,,Ajiasha Kelisidi zhu ; [Yu Lei yi].,,
OL26336949M,,,Agatha Christie,,
OL1525218M,,,Agatha Christie.,,
OL23008335M,,,zuo zhe Sangdela Bulang ; yi zhe Lin Xiaomei.,,
OL15315593M,,,przełożyła Hanna Pasierska.,,
OL24939965M,,,Agatha Christie,,
OL21233727M,,,Agatha Christie.,,
OL15051287M,,,by Agatha Christie.,,
OL22962121M,,,Agatha Miller.,,
OL20413480M,,,Agatha Christie.,,
OL14575798M,,,Agatha Christie.,,
OL32127988M,,,Agatha Christie,,
OL28420200M,,,Agatha Christie,,
OL25285504M,Ignoto,Translator,,,
OL24501732M,,,Sandra Brown,,
OL25286229M,?,Translator,,,
OL25286229M,Claudio Savonuzzi,Prologue,,,
OL1886140M,,,Agatha Christie.,,
OL14876215M,,,Agatha Christie.,,
OL31157554M,,,Agatha Christie,,
OL6717225M,,,Agatha Christie.,,
OL31882777M,,,Agatha Christie ; nouvelle traduction de Etienne Lethel,,
OL14980593M,,,by Jessica Steele.,,
OL14978360M,,,by Emma Darcy.,,
OL1286362M,,,by Betty Neels.,,
OL39198050M,,,Lisa Kleypas ; traduit de l'américain par Edwige Hennebelle,,
OL8910664M,,,,eng,The Awakening
OL22834775M,,,Natalie Fox.,,
OL24381689M,,,Natalie Fox,,
OL3284219M,,,[Betty Neels].,,
OL9806085M,,,Betty Neels,,
OL22421343M,,,Betty Neels.,,
OL32139813M,,,Lisa Kleypas,,
OL27112340M,,,zuo zhe Lisha Kelaipei ; yi zhe Chi Mingye =,,
OL41412949M,,,,eng,Awakening
OL36835549M,Ingrid Gross,Translator,,eng,The Awakening
OL36836595M,Ingrid Gross,Translator,,eng,The Awakening
OL35386248M,,,,eng,The Awakening
OL52721977M,Ryta Vinagre,Translator,,eng,The Vampire Diaries: The Awakening
OL1095811M,,,Sandra Brown.,,
OL14977159M,,,by Jessica Steele.,,
OL22363753M,,,Natalie Fox.,,
OL47266566M,Emma Piqué,Translator,,,The Awakening
OL43971909M,,,,eng,The Awakening
OL27130192M,,,"L.J. Smith ; Diệu Hằng, Thiên Thanh dịch",,
OL16522062M,,,by Carole Mortimer.,,
OL61204556M,,,,eng,The Serpent and the Wings of Night
OL14977858M,,,by Carole Mortimer.,,
OL24857253M,,,L.J. Smith,,
OL24213043M,,,Linda Howard.,,
OL3685749M,,,Linda Howard.,,
OL55718171M,Sheba Blake,Editor,,,
OL17418084M,,,translated from the English by Pia von Hartungen.,,
OL13741604M,,,translated from the English by Pia von Hartungen.,,
OL14978343M,,,by Penny Jordan.,,
OL22072320M,,,(by) Mary Stewart.,,
OL21443720M,,,Mary Stewart.,,
OL22812469M,,,Jane Austen ; with a new introduction by Margaret Drabble.,,
OL25561036M,,,Georgette Heyer ; with a foreword by Linda Lael Miller,,
OL16872211M,Linda Lael Miller,Foreword,by Georgette Heyer ; with a foreword by Linda Lael Miller.,,
OL17456612M,,,Carole Mortimer.,,
OL4898200M,,,Mary Stewart.,,
OL4877210M,,,by Mary Stewart.,,
OL13936510M,,,traduit de l'anglais par Paul Verguin.,,
OL25054552M,,,by Georgette Heyer,,
OL21310636M,,,Carole Mortimer.,,
OL17400257M,,,(by) Mary Stewart.,,
OL42472275M,Sheba Blake,Editor,,,
OL39822351M,,,E.M. Forster,,
OL43183517M,,,by E. M. Forster,,
OL37059712M,,,by E.M. Forster,,
OL44867644M,,,E. M. Forster,,
OL34838412M,Richard S. Hartmetz,Editor,,,
OL58674845M,Charles Mauron,Translator,,,
OL37870813M,,,E.M. Forster,,
OL43769217M,,,by E. M. Forster,,
OL24949870M,,,E. M. Forster ; edited by Oliver Stallybrass,,
OL15058424M,,,E. M. Forester.,,
OL21256884M,,,E.M. Forster.,,
OL13536151M,,,E. M. Forster.,,
OL54343514M,Tom Thomas,Editor,,,
OL27085950M,,,E.M. Forster,,
OL23757516M,,,by E.M. Forester,,
OL25553745M,,,E.M. Forster ; [edited by Philip M. Parker],,
OL25539635M,,,E.M. Forster ; [edited by Philip M. Parker],,
OL3564391M,,,E.M. Forster.,,
OL2550394M,,,by E.M. Forster.,,
OL22235790M,,,E.M. Forster ; edited by Oliver Stallybrass.,,
OL27416476M,巫漪云,Translator,,eng,A Room With a View
OL29571638M,,,E.M. Forster,,
OL26643657M,,,E.M. Forster,,
OL26573324M,,,by E. M. Forster,,
OL25547650M,,,E.M. Forster ; [edited by Philip M. Parker],,
OL24627151M,Glynn Boyd Harte,Lithography,,,
OL22215520M,,,E.M. Forster.,,
OL17397973M,,,E.M. Forster ; traduit de l'anglais par Charles Mauron.,,
OL22380785M,,,(by) E.M. Forster.,,
OL4296292M,,,E. M. Forster.,,
OL19644915M,,,E.M. Forster ; [with an introduction by Oliver Stallybrass].,,
OL20318805M,,,by E.M. Forster.,,
OL17869410M,,,by E. M. Forster.,,
OL18349617M,,,by E. M. Forster.,,
OL118081M,,,E.M. Forster ; introduction and notes by Malcolm Bradbury.,,
OL22575770M,,,E.M. Forster ; edited by Oliver Stallybrass.,,
OL23269778M,,,by E.M. Forster.,,
OL51743050M,José Manuel Álvarez Flóres,Translator,Rob Cole,eng,Ethan Frome
OL51743050M,Ángela Pérez,Translator,Rob Cole,eng,Ethan Frome
OL51743050M,Rob Cole,Editor,Rob Cole,eng,Ethan Frome
OL37011M,,,E.M. Forster.,,
OL22990165M,,,E.M. Forster ; traduzione di Marisa Caramella.,,
OL18193525M,,,by E.M. Forster.,,
OL1270593M,,,E. M. Forster.,,
OL22903763M,,,Fusite zhu ; Chen Cangduo yi.,,
OL13571134M,,,E.M. Forster.,,
OL20050352M,,,E. M. Forster.,,
OL24953799M,,,Anne Mather,,
OL43752028M,,,by Edith Wharton ; with an introd. by Mrs. Wharton,,
OL1410616M,,,E.M. Forster.,,
OL22116812M,,,by E. M. Forster.,,
OL22585508M,,,E. M. Forster.,,
OL6462782M,,,E.M. Forster.,,
OL43095749M,,,by Edith Wharton,,
OL43882957M,,,by Edith Wharton,,
OL38615125M,,,by Edith Wharton. With an introduction by Mrs. Wharton,,
OL32059444M,Daniel Luttringer,Narrator,,fre,Ethan Frome
OL29791798M,J. V. Editors,Editor,,,
OL29671594M,Richard S. Hartmetz,Editor,,,
OL29713777M,Raul Bracho,Translator,,,
OL29736710M,Maxim Montoto,Editor,,,
OL29737453M,Natalie Montoto,Editor,,,
OL29746144M,Antonella Lombardi,Editor,,,
OL29755348M,Pedro Alvarez,Translator,,,
OL29739124M,Jorge Martinez,Editor,,,
OL29748398M,Francisco Castro,Editor,,,
OL29764725M,Yasmira Cedeno,Editor,,,
OL29767313M,Sheba Blake,Editor,,,
OL47797444M,,,,,Secret Woman
OL9212480M,Renato Fratini,Cover Art,,,
OL22332853M,,,Victoria Holt.,,
OL13742140M,,,traduccio n: Rafael Va zquez Zamora.,,
OL24403124M,,,Lynne Graham,,
OL51729853M,Antonio Padilla Esteban,Translator,,eng,They Both Die at The End
OL51160247M,,,,eng,
OL26934543M,,,Adam Silvera,,
OL24928761M,,,by Michelle Reid,,
OL47305055M,Лі Бардуґо,Author name as appears on this edition,,eng,Ruin and Rising
OL47305055M,Єлена Даскал,Translator,,eng,Ruin and Rising
OL35298409M,,,,eng,Ruin and Rising
OL48061118M,Renato Fratini,Cover Art,,,
OL7257764M,Renato Fratini,Cover Art,,,
OL3247762M,,,Victoria Holt.,,
OL20938146M,Renato Fratini,Cover Art,(by) Victoria Holt.,,
OL5217884M,,,[by] Victoria Holt.,,
OL20193803M,,,[översättning av Susanne Sundgren].,,
OL51713210M,Vitor Martins,Translator,,eng,They Both Die at the End
OL32975898M,,,Published by HarperTeen,,
OL26926650M,,,Adam Silvera,,
OL6899242M,,,Linda Howard.,,
OL28175217M,,,,eng,Ruin and Rising
OL32367805M,,,Viktoria Holt. [Dt. Übers. von Karin S. Krausskopf],,
OL4073997M,,,[by] Victoria Holt.,,
OL22305021M,,,Linda Howard.,,
OL23244630M,,,Linda Howard.,,
OL6794659M,,,Linda Howard.,,
OL10748522M,,,,eng,The Bellini Bride
OL35382144M,,,,eng,Ruin and Rising
OL29784685M,David Widger,Prepared by,,,
OL29785474M,David Widger,Prepared by,,,
OL29787877M,Owen Smit,Editor,,,
OL29796341M,Joni Njl,Illustrator,,,
OL27037305M,,,Edith Wharton ; [edited by Philip M. Parker],,
OL17189282M,Anita Shreve,Foreword,,,
OL12667153M,,,,eng,Ethan Frome
OL26573501M,,,by Edith Wharton ; with an introduction by Mrs. Wharton. --,,
OL11780246M,Christina Tumminello,Introduction,,,
OL26581581M,Elizabeth Klett,Narrator,,,
OL26276765M,Emanuela Dal Fabbro,Translator,Edith Wharton ; a cura di Cristina Giorcelli ; traduzione di Emanuela Dal Fabbro,,
OL22859658M,,,by Edith Wharton ; with an introduction written for this edition.,,
OL3954704M,,,Edith Wharton.,,
OL16271475M,,,Edith Wharton.,,
OL23046038M,,,Edith Wharton.,,
OL5791635M,,,With a foreword and a study guide by Helen T. Munn.,,
OL17891172M,Bernard De Voto,Introduction,by Edith Wharton ; with an introd. by Bernard De Voto.,,
OL19061388M,,,Aidisi Huadun zhu ; Wang Zhen'guo yi.,,
OL27037304M,,,Edith Wharton ; [edited by Philip M. Parker],,
OL27037302M,,,Edith Wharton ; [edited by Philip M. Parker],,
OL27037303M,,,Edith Wharton ; [edited by Philip M. Parker],,
OL27751314M,Carol J. Singley,Editor,Edith Wharton ; edited by Carol J. Singley,,
OL25998051M,Elizabeth Ammons,Introduction,,,
OL26581584M,Bob Neufeld,Narrator,,,
OL26580885M,,,,eng,Ethan Frome
OL6356100M,,,by Edith Wharton.,,
OL23266683M,Bruce Rogers,Designer,"by Edith Wharton, with an introduction written for this edition.",,
OL13965782M,,,by Edith Wharton.,,
OL23181392M,,,Edith Wharton ; translated [sic] [edited] with an introduction and notes by Elaine Showalter.,,
OL7384095M,Elaine Showalter,Editor,Edited with an Introduction and Notes by Elaine Showalter,,
OL3115860M,,,by Edith Wharton.,,
OL3427232M,Elizabeth Ammons,Introduction,Edith Wharton ; with an introduction and notes by Elizabeth Ammons.,,
OL8364736M,Scott Brick,Narrator,,,
OL24721275M,,,Prologo de Elbio Rodriguez Barilari,,
OL24056349M,,,by Edith Wharton ; with water-colour drawings by Henry Varnum Poor and an introduction by Clifton Fadiman.,,
OL6804701M,,,Edith Wharton.,,
OL7199424M,Bruce Rogers,Designer,"by Edith Wharton, with an introduction written for this edition.",,
OL2026897M,,,by Edith Wharton ; introduction by Connie Bellamy.,,
OL24206399M,Cynthia Griffin Wolff,Introduction,Edith Wharton. With an introd. by Cynthia Griffin Wolff.,,
OL2384396M,Alfred Kazin,Afterword,by Edith Wharton ; with an afterword by Alfred Kazin.,,
OL23266589M,,,Edith Wharton.,,
OL6886994M,,,Edith Wharton ; edited by Robin Peel.,,
OL2724968M,,,Edith Wharton ; introduction by Doris Grumbach.,,
OL814700M,,,Edith Wharton ; edited with an introduction by Elaine Showalter.,,
OL1001093M,Alfred Kazin,Afterword,Edith Wharton ; with an afterword by Alfred Kazin.,,
OL24368384M,,,With an introd. by Mrs. Wharton,,
OL24925557M,,,Edith Wharton ; with an introduction by Cynthia Griffin Wolff,,
OL24376168M,,,With an introd. by Mrs. Wharton,,
OL22998487M,,,Nora Roberts ; [perevod s angliĭskogo I. Faĭnshteĭn].,,
OL1451947M,,,by Robyn Donald.,,
OL24373679M,,,Robyn Donald,,
OL14981069M,,,Violet Winspear.,,
OL17912734M,,,Violet Winspear.,,
OL15552433M,,,Edith Wharton.,,
OL13537670M,,,With an introd. by Mrs. Wharton.,,
OL1862112M,,,Edith Wharton.,,
OL3318205M,Lynn Miller,Contributor,Edith Wharton ; supplementary materials written by Lynn Miller.,,
OL27148333M,,,Nora Roberts,,
OL24961261M,,,Nora Roberts,,
OL31955745M,,,Nora Roberts ; traduit de l'américain par Véronique Fourneaux,,
OL20086036M,,,Edith Wharton ; przełożyła Urszula Łada-Zabłocka ; słowo wstępne Wiesław Furmańczyk.,,
OL2341636M,,,by Edith Wharton.,,
OL3548350M,,,Edith Wharton ; with an introduction by Cynthia Griffin Wolff.,,
OL18360971M,,,by Edith Wharton ; with an introduction by Mrs. Wharton.,,
OL5606088M,,,[edited by] Blake Nevius.,,
OL3575324M,,,Edith Wharton ; edited by Denise D. Knight.,,
OL6796290M,,,Edith Wharton ; introduction by Elizabeth Strout ; notes by Julia Ehrhardt.,,
OL21849699M,,,With an introd. by Mrs. Wharton.,,
OL7577297M,Anita Shreve,Foreword,,,
OL1093019M,,,"Edith Wharton ; edited by Kristin O. Lauer, Cynthia Griffin Wolff.",,
OL7215847M,,,by Edith Wharton,,
OL6368629M,,,by Edith Wharton: with an introduction by Bernard De Voto.,,
OL34581M,,,Nora Roberts.,,
OL20931825M,,,Nora Roberts.,,
OL14976619M,,,by Violet Winspear.,,
OL29216968M,,,Carole Mortimer,,
OL26344115M,,,Carole Mortimer,,
OL61212700M,,,,eng,The Notebook
OL28297420M,,,Nicholas Sparks,,
OL986082M,,,Nicholas Sparks.,,
OL22413121M,Bettina Runge,Translator,Nicholas Sparks ; aus dem Amerikanischen von Bettina Runge.,,
OL995215M,,,Nicholas Sparks.,,
OL20940837M,,,Nicholas Sparks.,,
OL21871902M,,,Amanda Browning.,,
OL24223088M,,,Carole Mortimer.,,
OL21305823M,,,by Jane Aiken Hodge.,,
OL26376514M,,,Betty Neels,,
OL17316099M,,,Betty Neels.,,
OL2526559M,,,Penny Jordan.,,
OL32721260M,Barry Bostwick,Narrator,,,
OL21306628M,,,(by) Jane Aiken Hodge.,,
OL3284222M,,,[Betty Neels].,,
OL61242874M,Viviane Diniz,Translator,,eng,The Notebook
OL31912380M,,,Nicholas Sparks,,
OL13433069M,Lisa Morpurgo,Translator,,,
OL22017281M,,,Nicholas Sparks.,,
OL27070727M,,,Thomas Malory ; [edited by Philip M. Parker],,
OL32358708M,,,by Sir Thoms Malory,,
OL60495088M,Αλέξανδρος Κοσματόπουλος,Translator,,enm,Le Morte d'Arthur
OL60495019M,Αλέξανδρος Κοσματόπουλος,Translator,,enm,La Morte d'Arthur
OL5066099M,,,by Sir Thomas Malory ; edited with an introd. by Eugène Vinaver.,,
OL17721568M,Roger Lancelyn Green,Retold by,"Newly retold out of the old romances by Roger Lancelyn Green, and illustrated by Lotte Reiniger.",,
OL6072652M,,,"Edited by Sidney Lanier, illustrated by Florian.",,
OL6203670M,Eugène Vinaver,Editor,Edited with an introd. and notes by Eugène Vinaver.,,
OL5259725M,,,"edited, with an introduction, notes and glossary, by D. S. Brewer.",,
OL14385404M,,,"edited, with an introduction, notes, and glossary by D.S. Brewer.",,
OL17626888M,,,made and edited by R.T. Davies,,
OL26692953M,Hedwig Lachmann,Translator,Übers. von Hedwig Lachmann. Mit einem Nachw. von Volker Mertens; Teilausg.,eng,Le Morte Darthur
OL26692953M,Volker Mertens,Afterword,Übers. von Hedwig Lachmann. Mit einem Nachw. von Volker Mertens; Teilausg.,eng,Le Morte Darthur
OL26692953M,Heiko Hortsch,Typesetter,Übers. von Hedwig Lachmann. Mit einem Nachw. von Volker Mertens; Teilausg.,eng,Le Morte Darthur
OL7933692M,Michael Senior,Editor,edited and abridged with an introduction by Michael Senior,,
OL13938245M,John Hampden,Selected by,by Sir Thomas Malory ; arranged by John Hampden.,,
OL6718026M,Ann D. Alexander,Illustrator,selected from Malorys Morte Darthur and illustrated by Ann D. Alexander ...,,
OL6421126M,Elinore Blaisdell,Illustrator,"[by] U. Waldo Cutler, illustrated by Elinore Blaisdell.",,
OL6421126M,U. Waldo Cutler,Editor,"[by] U. Waldo Cutler, illustrated by Elinore Blaisdell.",,
OL6663751M,,,by Sir Thomas Malory,,
OL13995009M,Rasmus B. Anderson,Editor,"Edited from the text of the edition of 1634, with an introd. by Ernest Rhys. Rasmus B. Anderson, editor in chief; J.W. Buel, managing editor.",,
OL13995009M,J.W. Buel,Editor,"Edited from the text of the edition of 1634, with an introd. by Ernest Rhys. Rasmus B. Anderson, editor in chief; J.W. Buel, managing editor.",,
OL6938748M,Thomas Wright,Editor,"Compiled by Sir Thomas Malory, knt. Edited from the text of the edition of 1634, with introduction and notes by Thomas Wright ...",,
OL6390316M,Aileen Bagot,Retold by,"told by Aileen Bagot, illustrated by Doris Pailthorpe.",,
OL6390316M,Doris Pailthorpe,Illustrator,"told by Aileen Bagot, illustrated by Doris Pailthorpe.",,
OL16184122M,,,by Sir Thomas Malory Knt. ; with illustrations after water-colour drawings by W.Russell Flin  o.,,
OL20262458M,Ivy Ellis,Illustrator,,,
OL23384844M,Clarence Griffin Child,Editor,"ed. with an introductory sketch and glossary, by Clarence Griffin Child ...",,
OL24460908M,Dorsey Armstrong,Translator,edited and translated by Dorsey Armstrong,,
OL24460908M,Dorsey Armstrong,Editor,edited and translated by Dorsey Armstrong,,
OL20937635M,,,adapted by Henry Frith ; illus. by Frank E. Schoonover.,,
OL6072653M,,,"Edited by Sidney Lanier, illustrated by Florian.",,
OL19356093M,D.S. Brewer,Editor,"Edited, with an introd., notes and glossary, by D.S. Brewer",,
OL24769150M,,,[Adapted by William Kottmeyer; Illustrated by Murray McKeehan],,
OL23756520M,Roger Lancelyn Green,Retold by,"newly retold out of the old romances by Roger Lancelyn Green, and illustrated by Lotte Reiniger",,
OL3561302M,Stephen H.A. Shepherd,Editor,Sir Thomas Malory ; edited by Stephen H.A. Shepherd.,,
OL16473108M,Geoffrey H. Crump,Editor,edited with an introduction by Geoffrey H. Crump.,,
OL13783051M,Severin Rüttgers,Translator,"Uebertragen aus dem ""noble and joyous book entytled Le Morte Darthur"" durch Severin Rüttgers. Satz und Druck von W. Drugulin",,Le morte d'Arthur
OL19634311M,Aubrey Beardsley,Illustrator,the text as written by Sir Thomas Malory and imprinted by William Caxton at Westminister the year 1485 and now spelled in modern style ; with an introduction by Professor [John] Rhys ; and embellished with many original designs by Aubrey Beardsley.,,
OL18021919M,Ernest Rhys,Editor,edited by Ernest Rhys,,
OL259137M,Devorah ʻOmer,Translator,tirgum ṿe-ʻibud: Devorah ʻOmer,,Morte d'Arthur
OL17773677M,Douglas W. Swiggett,Editor,"ed., with introduction, notes, and glossary, by Douglas W. Swiggett.",,
OL23554872M,Dorsey Armstrong,Translator,edited and translated by Dorsey Armstrong,,
OL23554872M,Dorsey Armstrong,Editor,edited and translated by Dorsey Armstrong,,
OL24115644M,Dorsey Armstrong,Translator,edited and translated by Dorsey Armstrong.,,
OL24115644M,Dorsey Armstrong,Editor,edited and translated by Dorsey Armstrong.,,
OL26703441M,,,"comp. by Thomas Malory ; ed. from the text of the ed. of 1634, with introd. and notes by Thomas Wright",,
OL6072094M,,,[by] Mary Macleod; illustrated by Alexander Dobkin.  Introd. by May Lamberton Becker.,,
OL5688425M,Eugene Vinaver,Editor,Edited with an introd. and notes by Eugene Vinaver.,,
OL20937768M,Elizabet Lodor Merchant,Compiler,based on Sir Thomas Malory's Morte d' Arthur ; compiled and arranged by Elizabet Lodor Merchant,,
OL5614287M,,,"Edited, with an introd., notes, and glossary, by D.S. Brewer.",,
OL2410128M,,,edited by Sidney Lanier.,,
OL20938406M,,,"Edited by Sidney Lanier, illustrated by Florian.",,
OL5578706M,,,made and edited by R. T. Davies,,
OL7395822M,Neil Ripley Ker,Editor,,,
OL17015085M,William Ernest Chapman,Illustrator,retold from Le morte d'Arthur of Sir Thomas Malory and the original stories by Mary Blackwell Sterling; illustrations by William Ernest Chapman,fre,Le morte d'Arthur
OL17015085M,Mary Blackwell Sterling,Retold by,retold from Le morte d'Arthur of Sir Thomas Malory and the original stories by Mary Blackwell Sterling; illustrations by William Ernest Chapman,fre,Le morte d'Arthur
OL6235639M,Brian Kennedy Cooke,Editor,"by Brian Kennedy Cooke. Illus. in the text from Tavola rotonda (Cod. pal. 556) by courtesy of the National Library, Florence. Front. by D.S. Cammell, after the design by Mary Colley.",,
OL6235639M,D.S. Cammell,Frontispiece,"by Brian Kennedy Cooke. Illus. in the text from Tavola rotonda (Cod. pal. 556) by courtesy of the National Library, Florence. Front. by D.S. Cammell, after the design by Mary Colley.",,
OL6235639M,Mary Colley,Designer,"by Brian Kennedy Cooke. Illus. in the text from Tavola rotonda (Cod. pal. 556) by courtesy of the National Library, Florence. Front. by D.S. Cammell, after the design by Mary Colley.",,
OL6059120M,,,"by Syr Thomas Malory, Knyght",,
OL16661289M,Aubrey Beardsley,Illustrator,"The text as written by Sir Thomas Malory, and imprinted by William Caxton at Westminster the year MCCCCLXXXC, and now spelled in modern style, ... embellished with many original designs by Aubrey Beardsley. With an introduction by professor John Rhys. And a note on Aubrey Beardsley by Aymer Vallance.",,Morte Darthur
OL16661289M,John Rhys,Introduction,"The text as written by Sir Thomas Malory, and imprinted by William Caxton at Westminster the year MCCCCLXXXC, and now spelled in modern style, ... embellished with many original designs by Aubrey Beardsley. With an introduction by professor John Rhys. And a note on Aubrey Beardsley by Aymer Vallance.",,Morte Darthur
OL16661289M,Aymer Vallance,Notes by,"The text as written by Sir Thomas Malory, and imprinted by William Caxton at Westminster the year MCCCCLXXXC, and now spelled in modern style, ... embellished with many original designs by Aubrey Beardsley. With an introduction by professor John Rhys. And a note on Aubrey Beardsley by Aymer Vallance.",,Morte Darthur
OL14636680M,Clarence Griffin Child,Editor,"from Malory's King Arthur, with Caxton's preface; ed. with an introductory sketch and glossary, by Clarence Griffin Child",,
OL20108211M,,,by Sir Thomas Malory,,
OL8063075M,Charles Morris,Retold by,,,
OL6980966M,,,"Comp. by Sir Thomas Malory, knt., and ed. from the text of the edition of 1634, with an introduction by Ernest Rhys. Hon. Rasmus B. Anderson, LL.D., editor in chief; J. W. Buel, managing editor.",,
OL9646932M,Norma Lorre Goodrich,Introduction,,,
OL23079733M,,,by Keith Baines ; introduction by Robert Graves,,
OL21487537M,Ernest Rhys,Introduction,"edited, with general introduction to the ""Camelot Classics"", by Ernest Rhys.",,
OL20427915M,,,"introduction, traduction et notes par Marguerite Marie Dubois.",,
OL14474497M,,,"edited, with general introduction to the ""Camelot series,"" by Ernest Rhys.",,
OL14260272M,Ernest Rhys,Editor,Ed. by Ernest Rhys.,,
OL7720478M,,,edited by R.M. Lumiansky,,
OL23767038M,Chase Horton,Editor,"Sir Thomas Malory ; from the Winchester MSS. of Thomas Malory and other sources by John Steinbeck, edited by Chase Horton.",,
OL7038878M,,,by Sir Thomas Malory.,,
OL20630621M,Lettice Sandford,Drawings,with drawings by Lettice Sandford.,,
OL19611535M,Lettice Sandford,Drawings,[drawings by Lettice Sandford],,
OL13326813M,,,,enm,Le Morte d'Arthur
OL11928201M,William Edward Mead,Editor,,,
OL7235778M,William Edward Mead,Editor,"edited with introd., notes and glossary by William Edward Mead",,
OL6552096M,Charles Morris,Retold by,By Charles Morris ...,,
OL17605759M,,,"Compiled by Sir Thomas Malory...and edited from the text of the edition of 1634, with an introduction by Ernest Rhys ; Hons. Rasmus B. Anderson.",,
OL468673M,Ernest Rhys,Introduction,"edited, with general introduction to the Camelot series, by Ernest Rhys.",,
OL18283214M,Eugène Vinaver,Editor,edited by Eugène Vinaver,,
OL20108216M,Eugène Vinaver,Editor,by Sir Thomas Malory ; edited by Eugène Vinaver.,,
OL18358570M,R T Davies,Selected by,made and ed. by R T Davies,,
OL18358570M,R T Davies.,Editor,made and ed. by R T Davies,,
OL16972995M,,,by Sir Thomas Malory ; translated from the French by William Caxton.,,
OL7096845M,,,by Sir Thomas Malory ; [with an introduction by Ernest Rhys],,
OL13988169M,,,edited by Janet Cowen ; with an introduction by John Lawlor.,,
OL11437976M,Charles Morris,Retold by,,,
OL10520886M,William Edward Mead,Editor,,,
OL16473101M,,,"edited with introd., notes and glossary by William Edward Mead.",,
OL6551973M,William Edward Mead,Editor,"ed., with introduction, notes, and glossary, by William Edward Mead ...",,
OL21086357M,Charles Morris,Retold by,edited by Rupert S. Holland with illustrations by Lancelot Speed.,,
OL18361171M,,,"compiled by Sir Thomas Malory and edited from the text of the edition of 1634 ; R.B. Anderson, editor in chief.",,
OL23381767M,,,"Comp. by Sir Thomas Malory, knt., and ed. from the text of the edition of 1634, with an introduction by Ernest Rhys. Hon. Rasmus B. Anderson, LL.D., editor in chief; J. W. Buel, managing editor.",,
OL14829057M,,,"compiled by Sir Thomas Malory ; and edited from the text of the edition of 1634, with an introduction by Ernest Rhys ..",,
OL7248123M,Ernest Rhys,Introduction,"edited, with general introduction to the ""Camelot Classics,"" by Ernest Rhys.",,
OL12072550M,,,by Jean MacVean ; after Malory,,
OL20822962M,,,arranged by B.K. Cooke,,
OL18421772M,Eugène Vinaver,Editor,Edited by Eugène Vinaver,,
OL6600186M,,,"With an introduction and notes, by Robert Southey, esq. ...",,
OL18331314M,Robert Southey,Introduction,with an introduction and notes by Robert Southey,,
OL18331314M,Robert Southey,Notes by,with an introduction and notes by Robert Southey,,
OL16473333M,Ernest Rhys,Editor,by Sir Thomas Malory ; edited by Ernest Rhys,,
OL14567130M,,,"with an essay on Malory's prose style by Andrew Lang. Vol.1, Text.",,
OL24212293M,,,Sir Thomas Malory ; edited by Janet Cowen ; with an introduction by John Lawlor.,,
OL18219868M,,,Thomas Malory.,,
OL1433603M,,,Sir Thomas Malory ; introduction by Elizabeth Bryan.,,
OL17721569M,,,by Sir Thomas Malory.,,
OL19057568M,,,"with illustrations after water colour drawings by W. Russell Flint. Vol.2, book 10 - 21.",,
OL16573534M,,,"by Sir Thomas Malory, knt.",,
OL16667151M,,,"edited, abridged, and with an introduction by Norma Lorre Goodrich",,
OL16545415M,,,by Sir Thomas Malory ; with illustrations after water-colour drawings by W. Russell Flint.,,
OL5866983M,,,A new rendition by Keith Baines. Introd. by Robert Graves.,,
OL16618190M,,,"the text of Caxton ed., with introduction, by Sir Edward Strachey, bart.",,
OL13905432M,,,"first printed by William Caxton ; now modernised, as to spelling and punctuation, by A.W. Pollard ; illustrated with wood engravings by Robert Gibbings.",,
OL13519122M,,,"edited, with an introduction by Sir Edward Strachey.",,
OL24509019M,,,"Sir Thomas Malory ; edited, abridged, and with an introduction by Norma Lorre Goodrich",,
OL14141534M,,,with an introd. by Sir Edward Strachey.,,
OL19467242M,,,the text as written by Sir Thomas Malory...  ; With an introduction byProfessor Rhys ; and embellished with many original designs by Aubrey Beardsley.,,
OL20394294M,,,by Sir Thomas Malory :,,
OL15468374M,,,"the original edition of Caxton revised for modern use, with an introduction, by Sir Edward Strachey.",,
OL6603056M,Alfred W. Pollard,Adaptation,abridged from Malory's Morte d'Arthur by Alfred W. Pollard. Illustrated by Arthur Rackham,,
OL6603056M,Arthur Rackham,Illustrator,abridged from Malory's Morte d'Arthur by Alfred W. Pollard. Illustrated by Arthur Rackham,,
OL7074646M,Alfred W. Pollard,Adaptation,abridged from Malory's Morte d'Arthur by Alfred W. Pollard. Illustrated by Arthur Rackham.,,
OL7074646M,Arthur Rackham,Illustrator,abridged from Malory's Morte d'Arthur by Alfred W. Pollard. Illustrated by Arthur Rackham.,,
OL14994506M,Mary MacLeod,Retold by,Retold in modern English by Mary MacLeod. With 16 pages of illus.; introductory remarks and descriptive captions by Basil Davenport,,
OL14994506M,Basil Davenport,Introduction,Retold in modern English by Mary MacLeod. With 16 pages of illus.; introductory remarks and descriptive captions by Basil Davenport,,
OL20850528M,,,"edited and abridged, with an introduction, by Michael Senior",,
OL23269712M,Michael Senior,Editor,"Sir Thomas Malory ; edited and abridged, with an introduction, by Michael Senior",,
OL22311042M,,,"edited and abridged, with an introduction, by Michael Senior.",,
OL23767031M,,,[by] Sir Thomas Malory.,,
OL16583326M,,,by Sir Thomas Malory.,,
OL3966975M,,,by Sir Thomas Malory ; edited by John Matthews ; illustrated by Anna-Marie Ferguson.,,
OL2656024M,,,by Sir Thomas Malory ; illustrated by Aubrey Beardsley.,,
OL16473121M,,,Sir Thomas Malory.,,
OL18770704M,,,"a rendition in modern idiom by Keith Baines, with an introduction by Robert Graves, decorative illustrations by Enrico Arno.",,
OL17606618M,,,"Sir Thomas Malory ; edited, abridged, and with an introduction by Norma Lorre Goodrich.",,
OL6669734M,,,by Sir Thomas Malory.,,
OL16795767M,,,Sir Thomas Malory ; introd. by John Rhys,,
OL24499132M,,,"Sir Thomas Malory ; the classic rendition by Keith Baines ; introduction by Robert Graves, and a new afterword by Christopher Cannon",,
OL21976956M,,,"Compiled by Sir Thomas Malory. Edited from the text of the edition of 1634, with introduction and notes by Thomas Wright.",,
OL19496400M,,,with an introduction by Professor Rhys ; and embellished with many original designs by Aubrey Beardsley.,,
OL18027718M,,,"by Sir Thomas Malory, knt. London, P.L. Warner, publisher to the Medici society ltd. [1920]",,
OL14567120M,,,by Syr Thomas Malory :,,
OL13806242M,,,by Sir Thomas Malory. Vol.2.,,
OL23131191M,,,edited and abridged with an introduction by Michael Senior.,,
OL18054277M,,,"the text of Caxton ; edited with an introduction, by Edward Strachey.",,
OL14353781M,,,"by Sir Thomas Malory, knt.",,
OL3784007M,Michael Senior,Editor,"Sir Thomas Malory ; edited and abridged, with an introduction, by Michael Senior",,
OL18192798M,Michael Senior,Editor,Sir Thomas Malory ; edited and abridged with an introduction by Michael Senior.,,
OL17180782M,Sue Bradbury,Revised by,revised and with an introduction by Sue Bradbury ; foreword by Kevin Crossley-Holland.,,
OL17180782M,Kevin Crossley-Holland,Foreword,revised and with an introduction by Sue Bradbury ; foreword by Kevin Crossley-Holland.,,
OL17180789M,Sue Bradbury,Introduction,revised and with an introduction by Sue Bradbury ; foreword by Kevin Crossley-Holland,,
OL17180789M,Kevin Crossley-Holland,Foreword,revised and with an introduction by Sue Bradbury ; foreword by Kevin Crossley-Holland,,
OL17180515M,,,arranged by Brian Kennedy Cooke.,,
OL7589406M,Keith Baines,Translator,,enm,
OL13574055M,,,by Sir Thomas Malory.,,
OL6347513M,,,[by] Sir Thomas Malory.,,
OL23767032M,,,Sir Thomas Malory.,,
OL794679M,,,Sir Thomas Malory ; illustrated by Aubrey Beardsley.,,
OL370693M,,,Sir Thomas Malory ; introduction by Elizabeth Bryan.,,
OL4603677M,,,Sir Thomas Malory.,,
OL4552978M,,,Sir Thomas Malory ; edited by P. J. C. Field.,,
OL23249432M,,,A rendition in modern idiom by Keith Baines. With an introd. by Robert Graves. Decorative illus. by Enrico Arno.,,
OL13439747M,,,Sir Thomas Malory.,,
OL5853416M,,,A rendition in modern idiom by Keith Baines. With an introd. by Robert Graves. Decorative illus. by Enrico Arno.,,
OL4408273M,,,Edited by Janet Cowen. With an introd. by John Lawlor.,,
OL13448133M,,,"Sir Thomas Malory's book of King Arthur and his noble knights of the Round table; the text of Caxton, edited, with an introd. by Sir Edward Strachey.",,
OL13630785M,,,"the text of Caxton, edited, with an introd. by Sir Edward Strachey.",,
OL22350127M,,,"the text of Caxton, edited with an introduction, by Sir Edward Strachey, Bart.",,
OL6633760M,,,"by Sir Thomas Malory, knt.",,
OL16582633M,,,"edited, with an introduction by Sir Edward Strachey.",,
OL23767044M,,,"Sir Thomas Malory ; ed., with an introduction , by Sir Edward Strachey, bart ...",,
OL22841992M,,,"Sir Thomas Malory ; edited, with introduction and notes, by P.J.C. Field.",,
OL21202282M,,,compiled by Sir Thomas Malory ; edited from the text of the edition of 1634 with introduction and notes by Thomas Wright. Vol.3.,,
OL18102042M,,,"Compiled by Sir Thomas Malory, knt. Ed. from the text of the edition of 1634 ; with introduction and notes, by Thomas Wright.",,
OL24155502M,Alfred W. Pollard,Adaptation,abridged from Malory's Morte D'Arthur by Alfred W. Pollard ; illustrated by Arthur Rackham,,
OL24155502M,Arthur Rackham,Illustrator,abridged from Malory's Morte D'Arthur by Alfred W. Pollard ; illustrated by Arthur Rackham,,
OL7109822M,Alfred W. Pollard,Adaptation,abridged from Malory's Morte d'Arthur by Alfred W. Pollard ; illustrated by Arthur Rackham.,,
OL7109822M,Arthur Rackham,Illustrator,abridged from Malory's Morte d'Arthur by Alfred W. Pollard ; illustrated by Arthur Rackham.,,
OL20683218M,Alfred W. Pollard,Adaptation,abridged from Malory's Morte d'Arthur by Alfred W. Pollard ; illustrated by Arthur Rackham,,
OL20683218M,Arthur Rackham,Illustrator,abridged from Malory's Morte d'Arthur by Alfred W. Pollard ; illustrated by Arthur Rackham,,
OL18335247M,Alfred W. Pollard,Adaptation,abridged from Malory's Morte d'Arthur by Alfred W. Pollard ; illustrated by Arthur Rackham.,,
OL18335247M,Arthur Rackham,Illustrator,abridged from Malory's Morte d'Arthur by Alfred W. Pollard ; illustrated by Arthur Rackham.,,
OL17180781M,Sue Bradbury,Revised by,revised and with an introduction by Sue Bradbury ; foreword by Kevin-Crossley Holland.,,
OL17180781M,Kevin-Crossley Holland,Foreword,revised and with an introduction by Sue Bradbury ; foreword by Kevin-Crossley Holland.,,
OL8620294M,Arthur Rackham,Illustrator,,,
OL24354315M,Wim Tigges,Translator,Thomas Malory; vert. [uit het middelengels gebaseerd op de oorspr. Franse tekst door en met naw. van]: Wim Tigges ; [voorw. van William Caxton],enm,Le morte d'Arthur
OL24354315M,William Caxton,Foreword,Thomas Malory; vert. [uit het middelengels gebaseerd op de oorspr. Franse tekst door en met naw. van]: Wim Tigges ; [voorw. van William Caxton],enm,Le morte d'Arthur
OL23767030M,Catherine Donaldson,Illustrator,"Sir Thomas Malory ; with illus. designed and engraved on wood, by Catherine Donaldson.",,
OL18787287M,Keith Baines,Retold by,a rendition in modern idiom by Keith Baines ; with an introduction by Robert Graves ; decorative illustrations by Enrico Arno.,,
OL18787287M,Robert Graves,Introduction,a rendition in modern idiom by Keith Baines ; with an introduction by Robert Graves ; decorative illustrations by Enrico Arno.,,
OL18787287M,Enrico Arno,Illustrator,a rendition in modern idiom by Keith Baines ; with an introduction by Robert Graves ; decorative illustrations by Enrico Arno.,,
OL18487838M,A.T. Martin,Introduction,"ed. with introductions, notes, and glossary by A.T. Martin.",,
OL18487838M,A.T. Martin,Notes by,"ed. with introductions, notes, and glossary by A.T. Martin.",,
OL18487838M,A.T. Martin,Glossary,"ed. with introductions, notes, and glossary by A.T. Martin.",,
OL18667725M,A.T. Martin,Introduction,"edited, with introd., notes, and glossary, by A.T. Martin.",,
OL18667725M,A.T. Martin,Notes by,"edited, with introd., notes, and glossary, by A.T. Martin.",,
OL18667725M,A.T. Martin,Glossary,"edited, with introd., notes, and glossary, by A.T. Martin.",,
OL18361187M,,,with introduction and notes by Thomas Wright.,,
OL13936235M,,,edited and abridged with an introduction by Michael Senior.,,
OL15241097M,,,"the text as written by Sir Thomas Malory, and imprinted by William Caxton at Westminster the year 1485, and now spelled in modern style, embellished with many original designs by Aubrey Beardsley ; with an introduction by John Rhys ; and a note on Aubrey Beardsley by Aymer Vallance",,
OL22350126M,,,"Compiled by Sir Thomas Malory, knt. Ed. from the text of the edition of 1634, with introduction and notes, by Thomas Wright.",,
OL18677297M,,,whyche boke was reduced in to Englysshe by the well dysposyd knyghte Syr Thomas Malory. The second volume [Books X-XXI].,,
OL13890057M,,,compiled by Sir Thomas Malory ; edited from the text of  the edition of 1634 with introduction and notes by Thomas Wright. Vol.3.,,
OL7104149M,,,"by Sir Thomas Malory, knt. [With illus. after water-colour drawing by R. Russell Flint]",,
OL14385452M,,,"the text of Caxton, edited, with an introduction, by Sir Edward Strachey, bart.",,
OL19367405M,,,"ed. from the text of the ed. of 1634, with introd. and notes by Thomas Wright.",,
OL4289512M,,,[by] Sir Thomas Malory ; edited by P. J. C. Field.,,
OL15508353M,,,the text as written by Sir Thomas Malory ... ; with many original designs by Aubrey Beardsley ; with an introduction by Professor John Rhys and a note on Aubrey Beardsley by Aymer Vallance.,,
OL2720206M,,,Sir Thomas Malory ; edited by R.M. Lumiansky.,,
OL4768779M,,,"The text of Caxton, edited, with an introd. by Sir Edward Strachey. London, Macmillan, 1899.",,
OL13600246M,,,"by Syr Thomas Malory ; the original edition of William Caxton now reprinted and edited with an introduction and glossary, by H. Oskar Sommer ; with an essay on Malory's prose style by Andrew Lang.",,
OL20944630M,,,Vikram Seth.,,
OL6451896M,,,"a romantic narrative by Sir Thomas Malory, as edited from Le morte Darthur, by John W. Donaldson, illustrated by Andrew Wyeth.",,
OL22368250M,Keith Baines,Retold by,a brilliant prose rendition by Keith Baines ; introduction by Robert Graves.,,
OL22368250M,Robert Graves,Introduction,a brilliant prose rendition by Keith Baines ; introduction by Robert Graves.,,
OL24779495M,,,a brilliant prose rendition by Keith Baines ; introd. by Robert Graves,,
OL21073209M,,,with illustrations designed and engraved on wood by Catherine Donaldson.,,
OL16473332M,,,by Lillion O. Stevens and Edward Frank Allen ...,,
OL21484643M,Keith Baines,Retold by,a rendition in modern idiom by Keith Baines ; with an introduction by Robert Graves ; decorative illustrations by Enrico Arno.,,
OL21484643M,Robert Graves,Introduction,a rendition in modern idiom by Keith Baines ; with an introduction by Robert Graves ; decorative illustrations by Enrico Arno.,,
OL21484643M,Enrico Arno,Illustrator,a rendition in modern idiom by Keith Baines ; with an introduction by Robert Graves ; decorative illustrations by Enrico Arno.,,
OL2040192M,Enrico Arno,Illustrator,a rendition in modern idiom by Keith Baines ; with an introduction by Robert Graves ; decorative illustrations by Enrico Arno.,,
OL2040192M,Robert Graves,Introduction,a rendition in modern idiom by Keith Baines ; with an introduction by Robert Graves ; decorative illustrations by Enrico Arno.,,
OL2040192M,Keith Baines,Retold by,a rendition in modern idiom by Keith Baines ; with an introduction by Robert Graves ; decorative illustrations by Enrico Arno.,,
OL16191998M,,,revised and with an introduction by Sue Bradbury ; foreword by Kevin Crossley-Holland ; lino-cuts by Edward Bawden.,,
OL21202279M,,,compiled by Sir Thomas Malory ; edited from the text of the edition of 1634 with introduction and notes by Thomas Wright. Vol.2.,,
OL3490741M,,,Sir Thomas Malory ; edited by R.M. Lumiansky.,,
OL21839204M,,,the text as written by Sir Thomas Malory and imprinted by William Caxton at Westminster the year MCCCCLXXXV and now spelled in modern style.  With an introd. by Professor Rhys and embellished with many original designs by Aubrey Beardsley.,,
OL4719542M,,,"by Sir Thomas Malory : an abridgement with an introd. [by] Charles Richard Sanders, Charles E. Ward.",,
OL14385446M,,,"the text as written by Sir Thomas Malory, and imprinted by William Caxton at Westminster the year MCCCCLXXXV, and now spelled in modern style ; with an introduction by Professor Rhys and embellished with many original designs by Aubrey Beardsley. --",,
OL20144783M,,,"the text of Caxton, edited, with an introduction, by Sir Edward Strachey.",,
OL7066599M,,,"By Sir Thomas Malory, Knt.",,
OL4231815M,,,edited and abridged with an introd. by Michael Senior.,,
OL18309059M,,,embellished with many original designs by Aubrey Beardsley.,,
OL22672644M,,,Thomas Malory ; edited and abridged with an introduction and notes by Helen Cooper.,,
OL3137299M,,,by Syr Thomas Malory. The original edition of William Caxton now reprinted and edited with an introd. and glossary / by H. Oskar Sommer ; with an essay on Malory's prose style by Andrew Lang.,,
OL21788058M,,,"written by Sir Thomas Malory ; first printed by William Caxton ; now modernized, as to spelling and punctuation, by A. W. Pollard ; illustrated by wood engravings by Robert Gibbings.",,
OL20539451M,,,"the original edition of Caxton revised for modern use, with an introduction, by Sir Edward Strachey.",,
OL19054720M,,,edited with an introduction by Sir Edward Strachey.,,
OL6301215M,,,Whyche boke was reduced in to Englysshe by the well dysposyd knyghte Syr Thomas Malory ...,,
OL6374825M,,,"The original edition of Caxton revised for modern use, with an introduction, by Sir Edward Strachey, bart.",,
OL24749936M,,,Vikram Seth,,
OL14949794M,,,Vikram Seth.,,
OL17301975M,,,by Sir Tho. Malory....,,
OL13765376M,,,"the text of Caxton ; edited, with an introduction by Sir Edward Strachey.",,
OL6402423M,,,by Sir Thomas Malory. An abridgement with an introduction [by] Charles Richard Sanders [and] Charles E. Ward ...,,
OL4770807M,,,"by Syr Thomas Malory. The original ed. of William Caxton now reprinted and edited with an introd. and glossary by H. Oskar Sommer. With an essay on Malory's prose style by Andrew Lang. London, D. Nutt, 1889-91.",,
OL21457265M,,,"edited, with an introduction, notes and glossary, by D. S. Brewer.",,
OL672893M,,,Sir Thomas Malory ; edited and abridged with an introduction and notes by Helen Cooper.,,
OL14984700M,,,"by Sir Thomas Malory, knt",,
OL13714002M,,,edited with an introduction by Sir Edward Strachey.,,
OL23364329M,,,"the text of Caxton, edited, with an introduction, by Sir Edward Strachey, bart.",,
OL8978806M,Antony Gray,Typesetter,,,
OL8978806M,Helen Moore,Introduction,,,
OL8978806M,William Caxton,Preface,,,
OL8978806M,Tom Griffith,General Editor,,,
OL8978806M,Tony Collins,Cover Design,,,
OL21202275M,,,compiled by Sir Thomas Malory ; edited from the text of the edition of 1634 with introduction and notes by Thomas Wright. Vol.1.,,
OL24041581M,,,"written by Sir Thomas Malory ; first printed by William Caxton, now modernised, as to spelling and punctuation, by A.W. Pollard ; illustrated with wood engravings by Robert Gibbings.",,
OL14999459M,,,"the original edition of Caxton revised for modern use, with an introduction by Edward Strachey.",,
OL21555470M,,,whyche boke was reduced in to Englysshe by the well dysposyd knyghte Syr Thomas Malory. The first volume [Books I-IX].,,
OL22795248M,,,An abridgment with an introduction [by] Charles Richard Sanders [and] Charles E. Ward ..,,
OL20262523M,,,embellished with many original designs by Aubrey Beardsley ; with an introduction by John Rhys and a note on Aubrey Beardsley by Aymer Vallance.,,
OL15102318M,,,Vikram Seth.,,
OL22111565M,,,Vikram Seth.,,
OL16946768M,,,Vikram Seth.,,
OL15563138M,,,Vikram Seth,,
OL18351078M,,,Vikram Seth.,,
OL18819382M,,,Vikram Seth.,,
OL22540575M,,,Vikram Seth.,,
OL3486504M,,,Emilie Loring.,,
OL22619079M,,,Betty Neels.,,
OL47458388M,Fernando Calleja Gutiérrez,Translator,,,
OL47458387M,Fernando Calleja Gutiérrez,Translator,,,
OL21018004M,,,Vikram Seth.,,
OL24404814M,,,Emilie Loring,,
OL3391224M,,,Gayle Callen.,,
OL22493427M,,,by Betty Neels.,,
OL50399284M,,,me-ʾAnglit Ḥ. Gliḳshṭein,,
OL43977935M,,,Yang Puxi yi,,
OL1745336M,,,Vikram Seth.,,
OL20121615M,,,Emilie Loring.,,
OL24976663M,,,Anne Hampson,,
OL50480894M,,,by Daphne du Maurier,,
OL24212867M,,,Emilie Loring.,,
OL15140467M,,,(by) Emilie Loring.,,
OL22656082M,,,Susan Stephens.,,
OL14980741M,,,by Charlotte Lamb.,,
OL2704113M,,,by Charlotte Lamb.,,
OL1641193M,,,by Diana Hamilton.,,
OL26476953M,,,by Kim Lawrence,,
OL22340940M,,,Kay Thorpe.,,
OL24221681M,,,Emilie Loring.,,
OL6401121M,,,[by] Emilie Loring.,,
OL3158402M,,,Emilie Loring.,,
OL22286195M,,,Lilian Peake.,,
OL3176585M,,,Lilian Peake.,,
OL28988628M,,,Lynne Graham,,
OL17446455M,,,by Kay Thorpe.,,
OL24941383M,,,Kay Thorpe,,
OL4899059M,,,Emilie Loring.,,
OL17271837M,,,by Penny Jordan.,,
OL14976691M,,,by Lilian Peake.,,
OL26379450M,,,Lynne Graham,,
OL16414025M,,,Daphne du Maurier ; traduccion de Fernando Calleja.,,
OL20269729M,,,traducción: Fernando Calleja.,,
OL49824857M,,,,eng,Rebecca
OL22933266M,,,Daphne du Maurier.,,
OL22221602M,,,Daphne du Maurier.,,
OL23334522M,,,Daphne du Maurier.,,
OL22596620M,,,by Daphne du Maurier ; with an introduction by Sally Beauman.,,
OL6374339M,,,by Daphne Du Maurier.,,
OL22830418M,,,by Daphne du Maurier ; simplified by A. S. M. Ronaldson.,,
OL22836609M,,,Daphne du Maurier.,,
OL22824503M,,,Daphne Du Maurier.,,
OL30486230M,,,"Dafuni Dumuli'ai zhu ; Li Zhiling, Cheng De yi ; Lu Gusun jiao",,
OL47678451M,Renato Fratini,Cover Art,,,
OL22821879M,,,Daphne du Maurier.,,
OL22396960M,,,Daphne Du Maurier.,,
OL20439938M,,,traduit de l'anglais par Denise Van Moppès.,,
OL27130275M,,,"Daphne Du Maurier ; người dịch, Bản Quyên",,
OL1124723M,,,Daphne du Maurier ; illustrations by Nanette Biers ; afterword by Daphne du Maurier.,,
OL20932289M,,,Daphne Du Maurier.,,
OL17730323M,,,Daphne Du Maurier.,,
OL24218064M,,,Daphne Du Maurier.,,
OL22366084M,,,Daphne du Maurier.,,
OL17728546M,,,Daphne Du Maurier.,,
OL22788436M,,,by Daphne Du Maurier ; simplified by A.S.M. Ronaldson.,,
OL22823955M,,,Daphne du Maurier.,,
OL24630787M,,,Daphne du Maurier,,
OL22957228M,,,Dafny Di︠u︡moré ; perevod G. Ostrovskoĭ.,,
OL19937699M,,,traduit de l'anglais par Denise van Moppès.,,
OL23087362M,,,Dafna Di︠u︡ Morʹe ; [per. s angl. G. Ostrovskoĭ ... [et al.].,,
OL22931953M,,,Daphne du Maurier ; [traducción de Fernando Calleja].,,
OL25226978M,Denise van Moppes,Translator,,,
OL28562969M,,,,eng,House of Earth and Blood
OL32388174M,Elizabeth Evans,Narrator/Reader,,,
OL32388173M,Elizabeth Evans,Narrator/Reader,,,
OL17728449M,,,Daphne Du Maurier.,,
OL22490846M,,,directed by Alfred Hitchcock.,,
OL16413994M,,,Daphne du Maurier ; traduzione di alessandra Scalero.,,
OL18699027M,,,traduzione di Alessandra Scalero.,,
OL15314596M,,,przełozyła Eleonora Romanowicz Podoska.,,
OL21521650M,,,[traducción de Fernando Calleja].,,
OL52236850M,Carolina Alvarado Graef,Translator,,eng,House of Earth and Blood
OL45128496M,Elizabeth Evans,Narrator/Reader,,,
OL35361326M,Arif Dursun,Translator,,eng,House of Earth and Blood
OL30342532M,Carolina Alvarado Graef,Translator,,eng,House of Earth and Blood
OL31979042M,Elizabeth Evans,Narrator/Reader,,,
OL17767680M,,,Daphne Du Maurier.,,
OL22633302M,,,illustrated by Emma Chichester Clark.,,
OL24875863M,Emma Chichester Clark,Illustrator,,,
OL24765500M,,,Daphne Du Maurier,,
OL15315623M,,,przełozyła Eleonara Romanowicz-Podoska.,,
OL18879486M,,,traduccion de Fernando Calleja.,,
OL25285723M,Alessandra Scalero,Translator,,,
OL26617520M,,,Diana Palmer,,
OL25566074M,,,Diana Palmer,,
OL24976626M,,,Robyn Donald,,
OL35618229M,Carolina Alvarado Graef,Translator,,eng,House of Earth and Blood
OL27925074M,Krisztina Szabó,Translator,,eng,House of Earth and Blood
OL24201816M,,,Penny Jordan.,,
OL19699246M,,,Michelle Reid.,,
OL1776472M,,,by Michelle Reid.,,
OL26328025M,,,Michelle Reid,,
OL6662188M,,,by Emilie Loring ... ; illustrated by Paul Gill.,,
OL19903018M,,,Margaret Atwood.,,
OL3754416M,,,Margaret Atwood.,,
OL19243938M,,,"Magelite Atewude zhu ; Wei Qing Qi, Yuan Xie yi.",,
OL21311503M,,,Margaret Atwood ; iš anglų kalbos verté Valdas V. Petrauskas.,,
OL23840983M,,,Margaret Atwood.,,
OL23939299M,,,Margaret Atwood.,,
OL21304937M,,,Margaret Atwood ; tłumaczyła Małgorzata Hesko-Kołodzińska.,,
OL14982028M,,,Carole Mortimer.,,
OL29634204M,,,,eng,After Their Vows
OL26609207M,,,Michelle Reid,,
OL17412128M,,,Emma Darcy.,,
OL61638992M,Cristina Macía Orio,Translator,,eng,Powerless
OL21728177M,,,Margaret Atwood ; oversatt av Inger Gjelsvik.,,
OL19166704M,,,Margaret Atwood ; translated by Soheil Sommie.,,
OL1765954M,,,by Carole Mortimer.,,
OL1121041M,,,Emma Darcy.,,
OL9875731M,,,Emma Darcy,,
OL17436339M,,,by Emma Darcy.,,
OL59414384M,"Demay, Marie",Translator,,,
OL6792177M,,,Emilie Loring.,,
OL3570150M,,,Margaret Atwood.,,
OL19351930M,,,Margaret Atwood,,
OL19354331M,,,Margaret Atwood ; s engleskog preveo Marko Maras.,,
OL21311025M,,,Margaret Atwoodová ; přeložila Jana Housarová.,,
OL21406251M,,,Margaret Atwood ; på dansk ved Lisbeth Møller-Madsen.,,
OL19692673M,,,Margaret Atwood ; traduzido do Ingles por Ana Maria Chaves e Ana Mafalda Costa.,,
OL19200374M,,,Margaret Atwood ; Deutsch von Barbara Lüdemann.,,
OL19243821M,,,Margaret Etvud.,,
OL19351940M,,,Margaret Atwood ; traduit de l'anglais (Canada) par Mich°ele Albaret-Maatsch.,,
OL21420931M,,,Margaret Atwood ; suomentanut Kristina Drews,,
OL19241512M,,,Markaret Atyouvt ; metáphrasē Maria Aggelidog.,,
OL19135384M,,,Margaret Atwood.,,
OL22136648M,,,Margaret Atwood.,,
OL33336816M,Campbell Scott,Narrator,,,
OL1291090M,,,by Anne Mather.,,
OL14978720M,,,by Yvonne Whittal.,,
OL3562115M,,,Lisa Kleypas.,,
OL14977395M,,,Elizabeth Ashton.,,
OL27144687M,,,[Betty Neels],,
OL14978509M,,,by Betty Neels.,,
OL47917884M,,,by Mark Twain,,
OL23014329M,,,"Magelite Aitewu (Margaret Atwood) zhu ; Wei Qingqi, Yuan Xia yi.",,
OL20239155M,,,Margaret Atwood.,,
OL14440359M,,,Margaret Atwood.,,
OL22527703M,,,Margaret Atwood.,,
OL35676181M,Léa Viveiros de Castro,Translator,,eng,Oryx and Crake
OL16360831M,,,Margaret Atwood ; traduzione di Raffaella Belletti.,,
OL21310529M,,,Jordan Penny..,,
OL24736855M,,,Anne Mather,,
OL21406249M,,,Margaret Atwood ; översättning av Birgitta Gahrton.,,
OL3683510M,,,Margaret Atwood.,,
OL16439520M,,,Yvonne Whittal.,,
OL3281648M,,,Lisa Kleypas.,,
OL24959469M,,,by Elizabeth Ashton,,
OL42099858M,Dainy d. Angeles,Editor,,,
OL43743185M,,,by Mark Twain,,
OL43764069M,,,by Mark Twain (Samuel L. Clemens),,
OL43822169M,,,by Mark Twain,,
OL38505295M,Manuel Martinez,Translator,,,
OL39142700M,,,,eng,
OL32965539M,Jenny Sánchez,Editor,,,
OL32965539M,Jenny Sanchez,Editor,,,
OL32208707M,Dan Beard,Illustrator,,,
OL31959454M,Jack Hearne,Illustrator,,,
OL26331555M,,,Mark Twain,,
OL26146479M,T. Scott,Illustrator,,,
OL32768723M,Lore Krüger,Translator,,eng,A Connecticut Yankee in King Arthur's Court
OL4099396M,,,Samuel Langhorne Clemens ; edited by Allison R. Ensor.,,
OL21136878M,,,by Mark Twain (Samuel Clemens),,
OL18352492M,,,Mark Twain ; introd. by Justin Kaplan ; ill. by Dan Beard.,,
OL2871690M,,,Mark Twain ; illustrations by Joseph Ciardiello ; afterword by T.E.D. Klein.,,
OL20453226M,,,by Mark Twain.,,
OL23161229M,,,Mark Twain ; edited with an introduction and notes by M. Thomas Inge.,,
OL5879299M,,,by Samuel Langhorne Clemens ; a Facsimile of the First Edition ; with an introduction and bibliography prepared by Hamlin Hill.,,
OL20386970M,,,by Mark Twain (i.e. S. L. Clemens).,,
OL5798315M,,,"With photos. of Mark Twain and his environment as well as drawings from early editions of the book, together with an introd. by E. Hudson Long.",,
OL6745158M,,,"by Mark Twain, edited by William N. Otto ...",,
OL2412171M,,,written by Mark Twain ; illustrated by Trina Schart Hyman.,,
OL15063670M,,,by Mark Twain.,,
OL24368096M,,,by Mark Twain,,
OL26985032M,,,Mark Twain,,
OL6338772M,,,by Mark Twain (Samuel L. Clemens) ; with 220 illustrations by Dan. Beard.,,
OL3307149M,,,Mark Twain ; with a new introduction by Leland Krauth ; and an afterword by Edmund Reiss.,,
OL6027374M,,,adapted by Ruth T. King in collaboration with Elsa Wolf and Hilton D. King.,,
OL22917749M,,,Mark Twain.,,
OL5790889M,,,by Mark Twain (pseud.] With an introd. by William M. Gibson.,,
OL13912541M,,,by Mark Twain (Samuel L. Clemens) ; with 220 illustrations by Dan. Beard.,,
OL979303M,,,"Mark Twain ; foreword, Shelley Fisher Fishkin ; introduction, Kurt Vonnegut, Jr. ; afterword, Louis J. Budd.",,
OL23147773M,,,by Mark Twain.,,
OL923947M,,,Mark Twain.,,
OL24197416M,,,Mark Twain (pseud.).,,
OL22864669M,,,by Mark Twain.,,
OL1598414M,,,by Mark Twain.,,
OL5938077M,,,[by] Mark Twain.,,
OL3186800M,,,Mark Twain ; edited by Bernard L. Stein.,,
OL7227780M,,,by Mark Twain [pseud.],,
OL6930424M,,,by Mark Twain,,
OL22917748M,,,"Mark Twain ; ilustraciones de Raul Capitani ; [traducción, Vicente García Guijarro.",,
OL6049152M,,,by Mark Twain.,,
OL993498M,,,Mark Twain ; edited with an introduction and notes by M. Thomas Inge.,,
OL5328314M,,,"[by] Mark Twain. With an introd. by Justin Kaplan, and 46 illus. by Dan Beard.",,
OL13912378M,,,by Mark Twain.,,
OL7027590M,,,by Mark Twain (Samuel L. Clemens),,
OL22361077M,,,by M. Twain.,,
OL4571615M,,,edited by Bernard L. Stein ; with an introd. by Henry Nash Smith.,,
OL5797939M,,,[by] Mark Twain [pseud.]  Introd. by Charles Neider.,,
OL16711512M,,,by Mark Twain ; with 220 illustrations by Dan. Beard.,,
OL7225299M,,,by Mark Twain.,,
OL24152424M,,,by Mark Twain .,,
OL18810303M,,,by Mark Twain (Samuel L. Clemens) ; with two hundred and twenty illustrations by Dan Beard.,,
OL24583247M,,,by Samuel L. Clemens ; with an introduction by Carl Van Doren ; and illustrations by Honoré Guilbeau,,
OL23039793M,,,Xuenong Duolei zhu ; Liu Shalan yi = Come the morning / Shannon Drake.,,
OL24391975M,,,Shannon Drake,,
OL392098M,,,Shannon Drake.,,
OL25018277M,,,by Linda Howard,,
OL18879270M,,,Patricia Wilson.,,
OL61211341M,,,,eng,A Walk To Remember
OL31523M,,,Nicholas Sparks.,,
OL18577720M,,,Nicholas Sparks.,,
OL19761008M,,,Nicholas Sparks.,,
OL14978716M,,,by Penny Jordan.,,
OL24944361M,,,Penny Jordan,,
OL14978810M,,,Charlotte Lamb.,,
OL14977980M,,,by Betty Neels.,,
OL17404367M,,,by Charlotte Lamb.,,
OL39272M,,,Nicholas Sparks.,,
OL3473601M,,,[Betty Neels].,,
OL27174351M,,,Heather Graham,,
OL24935437M,,,Charlotte Lamb,,
OL16541739M,,,Patricia Wilson.,,
OL23243570M,,,Nicholas Sparks.,,
OL32698772M,,,by Betty Neels,,
OL3419612M,,,by Betty Neels.,,
OL22284255M,,,Betty Neels.,,
OL23766933M,,,by Mark Twain.,,
OL23254437M,,,edited by Bernard L. Stein ; with an introd. by Henry Nash Smith.,,
OL27026697M,,,Mark Twain ; [edited by Philip M. Parker],,
OL24959777M,,,Samuel Langhorne Clemens. Ed. by Allison R. Ensor,,
OL3682368M,,,Mark Twain.,,
OL5526642M,,,by Mark Twain. Illustrated by Daniel Carter Beard.,,
OL6044356M,,,With an introd. by Carl Van Doren and illus. by Honoré Guilbeau.,,
OL25549169M,,,Mark Twain ; [edited by Philip M. Parker],,
OL6436653M,,,by Mark Twain ; with foreword by John Winterich and illustrations by Warren Chappell.,,
OL3949688M,,,"Mark Twain ; introduction by Roy Blount, Jr. ; illustrations by Daniel Carter Beard.",,
OL6795491M,,,Mark Twain.,,
OL25543043M,,,Mark Twain ; [edited by Philip M. Parker],,
OL35205352M,Jack Sparling,Illustrator,,,
OL24648049M,,,by Mark Twain,,
OL25844254M,,,Mark Twain ; with an afterword by Edmund Reiss,,
OL24864044M,,,by Emma Lange,,
OL1434426M,,,Julie Garwood.,,
OL1612903M,,,by Sally Wentworth.,,
OL25660648M,,,by Mark Twain,,
OL19210636M,,,by Mark Twain.,,
OL25536395M,,,Mark Twain,,
OL13971731M,,,"ed. by A.B. Paine. Vol.14, A Connecticut Yankee in King Arthur's court.",,
OL24787703M,,,by Patricia Wilson,,
OL24836095M,,,by Emma Lange,,
OL25566188M,,,Mark Twain ; [edited by Philip M. Parker],,
OL1975932M,,,by Patricia Wilson.,,
OL2868062M,,,Kathleen E. Woodiwiss.,,
OL3025436M,,,Kathleen E. Woodiwiss.,,
OL17457684M,,,Kathleen E. Woodiwiss.,,
OL24203776M,,,Kathleen E. Woodiwiss.,,
OL18900029M,,,Kathleen E. Woodiwiss.,,
OL16811938M,,,Kathleen E. Woodiwiss.,,
OL60084948M,,,,,love story
OL3310412M,,,Erich Segal.,,
OL22330325M,,,traduit de l'américain par Renée Rosenthal.,,
OL16564364M,,,traduit de l'américain par Renée Rosenthal.,,
OL22638164M,,,traduzione di Maria Gallone.,,
OL24238064M,,,Carole Mortimer.,,
OL13223568M,Laura Rins Calahorra,Translator,,eng,Purple hibiscus
OL6803463M,,,Kathleen E. Woodiwiss.,,
OL15024387M,,,Kathleen E. Woodiwiss.,,
OL17681689M,,,Erich Segal ; introduction par Guy Forgue ; traduit de l'américain par Renée Rosenthal.,,
OL18069666M,,,Erich Segal ; introduction par Guy Forgue ; traduit de l'américain par Renée Rosenthal.,,
OL23027508M,,,Erich Segal ; Phan Lue Thanh dịch.,,
OL22326594M,,,by Erich Segal.,,
OL19999751M,,,by Anne Mather.,,
OL23189311M,,,Michelle Reid..,,
OL14976838M,,,by Betty Neels.,,
OL21221046M,,,by Robyn Donald.,,
OL38244703M,,,Chimamanda Ngozi Adichie ; översättning: Ragnar Strömberg,,
OL22315132M,,,by Erich Segal.,,
OL17768148M,,,Erich Segal.,,
OL23107593M,,,Erick [sic] Segal ; Hoàng Cưxong dịch.,,
OL14976597M,,,by Anne Mather.,,
OL14980989M,,,Anne Mather.,,
OL24934293M,,,Anne Mather,,
OL14980474M,,,by Carole Mortimer.,,
OL28028870M,,,Betty Neels,,
OL26285491M,,,Betty Neels,,
OL24210332M,,,by Robyn Donald,,
OL35360825M,,,,eng,Purple Hibiscus
OL36627287M,,,Chimamanda Ngozi Adichie,,
OL3306769M,,,by Chimamanda Ngozi Adichie.,,
OL25242341M,,,Sara Craven,,
OL23557077M,,,Emma Darcy.,,
OL52982047M,,,,eng,November 9
OL14979942M,,,by Anne Hampson.,,
OL56937286M,לי ברדוגו,Author name as appears on this edition,,eng,Shadow and Bone
OL56937286M,נעה שביט,Translator,,eng,Shadow and Bone
OL47304967M,Лі Бардуґо,Author name as appears on this edition,,eng,Shadow and Bone
OL47304967M,Єлена Даскал,Translator,,eng,Shadow and Bone
OL33171300M,Alexandre Gombau Armau,Translator,,,
OL27790827M,,,by Chimamanda Ngozi Adichie,,
OL31953694M,,,Chimamanda Ngozi Adichie ; vert. [uit het Engels] door Hankie Bauer,,
OL18337664M,,,Betty Neels.,,
OL3283634M,,,[Betty Neels].,,
OL27198876M,,,Colleen Hoover,,
OL41344819M,Henning Ahrens,Translator,,eng,Shadow and Bone
OL25086706M,,,Leigh Bardugo,,
OL3363940M,,,by Chimamanda Ngozi Adichie.,,
OL3687277M,,,Chimamanda Ngozi Adichie.,,
OL22373905M,,,by Chimamanda Ngozi Adichie.,,
OL17114808M,,,Betty Neels.,,
OL60629690M,,,,eng,November 9
OL43161459M,Roberta Verde,Translator,,eng,Shadow and Bone
OL41393177M,Laurenţiu Dulman,Translator,,eng,Shadow and Bone
OL28190321M,,,,eng,Shadow and Bone
OL28174196M,,,,eng,Shadow and Bone
OL35664674M,Eric Novello,Translator,,,
OL22931743M,,,Sidney Sheldon ; på dansk ved Elise Norsbo.,,
OL23079641M,,,Xini Xue'erdun ; [yi zhe He Minqi].,,
OL22940779M,,,Shidonī Sherudan ; Tenma Ryk̄ō yaku.,,
OL31161643M,,,Nora Roberts,,
OL28682092M,,,Nora Roberts,,
OL58329345M,Elbrich Fennema,Translator,,jpn,Noruuei no mori
OL58329345M,Uitgeverij Atlas,Copyright,,jpn,Noruuei no mori
OL58329345M,De Witlofcompagnie bvba,Cover Design,,jpn,Noruuei no mori
OL58329345M,Haruki Murakami,Author name as appears on this edition,,jpn,Noruuei no mori
OL32113231M,,,Haruki Murakami ; roman traduit du japonais par Rose-Marie Makino-Fayolle,,
OL26916228M,,,Cunshang Chunshu zhu ; Lin Shaohua yi,,
OL8835298M,,,,jpn,
OL26400861M,,,Murakami Haruki,,
OL26150873M,,,,jpn,Noruwei no mori
OL22960135M,,,Cunshang Chunshu [zhu] ; Ye Hui yi,jpn,
OL24196635M,Or Mars,Conductor,,,
OL24240971M,Jay Rubin,Translator,,,
OL25837363M,Kati Lindström,Translator,,,
OL25837363M,Taimi Paves,Editor,,,
OL25837363M,Britt Urbla Keller,Designer,,,
OL5207821M,,,by Sidney Sheldon.,,
OL22934336M,,,"Sidni Sheldon ; [L.A. Lunʹkova, perevod].",,
OL23056386M,,,Sidni Sheldon ; [perevod s angliĭskogo T.A. Pert︠s︡evoĭ).,,
OL26922006M,,,Nora Roberts ; [perevod s angliĭskogo I. Faĭnshteĭn],,
OL32116753M,,,Nora Roberts ; traduit de l'anglais (États-Unis) par Sophie Pertus,,
OL23277616M,,,Nora Roberts.,,
OL3309027M,,,Nora Roberts.,,
OL27277480M,,,Cunshang Chunshu zhu ; Lin Shaohua yi,,
OL23090128M,,,Kharuki Murakami ; [perevod s íàponskogo A. Zamilova].,jpn,Noruwei no mori
OL12584288M,,,,jpn,
OL23022274M,,,Cunshang Chunshu zhu ; Lai Mingzhu yi,jpn,
OL22931744M,,,Sidney Sheldon ; tradução de Ana Lúcia Deiró Cardoso.,,
OL32756012M,,,Nora Roberts,,
OL20944218M,,,Nora Roberts.,,
OL3472476M,,,Nora Roberts.,,
OL26124589M,,,,jpn,Noruwei no mori
OL16701882M,,,Murakami Haruki,,
OL14661734M,,,Haruki Murakami ; translated by Alfred Birnbaum,,
OL24608213M,Jay Rubin,Translator,,,
OL26429373M,Giorgio Amitrano,Translator,,,
OL27201734M,,,Kharuki Murakami ; [perevod s i︠a︡ponskogo Andrei︠a︡ Zamilova],,
OL14977479M,,,by Anne Mather.,,
OL26336263M,,,[Betty Neels],,
OL16758419M,,,by Jane Donnelly.,,
OL23044544M,,,Sandra Brown.,,
OL2051501M,,,Sandra Brown.,,
OL23030085M,,,Sandra Braun ; [perevod s angliĭskogo E.A. Gorshechnikovoĭ],,
OL23066808M,,,Sandra Braun ; [perevod s angliĭskogo E. Gorshechnikovoĭ].,,
OL3417174M,,,Sandra Brown.,,
OL24943429M,,,Penny Jordan,,
OL27189848M,,,Heather Graham,,
OL32115931M,,,Lucy Gordon ; [traduction française de Monique de Fontenay],,
OL24201338M,,,Lucy Gordon.,,
OL14977279M,,,byJane Donnelly.,,
OL26341673M,,,Sandra Brown,,
OL17956617M,,,by Betty Neels.,,
OL23168143M,,,Betty Neels.,,
OL26611916M,,,Heather Graham,,
OL23012709M,,,yuan zhu zhe Shandai Bulang ; yi zhe Cheng Jing.,,
OL22236415M,,,Sandra Brown.,,
OL20653031M,,,Betty Neels.,,
OL24765635M,,,Sara Wood,,
OL24701697M,,,Sara Wood,,
OL31893437M,,,Shannon Drake,,
OL23246497M,,,Shannon Drake.,,
OL3282785M,,,Shannon Drake.,,
OL23070284M,,,Huise Ailihan (Xuenong Duolei) zhu ; Liu Shalan yi = Knight triumphant / Heather Graham (Shannon Drake).,,
OL815890M,,,Emma Darcy.,,
OL18915824M,,,Robyn Donald.,,
OL1293959M,,,by Robyn Donald.,,
OL22179677M,,,Patricia Wilson.,,
OL28946596M,Brigitte Jakobeit,Translator,,eng,The Time Traveler's Wife
OL19723298M,,,by Audrey Niffenegger.,,
OL19903009M,,,by Audrey Niffenegger.,,
OL3674962M,,,by Audrey Niffenegger.,,
OL61092020M,,,,eng,Call Me By Your Name
OL26965363M,,,André Aciman ; traducción del inglés de Guillermo Díaz Ceballos,,
OL26915935M,,,Andelie Aiximeng ; Wu Yanrong yi = Call me by your name / André Aciman,,
OL24966820M,,,André Aciman,,
OL24979942M,,,Amanda Carpenter,,
OL17349950M,,,Caroline Courtney.,,
OL38344528M,,,,eng,Liam's Secret Son
OL23115192M,,,Aodaili Nifenge zhu ; Chen Yaru yi = The time traveler's wife / by Audrey Niffenegger.,,
OL3302695M,,,by Audrey Niffenegger.,,
OL23271188M,,,by Audrey Niffenegger.,,
OL7423411M,,,edited by KJ,,
OL4114273M,,,Caroline Courtney.,,
OL17412124M,,,Patricia Wilson.,,
OL27068523M,,,Audrey Niffenegger ; traduzione di Katia Bagnoli,,
OL27114321M,,,Audrey Niffenegger,,
OL26341915M,Silvia Alemany,Translator,Audrey Niffenegger ; traduccio n de Silvia Alemany,,
OL24479830M,,,Audrey Niffenegger,,
OL21355813M,,,by Audrey Niffenegger.,,
OL3289746M,,,Audrey Niffenegger.,,
OL23114671M,,,"Ao'deli Nifenge zhu ; Xia Jin, An Lin yi.",,
OL23096843M,,,Audrey Niffenegger,eng,The Time Traveler's Wife
OL28297307M,,,by Melanie Milburne,,
OL23161919M,,,Elizabeth Chater.,,
OL18355527M,,,by Rebecca Winters.,,
OL15061557M,,,Caroline Courtney.,,
OL32866400M,,,Victoria Holt ; aus dem Englischen von Margarete Längsfeld,,
OL24870023M,,,[por] Victoria Holt [seud.] ; [traducido del inglés por Susana Constante],,
OL24746127M,,,[por] Victoria Holt [seud.] ; [traducido del inglés por Susana Constante],,
OL22910801M,,,Wei-duoli-ya Hete zhu ; Shen Jinhui yi.,,
OL14517885M,Giannetto Coppola,Cover Art,,,
OL14517885M,John Rose,Cover Art,,,
OL22840091M,,,Virginia Holt.,,
OL18386823M,Giannetto Coppola,Cover Art,Victoria Holt.,,
OL18386823M,John Rose,Cover Art,Victoria Holt.,,
OL22366302M,,,Victoria Holt.,,
OL3665165M,,,Modean Moon.,,
OL24508546M,,,Joan Wolf,,
OL4271340M,,,Joan Wolf.,,
OL45769596M,,,,eng,Four
OL24960947M,,,Carole Mortimer,,
OL37771735M,,,Victoria Holt ; traduit de l'anglais par Sabine Berritz,,
OL24633253M,Giannetto Coppola,Cover Art,[por] Victoria Holt [seud.] ; [traducido del inglés por Susana Constante],,
OL4561050M,,,Victoria Holt [i.e. E. Hibbert].,,
OL22390659M,,,Victoria Holt.,,
OL47249875M,Aïda García Pons,Translator,,,
OL26416743M,Marta Czub,Translator,,,
OL22072964M,,,Susan Fox.,,
OL3284238M,,,Susan Fox.,,
OL25113884M,,,Victoria Holt [i.e. E. Hibbert],,
OL3248694M,,,Victoria Holt.,,
OL4550548M,,,Victoria Holt [i.e. E. Hibbert].,,
OL17338843M,,,Victoria Holt.,,
OL24744004M,,,Diana Hamilton,,
OL24204202M,,,Joan Wolf.,,
OL20122644M,,,Joan Wolf.,,
OL59212266M,Nili Levy,Translator,,eng,Four
OL27173041M,,,Weiruonika Luosi zhu ; Lai Tingting ... [et al.] yi = Four : Four : a divergent collection / Veronica,,
OL14978000M,,,by Carole Mortimer.,,
OL28039784M,,,Alexandra Scott,,
OL17526620M,,,Georgette Heyer.,,
OL16799875M,,,Georgette Heyer.,,
OL21309593M,,,Carole Mortimer.,,
OL22381358M,,,Alexandra Scott.,,
OL3284227M,,,Helen Brooks.,,
OL32375534M,,,Penny Jordan,,
OL16010789M,,,Penny Jordan.,,
OL14979847M,,,by Gwen Westwood.,,
OL14991317M,,,Georgette Heyer.,,
OL17318352M,,,Vanessa James,,
OL17208624M,,,by Helen Brooks.,,
OL24201815M,,,Robyn Donald.,,
OL24110517M,,,by Georgette Heyer.,,
OL24739214M,,,Vanessa James,,
OL2372300M,,,by Vanessa James.,,
OL2213330M,,,by Betty Neels.,,
OL18078973M,,,by Betty Neels.,,
OL24935092M,,,Margaret Way,,
OL18238620M,,,by Emma Darcy.,,
OL3388774M,,,by Betty Neels.,,
OL24208250M,,,Betty Neels,,
OL16432158M,,,by Penny Jordan.,,
OL3301852M,,,Linda Howard.,,
OL18293262M,,,Betty Neels.,,
OL23168142M,,,Betty Neels.,,
OL33041013M,,,Lynne Graham,,
OL24973353M,,,Helen Bianchin,,
OL24946931M,,,Helen Bianchin,,
OL14978700M,,,by Betty Neels.,,
OL25407654M,,,Carol Marinelli,,
OL17151468M,,,by Betty Neels.,,
OL14977676M,,,by Carole Mortimer.,,
OL24574077M,,,Emma Darcy,,
OL17403922M,,,by Emma Darcy.,,
OL24975352M,,,Helen Bianchin,,
OL17410424M,,,by Emma Darcy.,,
OL3284220M,,,[Betty Neels].,,
OL354534M,Judith L. Raiskin,Editor,"Jean Rhys ; backgrounds, criticism edited by Judith L. Raiskin.",,
OL26330694M,Francis Wyndham,Introduction,Jean Rhys ; introduction by Francis Wyndham,,
OL22434405M,,,Jean Rhys.,,
OL17326660M,,,Jean Rhys.,,
OL46534210M,Robyn Stella Bligh,Translator,,eng,A Touch of Ruin
OL18768899M,,,Emma Darcy.,,
OL26480309M,,,by Lynne Graham,,
OL22910334M,,,"Jean Rhys ; [traducción, Andres Bosch].",,
OL5256483M,,,Jean Rhys ; introduction by Francis Wyndham.,,
OL16495305M,,,Jean Rhys ; introduction by Francis Wyndham.,,
OL21571710M,,,Jean Rhys ; introduction by Francis Wyndham.,,
OL5565773M,,,introd. by Francis Wyndham.,,
OL19997652M,,,Jean Rhys ; introduction by Francis Wyndham.,,
OL16410959M,,,Jean Rhys ; edited by Angela Smith.,,
OL22036796M,,,Jean Rhys ; traduit de l'anglais par Yvonne Davet.,,
OL25242362M,,,[Betty Neels],,
OL3686909M,,,Betty Neels.,,
OL36766510M,o the readers of A Touch of Darkness. Thank you for your enthusiasm and your love of Hades x Persephone,Dedicated to,,,
OL14978339M,,,by Catherine George.,,
OL18687280M,,,by Betty Neels.,,
OL5538610M,,,Jean Rhys ; introduction by Francis Wyndham.,,
OL1424570M,,,Jean Rhys ; introduction by Francis Wyndham.,,
OL22355223M,,,Jean Rhys ; introduction by Francis Wyndham.,,
OL20293029M,,,Jean Rhys.,,
OL1554695M,Francis Wyndham,Introduction,Jean Rhys ; introduction by Francis Wyndham.,,
OL23239061M,,,Jean Rhys ; introduction by Francis Wyndham.,,
OL17471116M,,,Jean Rhys ; introduction by Francis Wyndham.,,
OL16422927M,,,Jean Rhys ; with an introduction by Diana Athill ; [and notes by Deborah McLoughlin].,,
OL19412254M,,,by Betty Neels.,,
OL47263941M,Patricia Garcia Trapero,Translator,,eng,A Touch of Ruin
OL33038429M,,,Lynne Graham,,
OL37873285M,,,Barbara Cartland ; trad. de l'anglais par Jacques Lombard,,The Dream Within
OL20818442M,,,Barbara Cartland ; (translated from theEnglish).,,The Dream Within
OL14980480M,,,by Kay Thorpe.,,
OL24941013M,,,by Kay Thorpe,,
OL32063034M,Teddy Hamilton,Narrator/Reader,,,
OL32063034M,Jennifer Stark,Narrator/Reader,,,
OL17305852M,,,Johanna Lindsey.,,
OL21193829M,,,Johanna Lindsey.,,
OL22775604M,,,Johanna Lindsey.,,
OL2850513M,,,by Johanna Lindsey.,,
OL19616308M,,,by Carole Mortimer.,,
OL24974011M,,,Carole Mortimer,,
OL3950641M,,,Emilie Loring.,,
OL2675938M,,,by Kay Thorpe.,,
OL14978072M,,,by Essie Summers.,,
OL28422191M,,,Penny Jordan,,
OL18813583M,Antoine Hess,Translator,,eng,The Fiance Fix
OL24957971M,,,Emilie Loring,,
OL14905117M,,,Barbara Cartland.,,
OL14900872M,,,(by) Barbara Cartland.,,
OL24279312M,,,Barbara Cartland.,,
OL18687212M,,,by Charlotte Lamb.,,
OL61249338M,,,,eng,The Last Letter
OL23056367M,,,Dzhoanna Lindseĭ ; [perevod s angliĭskogo L.I. Lebedevoĭ].,,
OL24976380M,,,Carole Mortimer,,
OL24964411M,,,Carole Mortimer,,
OL1283087M,,,by Penny Jordan.,,
OL14977954M,,,by Patricia Lake.,,
OL14978841M,,,Emma Darcy.,,
OL45822194M,,,,eng,The Mists of Avalon
OL47119255M,,,,eng,The Mists of Avalon
OL50531982M,,,,eng,The Mists of Avalon
OL43520906M,,,,eng,The Mists of Avalon
OL16831070M,Roberta Rambelli,Translator,Marion Zimmer Bradley ; traduzione di Roberta Rambelli.,eng,The Mists of Avalon
OL20122545M,,,Marion Bradley.,,
OL20140846M,,,Marion Bradley.,,
OL17414219M,,,Kay Thorpe.,,
OL43980330M,,,Delaisai zhu ; Zhong Xianmin yi,,
OL43768041M,,,Illus. by Grant Reynard; introd. by H. L. Mencken,,
OL43768019M,,,introduction by H.L. Mencken,,
OL17214495M,,,by Patricia Lake.,,
OL35599752M,,,,eng,The Mists of Avalon
OL22710125M,,,Marion Zimmer Bradley.,,
OL3506578M,,,Marion Zimmer Bradley.,,
OL6901545M,,,Marion Zimmer Bradley.,,
OL23256925M,,,Marion Zimmer Bradley.,,
OL9066665M,,,,eng,The Mists of Avalon
OL57269806M,,,by Theodore Dreiser ...,,
OL59297093M,,,Theodore Dreiser,,
OL45558452M,,,"Xi'aoduo, Delaisai zhu ; Pan Qingling yi",,
OL9142286M,,,,eng,The Mists of Avalon
OL22313518M,,,traduit de l'Americain par Brigitte Chabrol.,,
OL43483947M,,,,eng,The Mists of Avalon
OL39824475M,,,,eng,The Mists of Avalon
OL15278662M,,,,eng,The Mists of Avalon
OL21845501M,Manfred Ohl,Translator,Marion Zimmer Bradley ; aus dem Amerikanischen von Manfred Ohl und Hans Sartorius.,eng,The Mists of Avalon
OL21845501M,Hans Sartorius,Translator,Marion Zimmer Bradley ; aus dem Amerikanischen von Manfred Ohl und Hans Sartorius.,eng,The Mists of Avalon
OL15479768M,,,Marion Zimmer Bradley.,,
OL8983415M,,,,eng,The mists of Avalon
OL22142071M,,,,eng,The Mists of Avalon
OL8983417M,,,,eng,The Mists of Avalon
OL30293452M,,,,eng,The Mists of Avalon
OL19047927M,,,by Kay Thorpe.,,
OL14261672M,,,[In romaneste de Leon Levitchi si Pericle Martinescu],,
OL39358036M,Andronum,Cover Art,,,
OL32354690M,,,(mei) xi ao duo. de lai sai = Theodore Herman Albert Dreiserzhu ; huang de yuan yi,,
OL27125790M,,,Teodor Draĭzer ; perevod z angliĭskogo Z. Vershininoĭ i N. Galʹ,,
OL14261663M,,,[Z anglictiny prelozil a vysvetlivkami opatril Karel Kraus],,
OL26553333M,,,Theodore Dreiser ; with a general introd. by Alfred Kazin,,
OL24978563M,,,Theodore Dreiser,,
OL22643126M,,,Theodore Dreiser ; abridged and simplified by Sally Lowe.,,
OL14261669M,,,[Forditotta Ne meth Andor.,,
OL31712084M,,,"Siŏdŏ Dŭraijŏ ; [yŏkcha Yi Kŭm-jin, Han Yong-dŏk]",,
OL14201561M,,,[Pr eloz il Zdene k Urba nek.],,
OL17909369M,,,[Forditotta Németh Andor.,,
OL23768889M,,,by Theodore Dreiser ; illus. by Grant Reynard ; introd. by H.L. Mencken.,,
OL26575107M,,,by Theodore Dreiser ; with an afterword by Irving Howe. --,,
OL37814101M,,,Teodor Draĭzer ; perevod s angliĭskogo Z. Vershininoĭ i N. Galʹ,,
OL22936109M,,,Theordore Dreiser ; z angielskiego przełożyła Józefa Zydlerowa.,,
OL23016025M,,,Teodor Draĭzer ; [per. s angliĭskogo Z. Vershininoĭ i Nory Galʹ].,,
OL14261666M,,,[Z anglicke ho origina lu prel. a vysvetlivkami opatril Zdenek Urba nek.,,
OL24200074M,,,With an afterword by Irving Howe.,,
OL24226251M,,,With an afterword by Irving Howe.,,
OL14173251M,,,Teodor Dreiser ; [wolny przek¿ad Jo sefy Zydlerowej z r. 1930 przejrzany i poprawiony],,
OL3562700M,,,Theodore Dreiser.,,
OL13570962M,,,by Theodore Dreiser ; with an introduction by Harry Hansen and with illustrations by Reginald Marsh.,,
OL6033731M,,,Introd. by H. L. Mencken.,,
OL17729497M,,,by Theodore Dreiser.,,
OL17721689M,,,by Theodore Dreiser.,,
OL23375351M,,,Theodore Dreiser.  Illus. by Grant Reynard.  Introd. by H. L. Mencken.,,
OL5856796M,,,Introd. by Robert Penn Warren.,,
OL6899289M,,,Theodore Dreiser ; with a new introduction by Richard Lingeman ; revised and updated bibliography by Richard Lingeman.,,
OL6505165M,,,Theodore Dreiser ; introduction by H.L. Mencken.,,
OL6315489M,,,by Theodore Dreiser.,,
OL17745769M,,,"With an introd. by Harry Hansen, and with illus. by Reginald Marsh.",,
OL6171978M,,,by Theodore Dreiser. With an introd. by Harry Hansen and with illus. by Reginald Marsh.,,
OL22596769M,,,by Theodore Dreiser ; with a general introduction by Alfred Kazin.,,
OL17730364M,,,Theodore Dreiser.,,
OL22185349M,,,by Theodore Dreiser ; with an afterword by Irving Howe.,,
OL14977904M,,,Violet Winspear.,,
OL47667730M,Laura González De Rivera Outomuro,Translator,,,
OL47667733M,Laura González De Rivera Outomuro,Translator,,,
OL20804115M,,,"TheodoreDreiser ; [Ungekürzte, neu durchgesehne Sonderausg. Die Übersetzung aus dem Englischen besorgte Marianne Schön.].",,
OL23233353M,,,by Theodore Dreiser.,,
OL17645138M,,,Theodore Dreiser.  Illus. by Grant Reynard.  Introd. by H. L. Mencken.,,
OL21494051M,,,introduction by H. L. Mencken.,,
OL13661980M,,,"illustrated by Grant Reynard, introduction by H. L. Mencken.",,
OL5205827M,,,Illustrated by Grant Reynard. Introd. by H. L. Mencken.,,
OL3121441M,,,Theodore Dreiser ; with the illustrations of Hubert Davis.,,
OL19319133M,,,[by] Theodore Dreiser. Illustrated by Grant Reynard. Introd. by H.L. Mencken.,,
OL6066198M,,,Abridgment and introd. by George Mayberry.,,
OL6757079M,,,by Theodore Dreiser.,,
OL4742800M,,,Theodore Dreiser ; illustrated by Grant Reynard ; introd. by H. L. Mencken.,,
OL22830594M,,,(by) Theodore Dreiser ; introduction by H L Mencken.,,
OL22827669M,,,by Theodore Dreiser.,,
OL2812438M,,,Theodore Dreiser.,,
OL22596765M,,,with an afterword by Irving Howe; (revised and updated bibliography).,,
OL22867477M,,,(by) Theodore Dreiser ; with an afterword by Irving Howe.,,
OL5532570M,,,With a general introd. by Alfred Kazin.,,
OL17728501M,,,Theodore Dreiser.,,
OL16791283M,,,Illus. by Grant Reynard; introd. by H. L. Mencken,,
OL6685348M,,,by Theodore Dreiser.,,
OL23192193M,,,by Mary Balogh.,,
OL23147837M,,,Mary Balogh.,,
OL47667731M,Laura González De Rivera Outomuro,Translator,,,
OL47667732M,Laura González De Rivera Outomuro,Translator,,,
OL28314440M,,,Robyn Donald,,
OL28002476M,,,,eng,The Cruel Prince
OL26435884M,Sharona Jacobs,Author Photographer,,,
OL26435884M,Sean Freeman,Cover Art,,,
OL26435884M,Karina Granda,Cover Design,,,
OL26435884M,Kathleen Jennings,Illustrator,,,
OL22726895M,,,by Rosemary Carter.,,
OL24200814M,,,Rosemary Carter.,,
OL24205089M,,,by Margaret Pargaret,,
OL25272160M,,,Lynne Graham,,
OL19093406M,,,by Mario Puzo and Francis Ford Coppola. Part two.,,
OL19223293M,,,Mario Puzo chu ; Chi Yan yi.,,
OL22985581M,,,Mario Pʹi︠u︡zo ; [perevod s angl. M. Kan].,,
OL20088596M,,,(translated by Mercedes Giardini).,,
OL19093391M,,,by Mario Puzo and Francis Ford Coppola.,,
OL13742085M,,,traducido [from the English] por Angel Arnau.,,
OL24752389M,,,by Catherine George,,
OL14976744M,,,by Margaret Pargeter.,,
OL26440767M,,,by Lynne Graham,,
OL44550381M,,,Mario Pūzuo ; Ichinose Naoji yaku,,
OL24547953M,,,Aus dem Amerikanischen ubertragen von Gisela Stege,,
OL22363342M,,,(by) Mario Puzo.,,
OL3020669M,,,Mario Puzo.,,
OL23004697M,,,Mario Pʹi︠u︡zo ; [per. s angl.].,,
OL26940602M,,,Holly Black,,
OL24934982M,,,Jacqueline Baird,,
OL37064141M,,,Mali'ao Puzuo zhu ; Yao Xianghui yi,,
OL3955421M,,,by Mario Puzo ; with a new introduction by Robert Thompson ; an a new afterword by Peter Bart.,,
OL14629266M,,,Mario Puzo ; traduzione dall'inglese di Mercedes Giardini.,,
OL22433224M,,,Mario Puzo.,,
OL9134091M,,,,eng,The Godfather
OL20453960M,,,Mario Puzo ; traduit de l'américain par Jean Perrier.,,
OL28303839M,Lee Horsley,Narrator,,,
OL25050702M,,,by Larry McMurtry,,
OL22359093M,,,by Larry McMurtry.,,
OL3682499M,,,Debbie Macomber.,,
OL25570559M,Mercedes Giardini,Translator,Mario Puzo ; [trad. dall'originale americano di Mercedes Giardini],,The Godfather
OL22800924M,,,Aus dem Amerikanischen ubertragen von Gisela Stege.,,
OL26407610M,Bronisław Zieliński,Translator,Mario Puzo ; przełożył Bronisław Zieliński,eng,The Godfather
OL25563533M,Gisela Stege,Translator,Mario Puzo. [Aus d. Amerikan. u bertr. von Gisela Stege],eng,The Godfather
OL26296459M,,,Le rri Makmurtri ; [per. s angl. Tamary Matt Łs],,
OL7660473M,Tony Esparza,Cover Photographs,,,
OL7660473M,Shannon Stirnweis,Cover Art,,,
OL7660473M,George Costillo,Designer,,,
OL3021983M,,,by Larry McMurtry.,,
OL20174882M,,,Larry McMurtry.,,
OL23277689M,,,Debbie Macomber.,,
OL27766224M,,,Mali'ao Puzuo zhu ; Zhou Hanlin yi,,
OL15232304M,,,traduit de l'Américain par Jean Perrier.,,
OL30148636M,Jean Perrier,Translator,Mario Puzo ; traduit de l'américain par Jean Perrier,eng,Godfather
OL26918995M,,,"Mario Puzo ; người dịch, Đặng Phi Bằng",,
OL19463239M,,,Mario Puzo.,,
OL34936363M,,,,eng,Godfather
OL6901649M,,,by Larry McMurtry.,,
OL24212815M,,,Larry McMurtry.,,
OL1594119M,,,Debbie Macomber.,,
OL14901546M,,,(by) Sheila F. Walsh.,,
OL24606850M,,,by Sheila F. Walsh,,
OL14905260M,,,Barbara Cartland.,,
OL1093010M,,,Judith McNaught.,,
OL38452M,,,Judith McNaught.,,
OL24206720M,,,Jessica Steele,,
OL3310528M,,,Karen Marie Moning.,,
OL14979144M,,,by Anne Mather.,,
OL33339146M,,,Brown Sandra,,
OL22959389M,,,"Sandra Brown ; traducción, Andrea Morete de Bullrich.",,
OL18616388M,,,Sandra Brown.,,
OL24932956M,,,Robyn Donald,,
OL21685532M,,,Sheila Walsh.,,
OL24768410M,,,by Sheila F. Walsh,,
OL14900776M,,,Barbara Cartland.,,
OL24229070M,,,Barbara Cartland ; aus dem Englischen ins Deutsche übertragen con Esther Facius.,,
OL22293916M,,,Judith McNaught.,,
OL23064070M,,,Dzhudit Maknot ; [perevod s angliĭskogo T.A. Pert︠s︡evoĭ].,,
OL23054045M,,,Kailun Mali Molin zhu ; Yi Yi yi = To tame a Highland warrior / Karen Marie Moning.,,
OL22396246M,,,Anne Mather.,,
OL22956159M,,,yuan zhu zhe Shandai Bulang ; yi zhe An Jinqun.,,
OL18236143M,,,by Robyn Donald.,,
OL24944201M,,,Robyn Donald,,
OL19999552M,,,by Barbara Cartland.,,
OL35346351M,,,Anne Mather,,
OL22945990M,,,Dzhudit Maknot ; [perevod s angliĭskogo T.A. Pert︠s︡evoĭ].,,
OL23731617M,,,Jessica Steele.,,
OL32713748M,,,Anne Mather,,
OL14980768M,,,Anne Mather.,,
OL1095617M,,,Sandra Brown.,,
OL23608795M,,,Sandra Brown.,,
OL24209285M,,,Sandra Brown,,
OL43537156M,,,by Edgar Poe ; illustrations by Alastair ; introduction by Arthur Symons,,
OL55887014M,Vincent,Illustrator,,,
OL55281645M,Rubén Fresneda,Translator,,,
OL56329030M,Joni Njl,Illustrator,,,
OL50304339M,,,ED BY ERIC W. CARLSON,,
OL56103297M,Malkiel Rubin,Translator,,,
OL51782453M,Kevin Theis,Editor,,,
OL55766492M,Rubén Fresneda,Translator,,,
OL39481940M,,,Edgar Allan Poe,,
OL55397264M,Alicar Regges,Editor,,,
OL55523029M,Paula Benitez,Editor,,,
OL55972917M,Guido Montelupo,Editor,,,
OL40791824M,Adam EVE,Illustrator,,,
OL54618977M,Rubén Fresneda,Translator,,,
OL55737847M,Natalie Montoto,Editor,,,
OL36661173M,Tao Editorial,Editor,,,
OL33136720M,,,,eng,Fall of the House of Usher
OL54910300M,Vincent,Illustrator,,,
OL55529198M,Anton Rivas,Translator,,,
OL55526241M,Sheba Blake,Editor,,,
OL40291744M,Russell Lee,Editor,,,
OL55252060M,Yasmira Cedeno,Editor,,,
OL55348436M,S. R. P.,Editor,,,
OL35352187M,,,,eng,Fall of the House of Usher
OL6277102M,,,with 10 aquatints by Alexandre Alexeïeff.,,
OL20282136M,,,Edgar Poe ; traduction de Ch. Baudelaire ; illustré par Hèléne Azènor.,,
OL5463456M,,,Edited by Eric W. Carlson.,,
OL6762460M,,,by Edgar Allan Poe.  Engravings on wood by Abner Epstein.,,
OL21364996M,,,Sara Craven.,,
OL32108116M,,,Robyn Donald,,
OL24229501M,,,Robyn Donald.,,
OL20026598M,,,Sarah Holland.,,
OL37762057M,,,,eng,The Seven Husbands of Evelyn Hugo
OL33007231M,,,,eng,Fall of the House of Usher
OL32469171M,Jenny Sanchez,Editor,,,
OL21948463M,,,ED BY ERIC W. CARLSON.,,
OL6687489M,,,traduction de Ch. Baudelaire; dessins de Combet-Descombes.,,
OL14438594M,,,illustré par Hélène Azénor,,
OL14978020M,,,by Penny Jordan.,,
OL24210734M,,,Robyn Donald,,
OL29218243M,,,Emily Hendrickson,,
OL61374874M,Lette Vos,Translator,,eng,The Seven Husbands of Evelyn Hugo
OL57727408M,Eli Gilić,Translator,,eng,The Seven Husbands of Evelyn Hugo
OL2388752M,,,Edgar Allan Poe ; illustrated by Kristopher Copeland.,,
OL17784671M,,,by Edgar Poe ; illustrated by Alastair ; introduction by Arthur Symons.,,
OL24499025M,,,Edgar Allan Poe ; illustrated by Alice Neel,,
OL39797838M,,,Emily Hendrickson,,
OL24514752M,,,Emily Hendrickson,,
OL34058826M,Carly Loman,Interior Design,,,
OL34058826M,Laywan Kwan,Jacket Design,,,
OL34058826M,Jill Wachter,Jacket Photo,,,
OL34058826M,Scott Witter,Photographer,,,
OL31655116M,Alma Cuervo,Narrator,,,
OL31655116M,Robin Miles,Narrator,,,
OL31655116M,Julia Whelan,Narrator,,,
OL60285399M,José Miguel Pallarés,Translator,,eng,Eclipse
OL18372491M,,,by Charlotte Lamb.,,
OL47377595M,Márgara Averbach,Translator,,eng,A Court of Thorns and Roses
OL52564298M,Márgara Averbach,Translator,,eng,A Court of Thorns and Roses
OL40293458M,,,,eng,A Court of Thorns and Roses
OL35359836M,,,,eng,A Court of Thorns and Roses
OL37012612M,Alexandra Ernst,Translator,,eng,A Court of Thorns and Roses
OL49036737M,Antonio Campos,Translator,,,
OL48438486M,Maria Borsetti,Translator,,,
OL42273262M,Alejandro Signori,Translator,,,
OL31120172M,,,Agatha Christie,,
OL52241597M,Márgara Averbach,Translator,,eng,A Court of Thorns and Roses
OL47276131M,Márgara Averbach,Translator,,eng,A Court of Thorns and Roses
OL47305782M,,,,eng,A Court of Thorns and Roses
OL37815380M,,,,eng,A Court of Thorns and Roses
OL35692164M,Mariana Kohnert,Translator,,eng,A Court of Thorns and Roses
OL28157463M,Catherine Onder,Editor,,,
OL16173027M,,,Agatha Christie.,,
OL47659697M,Alberto Coscarelli,Translator,,,
OL47659695M,Alberto Coscarelli,Translator,,,
OL47659698M,Alberto Coscarelli,Translator,,,
OL22569023M,,,Agatha Christie.,,
OL31912442M,,,Agatha Christie,,
OL32151136M,,,Agatha Christie ; Sung Pi-yün i.,,
OL24751464M,,,by Alison Fraser,,
OL47155372M,Jakub Radzimiński,Translator,,eng,A Court of Thorns and Roses
OL37793864M,Anne-Judith Descombey,Translator,,eng,A Court of Thorns and Roses
OL35263877M,,,,eng,A Court of Thorns and Roses
OL35692159M,,,,eng,A Court of Thorns and Roses
OL32759163M,Márgara Averbach,Translator,,eng,A Court of Thorns and Roses
OL26412245M,Jakub Radzimiński,Translator,,eng,A Court of Thorns and Roses
OL37012599M,Alexandra Ernst,Translator,,eng,A Court of Thorns and Roses
OL26933123M,,,Sarah J. Maas,,
OL47659696M,Alberto Coscarelli,Translator,,,
OL35736488M,,,Agathe Christie ; [traducción: María Dolores Raich de Ullán],,
OL37795635M,Ana Mendes Lopes,Translator,,,Eclipse
OL32380743M,,,Stephenie Meyer ; uit het Engels vert. door Maria Postema,,
OL32156829M,,,Stephenie Meyer ; przeł. Joanna Urban,,
OL31979873M,,,Stephanie Meyer ; Tịnh Th̉uy dịch,,
OL26423143M,,,Stefani Meyer ; [perevod s angliĭskogo O. Vasilenko],,
OL26335187M,,,Stephenie Meyer ; traduzione di Luca Fusari con la collaborazione di Federica D'Alessio e Chiara Marmugi,,
OL25544571M,,,Stephenie Meyer ; metaphrase  Vasilike  Latisnou,,
OL24495784M,,,Stephenie Meyer,,
OL23123343M,,,"Stephenie Meyer ; [traducción, José Miguel Pallarés].",,
OL24404806M,,,by Margaret Way,,
OL25572366M,,,Diana Palmer,,
OL27247853M,,,Sidifenni Mei'er zhu ; Gong Ping yi,,
OL26917098M,,,Stephenie Meyer ; Tịnh Thủy dịch,,
OL32868050M,,,Stephenie Meyer ; przełożyła Joanna Urban,,
OL32156828M,,,Stephenie Meyer ; przełożyła Joanna Urban,,
OL32095484M,,,Stephenie Meyer,,
OL32081131M,,,Stephanie Meyer. Aus dem Engl. von Sylke Hachmeister,,
OL26916424M,,,Stefani Maĭer ; [perevod s angliĭskogo O. Vasilenko],,
OL22543683M,,,Stephenie Meyer.,,
OL22657913M,,,by Stephenie Meyer.,,
OL20963127M,,,by Stephenie Meyer.,,
OL14980667M,,,Margaret Way.,,
OL32095483M,,,Stephenie Meyer,,
OL24963966M,,,Stephenie Meyer ; traduit de l'anglais (États-Unis) par Luc Rigoureau,,
OL7915291M,Ilyana Kadushin,Narrator/Reader,Stephenie Meyer ; read by Ilyana Kadushin,,
OL28235048M,,,by Lynne Graham,,
OL23609121M,,,Johanna Lindsey.,,
OL17359107M,,,Johanna Lindsey.,,
OL1434276M,,,Johanna Lindsey.,,
OL23580030M,,,Johanna Lindsey.,,
OL14976719M,,,by Sara Craven.,,
OL17353619M,,,Sara Craven.,,
OL15062014M,,,Johanna Lindsey.,,
OL24373907M,,,Johanna Lindsey,,
OL31935229M,,,Jane Porter,,
OL26465142M,,,Marissa Meyer,,
OL1646149M,,,by Anne Mather.,,
OL26390149M,,,[Betty Neels],,
OL17411825M,,,Emma Darcy.,,
OL1078889M,,,Emma Darcy.,,
OL14977174M,,,by Robyn Donald.,,
OL14977484M,,,by Anne Weale.,,
OL25551915M,,,Anne Mather,,
OL17315783M,,,by Catherine George.,,
OL57477258M,Julia Emelin,Narrator/Reader,,,
OL20944898M,,,Deborah Raleigh.,,
OL2735180M,,,Betty Neels.,,
OL3386307M,,,Hannah Howell.,,
OL1823319M,,,by Jeneth Murrey.,,
OL17892830M,,,by Carole Mortimer.,,
OL17497686M,,,by Anne Mather.,,
OL61112036M,,,,eng,The Greek Tycoon's Defiant Bride
OL32103167M,,,Lynne Graham,,
OL61147591M,,,"G'ayn Osṭen ; me-anglit, Aharon Amir",eng,
OL23834141M,,,by Mary Balogh.,,
OL23655640M,,,Mary Balogh.,,
OL23872127M,,,by Mary Balogh.,,
OL26340217M,,,Hannah Howell,,
OL24368740M,,,by Jeneth Murrey,,
OL18425894M,,,Carole Mortimer.,,
OL14979922M,,,by Anne Mather.,,
OL26644055M,,,Betty Neels,,
OL17411933M,,,Betty Neels.,,
OL21221415M,,,by Penny Jordan.,,
OL58518264M,,,by Jane Austen,,
OL24461618M,,,Mary Balogh,,
OL26610989M,,,Helen Bianchin,,
OL21220989M,,,by Betty Neels.,,
OL14980925M,,,by Jeneth Murrey.,,
OL18521289M,,,Carole Mortimer.,,
OL58517113M,,,"by Jane Austen; illustrated by Hugh Thomson, with an introduction by Austin Dobson",,
OL58518084M,,,by Jane Austen,,
OL58521455M,,,by Jane Austen ; with illustrations by Charles E. Brock,,
OL58522286M,,,by Jane Austen,,
OL57631128M,,,by Jane Austen,,
OL35700318M,,,,eng,Sense and Sensibility
OL58521875M,,,By Jane Austen ...,,
OL58541243M,,,by Jane Austen ; with twenty-four coloured illustrations by C.E. Brock,,
OL58751430M,,,With a preface by Peter Quennell,,
OL57653233M,,,by Jane Austen,,
OL57656280M,,,With an introd. by Joseph Jacobs and illus. by Chris Hammond,,
OL54248941M,Ruth Finnegan,Contributor,,,
OL58530405M,,,by Jane Austen ; with an introduction by R. Brimley Johnson,,
OL56061656M,Charles E. Brock,Illustrator,,,
OL54819730M,Dragan Nikolic,Editor,,,
OL54819730M,Jelena Milic,Editor,,,
OL49775159M,Kevin Theis,Editor,,,
OL34351919M,Andrea Gouveia,Editor,,,
OL40848539M,Monty,Illustrator,,,
OL44732402M,,,[Jane Austen] ; traduit librement de l'anglais par Mme. la baronne Isabelle de Montolieu,,
OL44179721M,,,Jane Austen ; with ten collages by Augusta Talbot,,
OL43725987M,,,a novel by Jane Austen ; with a note by R. Brimley Johnson,,
OL44595247M,,,by Jane Austen,,
OL43878652M,,,"by Miss Austen, author of Pride and prejudice, Emma, &c., &c. ; in two volumes",,
OL40747402M,Charles E. Brock,Illustrator,,,
OL45420218M,,,by Jane Austen,,
OL43730997M,,,Introd. by R. Brimley Johnson,,
OL41006049M,Jenny Sanchez,Editor,,,
OL39467870M,,,"Aosiding [zhu] ; Jia Wenhao, Jia Wenyuan yi",,
OL38564757M,,,Jane Austen. Aus dem Engl. von Erika Gröger,,
OL35638011M,Benjamin Briggent,Translator,,,
OL38564331M,,,Dzhein Ostin ; perevod s angliiskogo Iriny Gurovoi,,
OL32715971M,Success Oceo,Editor,,,
OL32586704M,Andrea Gouveia,Editor,,,
OL34917641M,Andronum,Cover Art,,,
OL22901749M,,,Sanmao zhu bian ; Zheng Lishu yi.,,
OL13942791M,,,Agatha Christie ; traduzione di Lidia Ballanti.,,
OL20778037M,,,Agatha Christie.,,
OL22901737M,,,Agatha Christie.,,
OL22578736M,,,Agatha Christie.,,
OL22165840M,,,Agatha Christie.,,
OL4926981M,,,Agatha Christie.,,
OL3789455M,,,by Agatha Christie.,,
OL32327237M,,,,,I Thee Wed
OL32110654M,,,Amanda Quick,,
OL30128523M,,,Amanda Quick,,
OL20932281M,,,Amanda Quick.,,
OL375303M,,,Amanda Quick.,,
OL22727034M,,,Charlotte Lamb.,,
OL21222645M,,,by Charlotte Lamb.,,
OL31786893M,Ilse Velten,Translator,,eng,The Mirror Crack'd from Side to Side
OL14876228M,,,Agatha Christie.,,
OL22144818M,,,traduction nouvelle par Michel Averlant.,,
OL24214112M,,,Agatha Christie.,,
OL5887286M,,,by Agatha Christie.,,
OL1555688M,,,Agatha Christie.,,
OL24981965M,,,Agatha Christie,,
OL25292983M,Lidia Ballanti,Translator,,,
OL28199060M,,,,eng,I thee wed
OL28199148M,,,,eng,I thee wed
OL12709918M,,,,eng,I Thee Wed
OL32603M,,,Amanda Quick.,,
OL23243188M,,,Amanda Quick.,,
OL31761637M,,,,eng,The Mirror Crack'd from Side to Side
OL18918236M,,,Agatha Christie.,,
OL17892089M,,,Agatha Christie.,,
OL24935844M,,,Agatha Christie,,
OL14144959M,,,Agatha Christie.,,
OL20938282M,,,Agatha Christie.,,
OL24228873M,,,Agatha Christie.,,
OL9453408M,,,,,I Thee Wed
OL23041260M,,,Aimanda Kuike zhu ; Miao Miya yi = I thee wed / Amanda Quick.,,
OL22998652M,,,"Amanda Quick ; [traducción, Ana Mazía].",,
OL1646145M,,,by Charlotte Lamb.,,
OL34859593M,Alex Struik,Illustrator,,,
OL34880485M,Raul Bracho,Translator,,,
OL34886472M,Natalie Montoto,Editor,,,
OL34886696M,Rafael Sanchez Juarez,Editor,,,
OL40255158M,,,by Jane Austen; with illustrations reproducing drawings for early editions and photographs of historical scenes together with an introductory biographical sketch of the author and anecdotal captions by Basil Davenport,,
OL39823828M,,,zhen. ao si ting(Jane Austen) zuo ; xie yao ling yi,,
OL34888127M,Guido Montelupo,Editor,,,
OL34884937M,Raul Bracho,Translator,,,
OL34890759M,Maxim Montoto,Editor,,,
OL34947673M,Joni Njl,Illustrator,,,
OL34943055M,Dainy d. Angeles,Editor,,,
OL34894188M,Andrea Gouveia,Editor,,,
OL34856121M,Richard S. Hartmetz,Editor,,,
OL34912686M,Owen Smit,Editor,,,
OL34848742M,Chris Hammond,Illustrator,,,
OL35638000M,Benjamin Briggent,Translator,,,
OL37080617M,,,Jane Austen ; z angielskiego przełożyła Anna Przedpełska-Trzeciakowska,,
OL36618816M,,,Jian Aositing zhu ; Sheng shi jiao yu xi fang ming zhu fan yi wei yuan hui [yi],,
OL25643746M,,,by Jane Austen,,
OL24236405M,,,By a lady.,,
OL34894747M,Alicar Regges,Editor,,,
OL32140784M,,,Jane Austen,,
OL28277750M,,,[Ying] Jian Aosiding zhu ; Sun Zhili yi,,
OL32767022M,,,Jane Austen ; with an introduction by A.C. Ward,,
OL34898358M,Ravell,Editor,,,
OL34901417M,Yasmira Cedeno,Editor,,,
OL34143428M,"This book is dedicated to all the readers who have been such a happy part of my life for the last fifteen years. When we first met, many of you were young teenagers with bright, beautiful eyes full of dreams for the future... (show all)",Dedicated to,,,
OL670002M,,,Catherine Coulter.,,
OL24961164M,,,Catherine Coulter,,
OL24944615M,,,Carol Marinelli,,
OL17131904M,,,by Charlotte Lamb.,,
OL3176584M,,,Charlotte Lamb.,,
OL1618115M,,,by Anne Weale.,,
OL26918886M,,,Colleen Hoover,,
OL52564098M,Mariona Gastó Jiménez,Translator,,eng,King of Wrath
OL35319502M,Hanife Albayrak,Translator,,eng,Archer's Voice
OL20724110M,,,Catherine Coulter.,,
OL18384324M,,,Catherine Coulter.,,
OL17456473M,,,Betty Neels.,,
OL24943067M,,,by Betsy Page,,
OL21222618M,,,by Anne Weale.,,
OL24936369M,,,Michelle Reid,,
OL18514642M,,,Michelle Reid.,,
OL49799723M,,,,eng,Losing hope
OL49799720M,,,,,Losing hope
OL47349438M,María José Losada Rey,Translator,,eng,Archer's Voice
OL24956777M,,,by Nerina Hilliard,,
OL25248386M,,,[Betty Neels],,
OL14980834M,,,Charlotte Lamb.,,
OL35651308M,,,,eng,Losing Hope
OL27727196M,,,,eng,Losing Hope
OL25407653M,,,Lucy Monroe,,
OL32482669M,Martyna Tomczak,Translator,,eng,Archer's Voice
OL30727483M,,,Jane Austen ; introduction and notes by Jennifer C. Garlen,,
OL34905720M,Sheba Blake,Editor,,,
OL34906605M,James Zimmerhoff,Editor,,,
OL30726017M,,,Jane Austen ; illustrated by Niroot Puttapipat,,
OL31020347M,,,by Jane Austen ; illustrated by Hugh Thomson,,
OL27125580M,,,Jein Ōsutin ; Nakano Kōji yaku,,
OL28278258M,,,Jane Austen,,
OL30721211M,,,Jane Austen,,
OL31935243M,,,Jane Austen,,
OL32140782M,,,by Jane Austen,,
OL32140783M,,,Jane Austen,,
OL24468438M,,,Jane Austen ; with an introduction by Joseph Jacobs and illustrations by Chris Hammond,,
OL25169436M,,,by Jane Austen,,
OL27087152M,,,Jane Austen ; [edited by Philip M. Parker],,
OL25548307M,,,Jane Austen ; [edited by Philip M. Parker],,
OL25249738M,,,Jane Austen,,
OL27065214M,,,Jane Austen,,
OL18665895M,,,traducción de Ana Mª Rodríguez.,,
OL25139696M,,,Jane Austen,,
OL15166963M,,,edited by Kathleen M. Goad.,,
OL24626255M,,, by Jane Austen,,
OL24958452M,,,With an afterword by Caroline G. Mercer,,
OL25047045M,,,Jane Austen ; foreword by Cathleen Schine,,
OL24951673M,,,Jane Austen ; with a new introduction by Margaret Drabble,,
OL21474474M,,,edited by R.W. Chapman.,,
OL22150881M,,,Jane Austen.,,
OL22365106M,,,"by Jane Austen; illustrated by Hugh Thomson, with an introduction by Austin Dobson.",,
OL3957721M,,,Jane Austen ; edited by Beth Lau.,,
OL6310363M,,,Jane Austen ; [illustrated by Maximilien Vox].,,
OL4811549M,,,edited with an introduction by Claire Lamont; textual notes and bibliography by James Kinsley.,,
OL24895815M,,,"Jane Austen ; annotated and edited, with an introduction, by David M. Shapard",,
OL25564232M,,,Jane Austen ; [edited by Philip M. Parker],,
OL13746050M,,,"by R.W. Chapman, with notes, indexes and illustrations from contemporary sources; in five volumes. vol.1, [Sense and sensibility]. Volume 1, [Sense and sensibility].",,
OL7052321M,R. W. Chapman,Editor,,,
OL13662296M,,,"illustrated by Hugh Thompson, with an introduction by Austin Dobson.",,
OL13768378M,,,Jane Austen.,,
OL3702716M,,,Jane Austen ; edited with an introduction by Ros Ballaster ; with the original Penguin classics introduction by Tony Tanner.,,
OL13763274M,,,with an introduction by A.C. Ward.,,
OL13900667M,,,by Jane Austen.,,
OL805077M,,,Jane Austen.,,
OL14041582M,,,by Jane Austen; with an introduction by Austin Dobson; illustrated by Hugh Thomson.,,
OL4723990M,,,Edited with an introd. by Tony Tanner.,,
OL18688708M,,,by Jane Austen.,,
OL24219339M,,,Jane Austen.,,
OL14635253M,,,by Jane Austen,,
OL22596586M,,,Jane Austen.,,
OL15315470M,,,tłumaczyła Anna Przedpełska-Trzeciakowska.,,
OL22162115M,,,aus dem Englischen von Angelika Beck.,,
OL16510077M,,,Jane Austen.,,
OL13560683M,,,"by Jane Austen; illustrated by Hugh Thomson, with an introduction by Austin Dobson.",,
OL22637063M,,,Jane Austen.,,
OL13563993M,,,by a lady.,,
OL22082120M,,,Jane Austen ; edited with an introd. by Claire Lamont ; textual notes and bibliography by James Kinsley.,,
OL5335368M,,,introduction and notes by W. A. Craik.,,
OL1925624M,,,by Jane Austen ; with twenty-four coloured illustrations by C.E. Brock.,,
OL20668997M,,,introduction by Richard Church ; wood engravings by Joan Hassall.,,
OL13641118M,,,with an introduction by Joseph Jacobs and illustrations by Chris Hammond.,,
OL7184584M,,,by Jane Austen.,,
OL5857728M,,,Jane Austen ; with a new introduction by Louis Kronenberger.,,
OL13769981M,,,with a new introduction by Stella Gibbons ; and illustrations by Helen Sewell.,,
OL5821131M,,,With critical and biographical material by Ian Watt.,,
OL23765899M,,,ed. by R. W. Chapman.,,
OL23001737M,,,Dzheĭn Osten ; [perevod s angliĭskogo I. Gurovoĭ].,,
OL17902864M,,,by Jane Austen.,,
OL14198855M,,,"by Jane Austen; illustrated by Hugh Thomson, with an introduction by Austin Dobson.",,
OL22474960M,,,Jane Austen ; illustrated by Charles E. Brock.,,
OL22290325M,,,edited by R. Brimley Johnson ; illustrated by C.E. and H.M. Brock.,,
OL18956023M,,,introduction by Richard Church; wood-engravings by Joan Hassall.,,
OL13805882M,,,by Jane Austen.,,
OL23230587M,,,Jane Austen.,,
OL6230414M,,,With a new introd. by Stella Gibbons and illus. by Helen Sewell.,,
OL548856M,,,Jane Austen ; edited with an introduction by Ros Ballaster.,,
OL1567599M,,,Jane Austen ; with an introduction by Peter Conrad.,,
OL2227937M,,,Jane Austen ; edited by James Kinsley ; with a new introduction by Margaret Anne Doody ; notes by Claire Lamont.,,
OL3416328M,,,Jane Austen ; edited by Edward Copeland.,,
OL3532696M,,,Jane Austen ; edited by Kathleen James-Cavan.,,
OL13895727M,,,by Jane Austen ; with an introduction by Austin Dobson; illustrated by Hugh Thomson.,,
OL13649293M,,,by Jane Austen ; introduction by Lord David Cecil.,,
OL7219463M,,,Jane Austen.,,
OL13865997M,,,by Jane Austen.,,
OL22941198M,,,Zhen Aositing zhu ; Sun Zhili yi.,,
OL812375M,,,Jane Austen.,,
OL23834014M,,,Jane Austen.,,
OL6562263M,,,"by Jane Austen; ed. with an introduction, notes and queries by Edwin L. Miller.",,
OL6941523M,,,by Jane Austen; with an introduction by Austin Dobson; illustrated by Hugh Thomson.,,
OL13936554M,,,by Jane Austen ; edited with an introduction by Tony Tanner.,,
OL14216231M,,,by Jane Austen.,,
OL547032M,,,Jane Austen.,,
OL23268323M,,,Jane Austen.,,
OL26535577M,,,Jane Austen ; with a new introduction by Margaret Drabble,,
OL22456270M,,,Jane Austen ; abridged and simplified by Norman Wymer ; illustrations by Anne Rodger.,,
OL19433100M,,,"By the author of ""Pride and prejudice"".",,
OL3696053M,,,"Jane Austen ; with an introduction and notes by Laura Engel ; George Stade, consulting editorial director..",,
OL22454161M,,,JaneAusten.,,
OL1014970M,,,Jane Austen.,,
OL23158644M,,,Jane Austen.,,
OL6965463M,,,"By Miss Austen, ... In two volumes.",,
OL14876521M,,,Janet Dailey.,,
OL24954552M,,,Janet Dailey,,
OL40296080M,Ewa Kleszcz,Translator,,eng,One of Us Is Lying
OL47421650M,Moisés Barcia Rodríguez,Translator,,eng,One of Us Is Lying
OL26886093M,,,Jane Austen,,
OL6795147M,,,Jane Austen ; introduction by David Gates ; notes by Deborah Lutz.,,
OL21300193M,,,with coloured illustrations by C.E. Brock.,,
OL6048506M,,,With illus. reproducing drawings for early editions and photos. of historical scenes together with an introductory biographical sketch of the author and anecdotal captions by Basil Davenport.,,
OL23186612M,,,by Jane Austen.,,
OL2864950M,,,Janet Dailey.,,
OL22938867M,,,Janet Dailey.,,
OL14876299M,,,(by) Janet Dailey.,,
OL22364095M,,,Janet Dailey.,,
OL25172009M,,,Jane Austen,,
OL19659154M,,,by Jane Austen.,,
OL25139697M,,,Jane Austen,,
OL27785483M,,,by Jane Austen,,
OL6239714M,,,With a new introd. by Stella Gibbons and illus. by Helen Sewell.,,
OL5726801M,,,With an introduction by Carole Fahy.,,
OL22334370M,,,Jane Austen ; illustrated by Hugh Thomson.,,
OL17897577M,,,"by Jane Austen; illustrated by Hugh Thomson, with an introduction by Austin Dobson.",,
OL3950405M,,,Jane Austen ; edited by Claudia L. Johnson.,,
OL13805799M,,,edited with an introduction by Mary Lascelles.,,
OL22601665M,,,Jane Austen ; introduction by R. Brimley Johnson.,,
OL17484061M,,,Janet Dailey.,,
OL26377323M,Sara Cano Fernández,Translator,,eng,One of Us Is Lying
OL35407796M,Selen Ak,Translator,,eng,One of Us Is Lying
OL26933122M,,,Karen M. McManus,,
OL47806732M,,,,eng,Twisted game
OL61111850M,,,,eng,The Desert Sheikh's Captive Wife
OL32092793M,,,Lynne Graham,,
OL59692734M,Jan Pieter van der Sterre,Translator,,fre,La peste
OL59692734M,Pankra,Cover Design,,fre,La peste
OL52468742M,,,Albert Camus,,
OL59886871M,Rosa Chacel,Translator,,fre,La Peste
OL59692847M,Jan Pieter van der Sterre,Translator,,fre,La peste
OL59692847M,Studio Jan de Boer,Cover Design,,fre,La peste
OL59692847M,Peter Bes,Cover Art,,fre,La peste
OL59692847M,Henri Cartier-Bresson,Author Photographer,,fre,La peste
OL59692847M,Peter Verwey,Interior Design,,fre,La peste
OL59692847M,Koninklijke Wöhrmann,Printer,,fre,La peste
OL59692717M,Jan Pieter van der Sterre,Translator,,fre,La peste
OL59692717M,Studie Jan de Boer,Cover Design,,fre,La peste
OL59692717M,Peter Bes,Cover Art,,fre,La peste
OL57642921M,,,Albert Camus,,
OL57684261M,,,Albert Camus,,
OL53421280M,,,compiled by American and French Research on the Treasury of the French Language,,
OL56587255M,Lirienne Barjavel,Translator,,,
OL16522168M,,,Patricia Wilson.,,
OL31913939M,,,Penny Jordan,,
OL24944620M,,,Lynne Graham,,
OL56261095M,Raul Bracho,Translator,,,
OL49163196M,Aziz Oucheikh,Illustrator,,,
OL15219860M,,,"avec une notice biographique, une notice historique et littéraire, des notes explicatives, une documentation thématique, des jugements, un questionnaire et des sujets de devoirs par Louis Faucon.",,
OL51172465M,Eta Wexler,Translator,,fre,OL1230715W
OL51172465M,Marin Preda,Translator,,fre,OL1230715W
OL49346950M,Stuart Gilbert,Translator,Translated from the French By Stuart Gilbert,,
OL44672908M,,,Albert Camus ; translated from the French by Stuart Gilbert,,
OL44982668M,,,Alper Kʻamyu ; [franserenitsʻ tʻargmanetsʻ Grigor Kʻeshishyaně],,
OL23364177M,,,"Albert Camus ; avec une notice biographique, une notice historique et littéraire, des notes explicatives, des jugements, un questionnaire et des sujets de devoirs ; par Louis Faucon.",,
OL13790479M,,,"avec une notice biographique, une notice historique et litteraire, des notes explicatives, des jugements, un questionnaire et des sujets de devoirs par Louis Faucon.",,
OL57381038M,Gérard Rondeau,Cover Photographer,,,
OL21205882M,,,"Albert Camus ; avec une notice biographique, une notice historique et littéraire, des notes explicatives, des jugements, un questionnaire et des sujets de devoirs par Louis Faucon.",,
OL41980643M,Dainy d. Angeles,Editor,,,
OL20339888M,,,Albert Camus ; dilimize çeviren Nihal Önal.,,
OL23827739M,,,Albert Camus. Translated from the French by Stuart Gilbert.,,
OL16258282M,,,Albert Camus ; translated from the French by Stuart Gilbert,,
OL4138646M,,,Albert Camus ; ill. originales de Tibor Csernus.,,
OL16071170M,,,Albert Camus.,,
OL22104721M,,,Albert Camus ; edited by W. J. Strachan.,,
OL23827773M,,,Albert Camus ; edited by W. J. Strachan.,,
OL22403926M,,,"Albert Camus, d'après le récit paru aux éditions Gallimard ; adaptation, mise en scène et interprétation, Francis Huster.",,
OL22780162M,,,Albert Camus,,
OL22736446M,,,Albert Camus.,,
OL22134301M,,,Albert Camus.,,
OL22217517M,,,translated from the French by Stuart Gilbert.,,
OL23364211M,,,Albert Camus ; translated from the French by Stuart Gilbert.,,
OL5828083M,,,Translated from the French by Stuart Gilbert.,,
OL20936561M,,,Translated from the French by Stuart Gilbert.,,
OL22254877M,,,(by) Albert Camus ; translated by Stuart Gilbert.,,
OL14373310M,,,translated from the French by Stuart Gilbert.,,
OL24376087M,,,Albert Camus. [Ins Dt. von Guido G. Meister],,
OL21214329M,,,translated from the French by Stuart Gilbert.,,
OL6031024M,,,tr. from the French by Stuart Gilbert.,,
OL21384017M,,,Albert Camus ; translated from the French by Stuart Gilbert.,,
OL22901139M,,,Albert Camus ; traducción de Rosa Chasel.,,
OL13545507M,,,Albert Camus.,,
OL22255926M,,,(by) Albert Camus.,,
OL19658314M,,,Albert Camus.,,
OL5108071M,,,Translated from the French by Stuart Gilbert. Original illus. by Kjell Torriset.,,
OL20087608M,,,Albert Camus ; translated from the French by Stuart Gilbert.,,
OL22286941M,,,translated from the French by Stuart Gilbert ; introduced  by John Cruickshank.,,
OL21462620M,,,Albert Camus ; translated from the French by Stuart Gilbert.,,
OL22901150M,,,Ka-miao zhu ; Meng Xiang-sen yi,,
OL22941204M,,,"Kamiu zhu ; Gu Fangji, Xu Zhiren yi.",,
OL17488501M,,,Albert Camus ; Trans. by Nedret Tanyolaç Öztokat.,,
OL32759827M,Jan Stolpe,Translator,,,
OL32759827M,Albert Camus,Author,,,
OL22163810M,,,Albert Camus ; edited by W.J.Strachan.,,
OL15549079M,,,Albert Camus ; translated from the French by Stuart Gilbert.,,
OL22322054M,,,edited by W.J.Strachan.,,
OL22931814M,,,Albert Camus.,,
OL18435411M,,,Albert Camus.,,
OL16325675M,,,Albert Camus ; edited by W.J. Strachan.,,
OL22597393M,,,Albert Camus ; extraits ... par Louis Faucon.,,
OL13981751M,,,translated from the French by Stuart Gilbert.,,
OL20050620M,,,Albert Camus ; translated from the French by Stuart Gilbert.,,
OL16079373M,,,Translated from the French by Stuart Gilbert.,,
OL27135933M,,,Kamiu zhu ; Yan Xiangru yi = Le peste / Albert Camus,,
OL20573055M,,,Albert Camus.,,
OL1888950M,,,Albert Camus ; translated from the French by Stuart Gilbert.,,
OL9048545M,Uli Aumüller,Translator,Albert Camus. Dt. von Uli Aumüller,fre,La Peste
OL32174923M,کاوه میرعباسی,Translator,,,
OL28024597M,,,Albert Camus ; translated from the French by Stuart Gilbert,,
OL24238960M,,,Anne Mather.,,
OL14979229M,,,by Anne Mather.,,
OL26644056M,,,Betty Neels,,
OL14976639M,,,by Betty Neels.,,
OL23134648M,,,Albert Camus.,,
OL24950495M,,,Albert Camus,,
OL24735320M,Willy Corsari,Translator,,fre,La Peste
OL14396693M,Guido G. Meister,Translator,Albert Camus ; Guido G. Meister [translator].,fre,La Peste
OL27928480M,,,,fre,
OL32581371M,Guido G. Meister,Translator,,fre,La Peste
OL26335966M,,,by Betty Neels,,
OL24398522M,,,Emilie Loring,,
OL50739M,,,Emilie Loring.,,
OL4898719M,,,Emilie Loring.,,
OL22916746M,,,Emilie Loring.,,
OL15385308M,,,"Albert Camus ; translated by Robin Buss, with an introduction by Tony Judt",,
OL26648016M,Stuart Gilbert,Translator,,fre,La Peste
OL27790618M,,,Albert Camus,,
OL10202256M,,,by Albert Camus; Translated from the French by Stuart Gilbert,,
OL26330183M,,,Lynne Graham,,
OL21437817M,,,Penny Jordan.,,
OL6423365M,,,[by] Emilie Loring.,,
OL32386700M,Lee Hanna,Translator,,eng,Game Changer
OL26455055M,,,Michelle Reid,,
OL27929152M,,,,eng,Point of Retreat
OL35304095M,,,,eng,Point of Retreat
OL27157205M,,,Kelin Hufo zhu ; Lu Qiuying yi= Point of retreat / Colleen Hoover,eng,Point of Retreat
OL24943080M,,,by Rebecca Stratton,,
OL24767160M,,,Penny Jordan,,
OL27428109M,,,,eng,Point of Retreat
OL18388923M,,,Linda Howard.,,
OL35320786M,,,Alexandra Bracken,,
OL31916996M,,,Penny Jordan,,
OL40297638M,Katarina Ganslandt,Translator,Colleen Hoover. Aus dem Engl. von Katarina Ganslandt,eng,Point of Retreat
OL15361685M,,,Linda Howard.,,
OL25276083M,,,Alexandra Bracken,,
OL17196823M,,,Sally Wentworth.,,
OL14977924M,,,by Carole Mortimer.,,
OL22319239M,,,Sandra Brown.,,
OL24959154M,,,Nora Roberts,,
OL18533018M,,,Nora Roberts.,,
OL1700077M,,,Nora Roberts.,,
OL23269318M,,,Nora Roberts.,,
OL14976606M,,,by Mary Wibberley.,,
OL17153876M,,,Mary Wibberley.,,
OL1411743M,,,Sandra Brown.,,
OL24608852M,,,Sandra Brown,,
OL17195136M,,,Nora Roberts.,,
OL3954126M,,,Nora Roberts.,,
OL26950673M,,,Tricia Levenseller,,
OL1103427M,,,Lindsay Armstrong.,,
OL26921871M,,,Sandra Braun ; [perevod s angliĭskogo Ė. VoronovoĬ],,
OL24767628M,,,Sandra Brown,,
OL1728261M,,,Nora Roberts.,,
OL17342334M,,,Nora Roberts.,,
OL24975879M,,,Kate Hardy,,
OL24935464M,,,Kate Hardy,,
OL23191621M,,,Kate Hardy.,,
OL49668203M,,,,eng,Archer`s voice
OL37549783M,ClassyBookRead,Illustrator,,,
OL38556474M,Michael Sofranko,Editor,,,
OL37738623M,,,[F. Scott Fitzgerald] ; traducción de E. Piñas,,
OL37505251M,ClassyBookRead,Illustrator,,,
OL39479050M,,,F. Scott Fitzgerald,,
OL26260921M,,,zuo zhe Lisha Kelaipei ; yi zhe An Jinqun = Sugar daddy / Lisa Kleypas,,
OL17872247M,,,Carole Mortimer.,,
OL23101087M,,,by Nora Roberts.,,
OL31912066M,,,Lisa Kleypas,,
OL14975637M,,,by Anne Mather.,,
OL24778997M,,,Sara Craven,,
OL24862812M,,,Sara Craven,,
OL26387882M,,,Lynne Graham,,
OL39472850M,,,Lisa Kleypas,,
OL28417545M,,,Lisa Kleypas,,
OL24947349M,,,Lisa Kleypas,,
OL14977540M,,,by Sara Craven.,,
OL14977691M,,,by Robyn Donald.,,
OL14975903M,,,by Anne Mather.,,
OL19047626M,,,by Carole Mortimer.,,
OL14980492M,,,by Sara Craven.,,
OL17410408M,,,Lindsay Armstrong.,,
OL31016549M,,,Nora Roberts,,
OL23247608M,,,Nora Roberts.,,
OL16559712M,,,Anne Mather.,,
OL40251305M,,,Georgette Heyer,,
OL22479120M,,,Georgette Heyer.,,
OL3473595M,,,Georgette Heyer with a foreward by Kasey Michaels.,,
OL23268378M,,,Georgette Heyer.,,
OL36802306M,,,,eng,Slammed
OL35455551M,,,,eng,Slammed
OL18566475M,,,Helen Brooks.,,
OL22726813M,,,by Anne Mather.,,
OL14977738M,,,by Penny Jordan.,,
OL32077833M,,,Georgette Heyer,,
OL24372528M,,,Georgette Heyer,,
OL25054553M,,,by Georgette Heyer,,
OL59468778M,Katarina Ganslandt,Translator,,eng,Slammed
OL27165844M,李娟,Translator,Kelin Hufo ; Li Juan yi  = Slammed / Colleen Hoover,eng,Slammed
OL37747470M,,,by Colleen Hoover,,
OL24511488M,,,Anne Mather,,
OL24942573M,,,Lucy Gordon,,
OL47327348M,Lourdes Porta,Translator,,jpn,国境の南、太陽の西
OL31999862M,,,,eng,April Lady
OL17191916M,,,Georgette Heyer.,,
OL13742310M,,,Berechtigte U bersetzung aus dem Englischen von Pia von Hartungen.,,
OL21365407M,,,Georgette Heyer.,,
OL18051851M,,,by Georgette Heyer.,,
OL1558640M,,,Georgette Heyer.,,
OL16728183M,,,Georgette Heyer.,,
OL27144896M,,,Colleen Hoover,,
OL32380360M,,,Penny Jordan,eng,Passionate Protection
OL39473962M,Lourdes Porta,Translator,Haruki Murakami ; traducción Lourdes Porta,jpn,国境の南、太陽の西
OL31975910M,Giovanni Bandini,Translator,,jpn,"国境の南, 太陽の西 / Kokkyō no minami, taiyō no nishi"
OL31975910M,Ditte Bandini,Translator,,jpn,"国境の南, 太陽の西 / Kokkyō no minami, taiyō no nishi"
OL31922833M,Giovanni Bandini,Translator,,jpn,太陽の西
OL31922833M,Ditte Bandini,Translator,,jpn,太陽の西
OL26411769M,Małgorzata Kaczarowska,Translator,,eng,The Elite
OL39202117M,,,Kiera Cass,,
OL24946440M,,,Essie Summers,,
OL35352029M,,,"Colleen, McCullough",,
OL38581436M,Lourdes Porta,Translator,,jpn,国境の南、太陽の西
OL60649550M,Lourdes Porta,Translator,,jpn,国境の南、太陽の西
OL15303582M,,,Haruki Murakami,,
OL9091990M,,,,jpn,
OL24240969M,Philip Gabriel,Translator,,,
OL31969331M,,,Haruki Murakami ; traduit du japonais par Corinne Atlan,,
OL39813389M,Jorge Rizzo,Translator,Kiera Cass ; traducción de Jorge Rizzo,eng,The Elite
OL44715049M,Madeleine Nasalik,Translator,,eng,The Elite
OL27173025M,賴婷婷,Translator,Qila Kaisi zhu ; Lai Tingting yi = The elite / Kiera,eng,The Elite
OL35418073M,В. Старченко,Translator,,eng,
OL60649719M,Lourdes Porta,Translator,,jpn,国境の南、太陽の西
OL26142417M,Lourdes Porta,Translator,,jpn,国境の南、太陽の西
OL9199664M,Lourdes Porta Fuentes,Translator,,jpn,国境の南、太陽の西
OL9144164M,Lourdes Porta,Translator,,jpn,国境の南、太陽の西
OL7700911M,,,,jpn,
OL22971821M,,,"Tsʻun-shang Chʻun-shu chu ; Lai Ming-chu i =  South of the border, west of the sun / by Haruki Murakami.",,
OL23053719M,,,Murakami Haruki.,,
OL23074951M,,,Kharuki Murakami ; [perevod s i︠a︡ponskogo Ivana i Sergei︠a︡ Logachevykh].,,
OL701136M,Philip Gabriel,Translator,Haruki Murakami ; translated from the Japanese by Philip Gabriel.,jpn,
OL27214744M,,,K'iera K'asŭ chiŭm ; Sin Sŏn-hae omgim,,
OL14977709M,,,by Carole Mortimer.,,
OL14977648M,,,by Essie Summers.,,
OL17462827M,,,Essie Summers.,,
OL26482485M,,,by Michelle Reid,,
OL1657179M,,,by Michelle Reid.,,
OL21779322M,,,Colleen McCullough.,,
OL20052655M,,,Colleen McCullough ; traduit de l'anglais par Jacqueline Lagrange et Jacques Hall.,eng,Thorn Birds
OL17581832M,,,Colleen McCullough.,,
OL22379279M,,,(by) Colleen McCullough.,,
OL4720336M,,,Colleen McCullough.,,
OL23027328M,,,Colleen McCullough ; Trung Dũng dịch.,,
OL32119300M,,,Colleen McCullough ; traduit de l'anglais par Jacqueline Lagrange et Jacques Hall,eng,Thorn Birds
OL19648601M,,,Colleen McCullough ; [translated by] Bruno Oddera]. Vol.2.,,
OL26917110M,,,Colleen McCullough ; Phạm Mạnh Hùng dịch,,
OL21331027M,,,Penny Jordan.,,
OL3471962M,,,Anne Weale.,,
OL24950737M,,,Colleen McCullough,,
OL28420306M,,,Colleen McCulloch ; introduced by Maeve Binchy,,
OL15314235M,,,przełożyły Małgorzata Grabowska i Iwona Zych.,,
OL22938185M,,,Kolin Makkalov ; [translated by Nora Galʹ].,,
OL20653977M,,,[translated by Bruno oddera].,,
OL35616309M,,,Penny Jordan,,
OL23268250M,,,Penny Jordan.,,
OL8105194M,Mary Woods,Narrator,,,
OL4893329M,,,Colleen McCullough.,,
OL21979418M,,,Colleen McCullough.,,
OL701863M,,,by Colleen McCullough.,,
OL15463166M,,,Colleen McCullough,,
OL21881785M,,,Colleen McCullough.,,
OL22918833M,,,Kelin Majialu zhu ; Zhang Yen yi.,,
OL27931049M,,,Kaolin. Maikaluo zhu ; Zeng Hu yi,eng,Thorn Birds
OL15314229M,,,pezełozyły Małgorzata Grabowska i Iwona Zych.,,
OL24957542M,,,by Penny Jordan,,
OL22241746M,,,Penny Jordan.,,
OL3667326M,,,Barbara Hazard.,,
OL3284031M,,,Kinley MacGregor.,,
OL26682218M,,,,,The Paid Companion
OL26332579M,,,Amanda Quick,,
OL9668590M,,,,,The Paid Companion
OL16349202M,,,Amanda Quick.,eng,The Paid Companion
OL32131606M,,,Amanda Quick,,
OL31913820M,,,Amanda Quick,,
OL24941138M,,,Lindsay Armstrong,,
OL60557506M,Lissette Beatriz Mendoza,Prologue,,fre,Le Comte de Montecristo
OL57418497M,,,Amandah Ḳeṿiḳ me-Anglit Gilat Benṭal,,Paid Companion
OL32155732M,,,Amanda Quick ; przekład Maria Wójtowicz,,
OL28952603M,,,Amanda Quick ; traduit de l'américain par Daniel Garcia,,
OL32131605M,,,Amanda Quick,,
OL23000389M,,,Amanda Quick.,,
OL6485239M,,,[by] Emilie Loring.,,
OL14980006M,,,by Janet Dailey.,,
OL14977704M,,,by Lynsey Stevens.,,
OL26435742M,,,by Betty Neels,,
OL35356465M,,,,eng,The Paid Companion
OL3691415M,,,Amanda Quick.,,
OL23070979M,,,Aimanda Kuike (Zhen An Kelanzi) zhu ; Li Qihui yi = The paid companion Amanda Quick.,,
OL24403004M,,,Emilie Loring,,
OL20653021M,,,Janet Dailey.,,
OL24959050M,,,by Janet Dailey,,
OL21222186M,,,by Lynsey Stevens.,,
OL61032419M,,,,,El Conde de Montecristo
OL44210029M,,,Alexandre Dumas,,
OL17446684M,,,par Alexandre Dumas.,,
OL50259695M,,,muʻarrabuhu ... Yaʻaḳov Śimlah,,
OL45114710M,,,Dyūma cho ; Mikami Otokichi yaku,,
OL44982166M,,,Prima versione italiana,,
OL43979157M,,,Dumayuan zhu ; Zhai Yiwen yi,,
OL40243214M,,,Aleksander Dumas,,
OL17379266M,,,par Alexandre Dumas.,,
OL17425950M,,,"par Alexandre Dumas ; illustré par G. Staal, J. A. Beaucé, etc..",,
OL17425943M,,,par Alexandre Dumas.,,
OL8870172M,,,,,Le Comte de Monte Cristo
OL50223619M,,,ʻIvrit Yosef Krusṭ,,
OL48481592M,Kevin Theis,Editor,,,
OL47655826M,André Telles,Translator,,fre,Le comte de Monte Cristo
OL47655826M,Rodrigo Lacerda,Translator,,fre,Le comte de Monte Cristo
OL45258176M,,,Aghekʻsandr Tiwma ; franserēnē tʻargmanuats,,
OL43980699M,,,[Dazhongma yuan zhu] ; Xu Weinan yi,,
OL43981667M,,,Dazhongma zhu ; Jiang Xuemo yi,,
OL43979187M,,,Dazhongma zhu ; Wu Guangjian yi,,
OL35664323M,André Telles,Translator,,,
OL35664323M,Rodrigo Lacerda,Translator,,,
OL40259853M,,,By Alexandre Dumas. With an introd. by Richard Church,,
OL32351154M,,,(fa)Da zhong ma(A. Dumas)Zhu ; Wu xin yi,,
OL26915794M,,,Alexanđrơ Đuyma ; Mai Thế Sang dịch,,
OL26906781M,,,[Dazhongma zhu],,
OL25525356M,,,Alejandro Dumas(ama) ; isinatagalog ni Pascual A. Poblete,,
OL23826598M,,,"A Dumas ; Édition augumentée d'une biographie ; introduction, bibliographie, notes et relevé des variantes par J. H. Bornecque.",,
OL23765661M,,,by Alexandre Dumas.,,
OL27933570M,,,"Da zhong ma, lin wen yue",,
OL27895832M,,,"Da zhong ma, han hu lin, zhou ke xi",,
OL27938437M,,,"Da zhong ma, deng min hua",,
OL27263225M,,,(Fa) da zhong ma (Alexandre Dumas) zhu ; zhang min yi,,
OL27184860M,,,"Alejandro Dumas ; [traducción, Luis Rutiaga]",,
OL26308701M,,,Alexandre Dumas ; With an introduction by David Coward,,
OL25915004M,,,by Alexander Dumas,,
OL25200546M,,,by Alexandre Dumas ; introduction by Robert Wilson,,
OL23815492M,,,Alexandre Dumas ; introduction by Marcel Girard.,,
OL50496540M,,,,,Le comte de Montecristo
OL27983054M,,,,fre,Count Of Monte Cristo
OL39825231M,,,"Da zhong ma, huang jie sheng",,
OL27785783M,,,by Alexandre Dumas,,
OL43743175M,,,by Alexander Dumas,,
OL27200683M,,,Arekusandoru Duma saku ; Okada Yoshie henyaku ; Ozuno Yumi e ; Yokoyama Yōko kanshū,,
OL26644533M,,,Alexander Dumas,,
OL24518233M,,,Alexander Dumas,,
OL24474552M,,,Alexandre Dumas,,
OL23648707M,,,Alexandre Dumas ; with an introduction by Umberto Eco ; translation revised by Peter Washington.,,
OL23765660M,,,Alexander Dumas.,,
OL37768090M,Frank Clifford,Translator,,fre,Le comte de Monte-Cristo
OL23371342M,,,"copiously illustrated with elegant pen and ink and wood engravings, specially drawn for this edition by eminent French and American artists.",,
OL39487761M,,,"Da zhong ma, li meng kui",,
OL22943504M,,,Dazhongma zhu.,,
OL22945190M,,,Dazhongma zhu ; [yi zhe Chen Huiling].,,
OL22953088M,,,[Dazhongma zhu].,,
OL22936177M,,,Aleksandr Duma ; [perevod s frant︠s︡uzskogo].,,
OL16483681M,,,"Avec introduction, bibliographie, notes et variantes par Jacques-Henry Bornecque.",,
OL19510584M,,,"Alexandre Dumas ; avec introd., bibliographie, notes et variantes par Jacques-Henry Bornecque.",,
OL19723753M,,,by Alexandre Dumas ; translated by Lowell Blair.,,
OL19975042M,,,by Alexandre Dumas.,,
OL22272903M,,,"de MM. Alexandre Dumas et Auguste Maquet ; musique de MM. Warney, Stoepel et Mangeant ....",,
OL19792496M,,,[by] Alexandre Dumas. Tome 1.,,
OL19222721M,,,Dazhongma zhu ; Qi Xiafei yi.,,
OL22902988M,,,A. Dyuma ; Shinjō Yoshiakira yaku.,,
OL13547056M,,,"A. Di︠u︡ma ; [Oros khėlnėės orchuulsan D. Dash ; Frant︠s︡ ėkhtėĭ nʹ tulgan, zasvarlasaa B. Pu̇rėvbaatar].",,
OL23025893M,,,Alexanđrơ Đuyma.,,
OL19690371M,,,fun Aleksander Dyuma ; iberzetsṭ un bearbayṭ fun Y. Yaffa.,,
OL22873196M,,,fun Aleksander Dyuma ; 'iberzetsṭ un be'arbayṭeṭ fun Y. Yaffa.,,
OL22208160M,,,by Alexandre Dumas.,,
OL13895196M,,,by Alexandre Dumas ; a new translation by Henry L. Williams. Vol.1.,,
OL6543448M,,,par Alexandre Dumas.,,
OL22153906M,,,abridged and annotated by Edgar Ewing Brandon.,,
OL16744207M,,,"[Introd., bibliographie, notes et relevé des variantes, par J.-H. Bornecque",,
OL13757788M,,,Alexandre Dumas ; introduction by Marcel Girard.,,
OL17375969M,,,par Alexandre Dumas.,,
OL23039107M,,,"Arekusandoru Dyuma saku ; Yano Tetsu yaku ; Kin Togen, Shinozaki Mitsuo e.",,
OL22952631M,,,Alejandro Dumas ; prólogo de Mauricio González de la Garza ; [versión de F. Benach].,,
OL3593324M,,,"Alegjāṇḍar Ḍyūmā ; anuvadaṃ, Sūrampūḍi Sītārām.",,
OL20043826M,,,Dumas ; édition présentée et annotée par Gilbert Sigaux.,,
OL22780747M,,,,fre,Le Comte de Monte Cristo
OL17426212M,,,par Alexandre Dumas.,,
OL16189142M,,,with an introduction by Richard Church.,,
OL22454669M,,,by Alexandre Dumas ; with illustrations by Edmund H. Garrett.,,
OL3849174M,,,Dumas ; édition présentée et annotée par Gilbert Sigaux.,,
OL6977704M,,,"by Alexandre Dumas.  With nearly five hundred illustrations from designs by G. Staal, J. A. Beauce, and other eminent French artists.",,
OL22116656M,,,Alexandre Dumas ; simplified and adapted by Jean E. Peyrazat.,,
OL17324586M,,,by Alexandre Dumas.,,
OL18601055M,,,par M. Alexandre Dumas.,,
OL22841129M,,,A. Dumas ; [translated by Yoshiakira Shinjo].,,
OL17296339M,,,Alexandre Dumas.,,
OL21013338M,,,par Alexandre Dumas.,,
OL22100171M,,,by Alexandre Dumas.,,
OL19312221M,,,"avec introduction, bibliographie, notes et variantes par Jacques-Henry Bornecque.",,
OL6051280M,,,Adapted by William Kottmeyer and Elizabeth Toomey; illustrated by Joseph Camana.,,
OL3433046M,,,Alexandre Dumas ; supplementary material written by Margaret Brantley.,,
OL19466265M,,,par Alexandre Dumas.,,
OL17377858M,,,par Alexandre Dumas.,,
OL756833M,,,Alexandre Dumas (père) ; translated and with an introduction and notes by Robin Buss.,,
OL3948012M,,,by Alexandre Dumas ; introduced by Robert Wilson.,,
OL966976M,,,Alexandre Dumas.,,
OL20936696M,,,Alexandre Dumas.,,
OL18849104M,,,Dumas ; édition présentée et annotée par Gilbert Sigaux.,,
OL17296271M,,,Alexandre Dumas ; présenté par Jacques Laurent.,,
OL17230435M,,,Alexandre Dumas ; adaptation de Jacques Marcireau ; illustrations de Jean Retailleau.,,
OL16564068M,,,par Alexandre Dumas.,,
OL17905339M,,,by Alexandre Dumas ; illustrated by Frank T. Merrill.,,
OL14231201M,,,by Alexandre Dumas ; illustrated by Frank T. Merrill.,,
OL20283423M,,,by Alexandre Dumas.,,
OL14629287M,,,by Alexandre Dumas ; illustrated by A.A. Dixon.,,
OL17287615M,,,by Alexandre Dumas.,,
OL22413265M,,,par Alexandre Dumas ; illustré par G. Staal et J.-A. Beaucé.,,
OL22389545M,,,by Alexandre Dumas.,,
OL21176183M,,,Alexandre Dumas ; abridged adaptation by Gunvantray Acharya.,,
OL17454120M,,,by Alexander Dumas.,,
OL17239560M,,,par M. Alexandre Dumas.,,
OL18640767M,,,Alexandre Dumas.,,
OL22413704M,,,by Alexandre Dumas ; with an introduction by André Maurois & many illustrations by Lynd Ward.,,
OL19791821M,,,[by] Alexandre Dumas.,,
OL23140648M,,,Alexandre Dumas ; with a new introduction by Roger Celestin.,,
OL20932277M,,,by Alexandre Dumas ; translated and abridged by Lowell Bair.,,
OL3703020M,Robin Buss,Translator,Alexandre Dumas (père) ; translated and with an introduction and notes by Robin Buss.,,
OL27320252M,,,[Fa] Dazhongma zhu ; Hao yansu yi,,
OL32056988M,,,,fre,Le Comte de Monte-Cristo
OL22982660M,,,Alexandre Dumas ; introduction de François Tallandier.,,
OL23141498M,,,Alexandre Dumas ; edited with an introduction and notes by David Coward.,,
OL20493598M,,,présenté par Jacques Laurent.,,
OL19792525M,,,[by] Alexandre Dumas.,,
OL13981757M,,,"introduction, bibliographie, notes et releve  des variantes par J.-H. Bornecque.",,
OL21325464M,,,par Alexandre Dumas.,,
OL20876371M,,,"avec introduction, bibliographie notes et variantes par Jacques-Henry Bornecque. Tom 2.",,
OL22776807M,,,"avec introd., bibliographie, notes et variantes par Jacques-Henry Bornecque",,
OL17338815M,,,by Alexandre Dumas.,,
OL17322761M,,,by Alexandre Dumas.,,
OL19871312M,,,by Alexandre Dumas.,,
OL19212851M,,,Alexandre Dumas.,,
OL16386015M,,,"[Introd., bibliographie, notes et relevé des variantes, par J. -H. Bornecque.",,
OL6764355M,,,Alexandre Dumas.,,
OL21925913M,,,"Avec introduction, bibliographie, notes et variantes par Jacques-Henry Bornecque.",,
OL17316247M,,,by Alexandre Dumas.,,
OL1185146M,,,édition établie par Claude Schopp.,,
OL13875781M,,,"avec introduction, bibliographie notes et variantes par Jacques-Henry Bornecque. Tom 1.",,
OL16568148M,,,"A. Dumas ; [introduction, bibliographie, notes et relevé des variantes par J.-H. Bornecque]",,
OL17287576M,,,by Alexandre Dumas.,,
OL6775286M,,,par Alexandre Dumas ; abridged and annotated by Edgar Ewing Brandon.,,
OL17237202M,,,par Alexandre Dumas.,,
OL17375905M,,,par Alexandre Dumas.,,
OL7010209M,,,"par Alexandre Dumas ;  l'emprisonnement--l'évasion--la découverte du trésorx; edited with notes, exercises, and vocabulary, by C. Fontaine.",,
OL21920013M,,,by Alexandre Dumas.,,
OL22149945M,,,illus. with drawings on wood by eminent French and American artists.,,
OL20863191M,,,translated by Harendra P. Bhatt.,,
OL19091742M,,,Dumas ; édition présentée et annotée par Gilbert Sigaux.,,
OL19876173M,,,Dumas ; édition presentée et annotée par Gilbert Sigaux.,,
OL5608642M,,,Illustrated by Bill Sokol.,,
OL17237079M,,,A. Dumas ; illustrations de Giu-Pin.,,
OL16785095M,,,"[Introd., bibliographie, notes et relevé des variantes, par J. -H. Bornecque.",,
OL20962017M,,,by Alexandre Dumas.,,
OL13895777M,,,by Alexandre Dumas.,,
OL17504302M,,,by Alexandre Dumas.,,
OL17287587M,,,by Alexandre Dumas.,,
OL17452354M,,,"by Alexandre Dumas ; with twenty illustrations drawn on wood by M. Valentin, and executed by the most eminent English engravers under the superintendence of Mr. Charles Heath.",,
OL15136414M,,,by Emilie Loring.,,
OL60092006M,Xavier González Rovira,Translator,,ita,Seta
OL60092006M,Carlos Gumpert,Translator,,ita,Seta
OL19112111M,,,Alessandro Baricco.,,
OL26332793M,,,Alessandro Barikko ; perevod s ital £i Łanskogo Gennadii Ła Kiseleva,,
OL17944632M,,,Alessandro Baricco ; translated from the Italian by Ann Goldstein.,,
OL24295124M,,,,ita,Seta
OL24961842M,,,Alessandro Baricco. Aus dem Ital. von Karin Krieger,,
OL565447M,,,Alessandro Baricco.,,
OL12741890M,,,,ita,Seta
OL9871227M,,,,ita,Seta
OL24650948M,,,by Susan Fox,,
OL14977281M,,,by Carole Mortimer.,,
OL59254166M,Sara Dž. Mas,Author name as appears on this edition,,eng,Throne of Glass
OL59430909M,,,,eng,Throne of Glass
OL35360360M,Deniz Başkaya,Translator,,eng,Throne of Glass
OL27576042M,,,,eng,Throne of Glass
OL23251706M,,,[by] Emilie Loring.,,
OL46931980M,Ann Goldstein,Translator,,,
OL31911010M,,,Alessandro Baricco,,
OL32595190M,Xavier González Rovira,Translator,,ita,Seta
OL32595190M,Carlos Gumpert,Translator,,ita,Seta
OL18557107M,,,Alessandro Baricco ; Traduit de l'italien par Françoise Brun.,,
OL9439427M,,,,ita,Seta
OL778373M,,,Alessandro Baricco ; translated from the Italian by Guido Waldman.,,
OL22970884M,,,Yalishanzhuo Baruike zhu ; Ye Ziqi yi = Seta / Alessandro Baricco.,ita,Seta
OL26919778M,,,Alessandro Baricco ; traducción de Xavier González Rovira y Carlos Gumpert,,
OL8942367M,,,,ita,Seta
OL9047489M,,,,ita,Seta
OL22455229M,Guido Waldman,Translator,translated from the Italian by Guido Waldman.,ita,Seta
OL24976126M,,,Alessandro Baricco. Aus dem Ital. von Karin Krieger,,
OL61097981M,,,,eng,Roccanti's Marriage Revenge
OL52200994M,Victoria Simó,Translator,,eng,Throne of Glass
OL52200994M,Diego de los Santos,Translator,,eng,Throne of Glass
OL31835573M,,,,eng,Throne of Glass
OL47305816M,,,,eng,Throne of Glass
OL27192325M,甘鎮隴,Translator,Shala J. Masi zhu ; Gan Zhenlong yi = Throne of glass / Sarah J. Maas,eng,Throne of Glass
OL28296175M,,,,eng,Throne of Glass
OL5283116M,,,[by] Emilie Loring.,,
OL5705169M,,,[by] Emilie Loring.,,
OL44872557M,,,Alessandro Baricco,,
OL32212738M,Karin Krieger,Translator,,,Seta
OL25560771M,,,Alessandro Baricco. Aus dem Ital. von Karin Krieger,,
OL22609465M,Karin Krieger,Translator,,ita,Seta
OL9047128M,,,,ita,Seta
OL347981M,,,Alessandro Baricco ; translated from the Italian by Guido Waldman.,,
OL26335584M,,,Alessandro Baricco ; traduccio n de Mario Jursich Dura n.,,
OL19916796M,,,Susan Fox.,,
OL24753440M,,,by Susan Fox,,
OL57796276M,L.C. Lavado,Translator,,eng,Throne of Glass
OL26405454M,,,,eng,Throne of Glass
OL39631019M,Adam Simpson,Illustrator,,,
OL36821481M,Esteban Millán,Illustrator,,,
OL40233722M,Jake Gyllenhaal,Narrator/Reader,,,
OL36345817M,Adam Simpson,Illustrator,,,
OL35164956M,Mo Verbeck,Illustrator,,,
OL34240622M,brotss studio,Editor,,,
OL34211635M,Bryan Hunt,Editor,,,
OL34211635M,A. J. Alexander,Editor,,,
OL17452336M,,,"by Alexandre Dumas ; with twenty illustrations drawn on wood by M. Valentin, and executed by the most eminent English engravers under the superintendence of Mr. Charles Heath.",,
OL17377710M,,,par Alexandre Dumas.,,
OL17471520M,,,by Alexandre Dumas.,,
OL18912004M,,,by Alexandre Dumas. Vol.2.,,
OL22295269M,,,Alexandre Dumas ; edited with an introduction by David Coward.,,
OL3558583M,,,Alexandre Dumas ; introduction by Lorenzo Carcaterra.,,
OL34878060M,Richard S. Hartmetz,Editor,,,
OL17392254M,,,par Alexandre Dumas.,,
OL19009509M,,,"de MM. Alex. Dumas et Aug. Maquet ; musique de M. Varney, Stoepel et Mangeant ; représenté pour la première fois, à Paris, sur le Théatre-Historique, le 3 février 1848 ; première soirée.",,
OL17490276M,,,by Alexandre Dumas.,,
OL17240843M,,,par Alexandre Dumas.,,
OL18911999M,,,by Alexandre Dumas. Vol.1.,,
OL14724319M,,,Dumas ; édition présentée et annotée par Gilbert Sigaux,,
OL34900741M,Francisco Castro,Editor,,,
OL17450632M,,,"by Alexandre Dumas ; with twenty illustrations, drawn on wood by M. Valentin, and executed by the most eminent English engravers under the superintendence of Mr. Charles Heath.",,
OL17450689M,,,by Alexandre Dumas ; with elegant illustrations by M. Valentin.,,
OL17484765M,,,Alexandre Dumas.,,
OL1854920M,,,Alexandre Dumas ; edited with an introduction by David Coward.,,
OL34895453M,Ricardo Martinez,Editor,,,
OL32382021M,Barry,Contributor,,,
OL32005165M,,,Dazhongma zhu ; Jiang Xuemo yi,,
OL6977703M,,,By Alexandre Dumas.,,
OL6297613M,,,par Alexandre Dumas.,,
OL33032904M,,,Aleksandr Di͡uma,,
OL32039355M,Margherita Botto,Translator,,fre,Le Comte de Monte-Cristo
OL32039355M,Michele Mari,Prologue,,fre,Le Comte de Monte-Cristo
OL31020365M,,,by Alexandre Dumas,,
OL31090014M,,,Alexandre Dumas ; introduction by Raymond Canon,,
OL13534545M,,,par Alexandre Dumas ...,,
OL17606635M,,,Alexandre Dumas.,,
OL385044M,,,Alexandre Dumas.,,
OL33009465M,Barry,Contributor,,,
OL32812083M,,,Alexandre Dumas. Übertr. u. bearb. von Edmund Th. Kauer,,
OL31917217M,,,Alexandre Dumas,,
OL30747431M,,,"tʼlyf ʼl-ʻʼlm ʼl-Frʼnsʼwy ʼlyksndr Dwmʼs ; mʻrbhw mn ʼl-lwgh ʼl-Frʼnsʼwyyh, Yʻḳb Šmlh",,
OL28311640M,,,"[fa] Dazhongma zhu ; Li Yumin, Wang Xuewen yi",,
OL6201162M,,,Translated by Lowell Bair.,,
OL4781639M,,,Alexandre Dumas.,,
OL6720087M,,,"[by] Alexandre Dumas, illustrated by Mead Schaeffer.",,
OL6347291M,,,[by] Alexandre Dumas.,,
OL6723733M,,,par Alexandre Dumas; abridged and annotated by Edgar Ewing Brandon and Lawrence Hervey Skinner.,,
OL44319728M,,,,fre,
OL40309800M,Tanya Leslie,Translator,,fre,
OL40294223M,,,,fre,
OL24744465M,,,Penny Jordan,,
OL24374069M,,,Anne Mather,,
OL24950255M,,,Carole Mortimer,,
OL26957766M,,,Helen Hoang,,
OL47231367M,Anselmo G. Delaware,Translator,,eng,Little Women
OL43979082M,,,Ao'erkede zhu ; Wang Hongsheng yi,,
OL43980092M,,,Ao'erkede nu shi ; Xü Baishi bian yi,,
OL43981538M,,,"Louisa May Alcott zhu, Zheng Xiaocang yi",,
OL57716820M,Katja Waldén,Translator,,fre,Passion simple
OL57716820M,Sara R. Acedo,Cover Design,,fre,Passion simple
OL47504619M,Valèria Gaillard,Translator,,fre,
OL47151242M,,,,fre,
OL13279593M,,,,fre,
OL23025219M,,,Annie Ernaux ; traducción de Thomas Kauf.,,
OL3674619M,,,Annie Ernaux ; translated by Tanya Leslie.,,
OL1400893M,Tanya Leslie,Translator,Annie Ernaux ; translated by Tanya Leslie.,fre,
OL17580167M,,,by Penny Jordan.,,
OL17411916M,,,Emma Darcy.,,
OL18051267M,,,Emma Darcy.,,
OL14978851M,,,Carole Mortimer.,,
OL6755673M,,,edited for school use by Cordelia M. Hayes. Illustrated by Lui Trugo.,,
OL6422513M,,,"by Alexandre Dumas, with an introduction by André Maurois & illustrations by Lynd Ward.",,
OL47504620M,Valèria Gaillard,Translator,,fre,
OL13321732M,,,,fre,
OL7775580M,Tanya Leslie,Translator,,fre,
OL1503912M,,,Annie Ernaux.,,
OL22116206M,,,Annie Ernaux.,,
OL18313345M,,,Penny Jordan.,,
OL14975494M,,,by Anne Mather.,,
OL43723716M,,,"(Mei) Ao'erkete zhu ; Zhu Ziqiang zhu bian ; Song Lijun, Song Yingjun yi",,
OL43978989M,,,Maya'erkete zhu ; Zhang Dong yi,,
OL43981419M,,,Ya'erkede zhu ; Yang Zhenhua yi,,
OL40296213M,,,"[Louisa May Alcott; cómic, Francisco Moreno; traducción, E.M.; ilustraciones, José Manuel Hurtado]",,
OL49144068M,cristian lopez,Editor,,,
OL48791662M,Ricardo Abraham,Translator,,,
OL47117378M,Benjamin Briggent,Translator,,,
OL36509185M,Juan Leita,Introduction,,,
OL45013999M,,,by Louisa M. Alcott ; with ill. in color by Jessie Willcox Smith,,
OL45092517M,,,by Louisa M. Alcott,,
OL44525791M,,,L.M. Orukotto cho ; Nakamura Sakiko yaku,,
OL41897754M,sujata Biswas,Illustrator,,,
OL40575813M,Monty,Illustrator,,,
OL45013985M,,,by Louisa M. Alcott,,
OL45013998M,,,With illustrations,,
OL40532390M,Andronum,Cover Art,,,
OL40290447M,Jessie Willcox Smith,Illustrator,,,
OL32155816M,,,(mei) ao mi ke te zhu ; jin xiao fei yi,,
OL31984137M,,,"Ao er ke te, wang xu chuan, wang ruo fan",,
OL28157744M,Rebecca K. Reynolds,Narrator,,,
OL35326885M,,,Louisa May Alcott ; ouvrage publ. sous la dir. de Thierry Lefèvre,,
OL36325993M,Owen Smit,Editor,,,
OL36328124M,Dainy d. Angeles,Editor,,,
OL36316126M,Thea Kliros,Illustrator,,,
OL36330133M,Roderis Escalona,Translator,,,
OL36331806M,Alessia Rossi,Editor,,,
OL36319552M,Ricardo Martinez,Editor,,,
OL36323769M,Sheba Blake,Editor,,,
OL36320508M,Francisco Castro,Editor,,,
OL36319438M,Ravell,Editor,,,
OL36319443M,Yasmira Cedeno,Editor,,,
OL36318168M,Natalie Montoto,Editor,,,
OL36318167M,Maxim Montoto,Editor,,,
OL30153640M,,,Francis Scott Fitzgerald ; nouvelle traduction de l'anglais par Jean-François Merle,,
OL27889763M,,,Fulangxisi Sigete Feicijielade zhu ; Li Jihong yi,,
OL12667383M,Hanne Bitsch Hansen,Editor,,,
OL26500820M,,,,eng,The Great Gatsby
OL26495854M,,,,eng,The Great Gatsby
OL26495826M,,,,eng,The Great Gatsby
OL26495418M,,,,eng,The Great Gatsby
OL26495507M,,,,eng,The Great Gatsby
OL26495447M,,,,eng,The Great Gatsby
OL26495391M,,,,eng,The Great Gatsby
OL26495444M,,,,eng,The Great Gatsby
OL26495390M,,,,eng,The Great Gatsby
OL26495467M,Jacek Dehnel,Translator,,eng,The Great Gatsby
OL26148702M,William Hope,Narrator,,,
OL26495307M,Lutz-W. Wolff,Translator,,,
OL26495311M,,,,eng,The Great Gatsby
OL9786099M,E. Piñas,Translator,,eng,The Great Gatsby
OL41922558M,sujata Biswas,Illustrator,,,
OL26495850M,,,,eng,The Great Gatsby
OL26496237M,"James L. W. West, III",Editor,,,
OL26496237M,Don C. Skemer,Editor,,,
OL9597728M,,,,eng,The Great Gatsby
OL8122319M,Matthew J Bruccoli,Introduction,,,
OL26495396M,,,,eng,The Great Gatsby
OL26495428M,Susan Janssen,Translator,,eng,The Great Gatsby
OL26495313M,Guy Reynolds,Introduction,,,
OL26495320M,,,,eng,The Great Gatsby
OL26495788M,,,,eng,The Great Gatsby
OL26495403M,,,,eng,The Great Gatsby
OL26495504M,,,,eng,The Great Gatsby
OL26495495M,Cristina Cupertino,Translator,,eng,The Great Gatsby
OL26495305M,,,,eng,The Great Gatsby
OL9562456M,,,,eng,The Great Gatsby
OL28059721M,Iain Bailey,Introduction,,,
OL27141759M,,,Shikaote Feizijieluo zhu ; Wang Shengfen yi =,,
OL26495834M,,,,eng,The Great Gatsby
OL9149960M,,,,eng,The Great Gatsby
OL26496240M,,,,eng,The Great Gatsby
OL26398085M,,,,eng,The Great Gatsby
OL24499014M,Charles Scribner III,Introduction,F. Scott Fitzgerald ; with an introduction by Charles Scribner III and illustrations by Fred Meyer,,
OL24499014M,Fred Meyer,Illustrator,F. Scott Fitzgerald ; with an introduction by Charles Scribner III and illustrations by Fred Meyer,,
OL26385040M,,,,eng,The Great Gatsby
OL26496250M,,,,eng,The Great Gatsby
OL26495498M,,,,eng,The Great Gatsby
OL26495314M,,,,eng,The Great Gatsby
OL26495442M,Ferruccio Russo,Translator,,eng,The Great Gatsby
OL26495387M,,,,eng,The Great Gatsby
OL26495508M,,,,eng,The Great Gatsby
OL26495463M,Humberto Guedes,Translator,,eng,The Great Gatsby
OL26495434M,Humberto Guedes,Translator,,eng,The Great Gatsby
OL26495479M,Melina Marchetta,Introduction,,,
OL26495392M,Michel Laporte,Translator,,,
OL26495321M,Bettina Abarbanell,Translator,,eng,The Great Gatsby
OL26495321M,Paul Ingendaay,Afterword,,eng,The Great Gatsby
OL26492721M,Tony Tanner,Introduction,,,
OL26495298M,Franca Cavagnoli,Translator,,eng,The Great Gatsby
OL26492266M,Jaques Tournier,Translator,,eng,The Great Gatsby
OL36305946M,Richard S. Hartmetz,Editor,,,
OL36315745M,Rafael Sanchez Juarez,Editor,,,
OL36316041M,Raul Bracho,Translator,,,
OL36309856M,Murat Ukray,Editor,,,
OL36305928M,Alex Struik,Illustrator,,,
OL1112055M,,,by Louisa May Alcott ; with illustrations by W.E. Webster.,,
OL16657159M,,,by Louisa May Alcott.,,
OL21516677M,,,Louisa M. Alcott ; introd. by Grace Rhys.,,
OL7150341M,,,by Louisa M. Alcott.,,
OL7092213M,,,by Louisa M. Alcott ; with more than 200 illutrations by Frank T. Merrill and a picture of the home of the little women by Edmund H. Garrett.,,
OL6510728M,,,Illustrated by Louis Jambor.,,
OL13539958M,,,by Louisa M. Alcott. Illustrated by Hilda van Stockum. With an introduction by May Lamberton Becker.,,
OL1078507M,,,Louisa May Alcott ; edited with an introduction by Valerie Alderson.,,
OL1000547M,,,Louisa May Alcott ; adapted by Bob Blaisdell ; illustrated by Thea Kliros.,,
OL29797720M,Roderis Escalona,Translator,,,
OL36334821M,S. R. P.,Editor,,,
OL36333005M,Success Oceo,Editor,,,
OL7026067M,,,by Louisa M. Alcott ; with illustrations in colour by Jesse Willcox Smith.,,
OL25071888M,,,by Louisa M. Alcott ; illustrated by Alice Barber Stephens,,
OL24067093M,,,Louisa M. Alcott ; with illustrations.,,
OL24056369M,,,by Louisa M. Alcott ; with illustrations.,,
OL5857934M,,,Louisa May Alcott. Illustrated by Kevin McIntyre.,,
OL32119503M,,,"Louisa May Alcott ; illustrations de Frank T. Merill, couverture de Philippe Munch",,
OL32119502M,,,Louisa May Alcott ; trad. de l'anglais ... par Maud Godoc,,
OL23949090M,,,Louisa May Alcott ; supplementary materials written by Patrick Walsh.,,
OL24056346M,,,by Louisa M. Alcott.,,
OL32769406M,"Kljaić, Petra",Translator,,,Little women
OL32769406M,"Radmilo, Tatjana",Translator,,,Little women
OL32769406M,"Škarica, Irena",Translator,,,Little women
OL32769406M,"Hajdinjak, Marsela",Illustrator,,,Little women
OL32119505M,,,Louisa May Alcott ; traduction nouvelle d'Anna Joba ; couverture et illustrations de Akos Szabo,,
OL27135565M,,,Luyisha Mei Aokete zhu ; Yan Xiangru yi,,
OL35725893M,,,Louisa May Alcott,,
OL32358939M,,,Louisa May Alcott,,
OL30098545M,,,Louisa May Alcott,,
OL29201244M,,,Louisa M. Alcott ; illustrations by Carole Gray,,
OL31884614M,,,by Louisa M. Alcott,,
OL37801901M,,,Louisa May Alcott,,
OL27177914M,,,Alcott Louisa May saku ; Naitō Fumiko yaku ; Kotone Ranmaru e.,,
OL26482308M,,,Louise M. Alcott,,
OL35658499M,,,Louisa May Alcott,,
OL26968248M,,,Louisa May Alcott,,
OL22791645M,,,Louisa May Alcott.,,
OL37869052M,,,Louisa May Alcott ; introduzione di Berenice ; [traduzione di Anna Maria Speckel],,
OL27071487M,,,Louisa May Alcott ; [edited by Philip M. Parker],,
OL26646688M,,,Louisa May Alcott,,
OL24381144M,,,"[created by the Reader's Digest Association, Inc.] ; illustrated by Mark English",,
OL28316910M,,,Louisa May Alcott,,
OL26882902M,,,Louisa May Alcott ; cover illustration by Anna Bond,,
OL26342908M,,,by Louisa May Alcott ; illustrated by David K. Stone,,
OL22829667M,,,by Louisa M. Alcott ; illustrated by Judith Cheng.,,
OL6497376M,,,by Louisa M. Alcott; illustrations by Elinore Blaisdell.,,
OL3294538M,,,Louisa May Alcott ; illustrated by Scott McKowen.,,
OL2410127M,,,Louisa May Alcott.,,
OL23181400M,,,Louisa May Alcott ; edited with an introduction and notes by Valerie Alderson.,,
OL28023016M,,,By Louisa May Alcott.,,
OL22975894M,,,Louisa M. Alcott ; introduction by Grace Rhys.,,
OL3560066M,,,Louisa May Alcott ; illustrated in color by Jessie Willcox Smith and in black and white by Frank T. Merrill.,,
OL2379633M,,,by Louisa May Alcott ; illustrated by Michael Adams.,,
OL6792105M,,,Louisa May Alcott.,,
OL6691779M,,,by Louisa M. Alcott; with an introduction by Katherine Morse.,,
OL4269842M,,,by Louisa M. Alcott ; illustrated by Judith Cheng.,,
OL24501624M,,,Louisa May Alcott,,
OL3314870M,,,Louisa May Alcott.,,
OL23045828M,,,A'erkete zhu ; Li Shuzhen bian yi.,,
OL3944170M,,,by Louisa May Alcott ; illustrated by Trina Schart Hyman ; afterword by Peter Glassman.,,
OL3159166M,,,Louisa M. Alcott ; introduction by Madelon Bedell.,,
OL2408199M,,,Louisa May Alcott ; illustrated by Derek James.,,
OL2873537M,,,Louisa May Alcott ; paintings by Hodges Soileau ; line drawings by Louis Jambor ; afterword by Robin Bromley.,,
OL6510725M,,,Illustrated by Louis Jambor.,,
OL6690529M,,,by Louisa M. Alcott; edited by Albert Lindsay Rowland ... illustrated by Clara M. Burd.,,
OL22456072M,,,Louisa M. Alcott ; adapted by Robin Waterfield.,,
OL22834661M,,,Louisa May Alcott.,,
OL47851M,,,Louisa May Alcott.,,
OL2044927M,,,Louisa May Alcott ; edited with an introduction by Elaine Showalter and with notes by Siobhan Kilfeather and Vinca Showalter.,,
OL22365630M,,,Louisa M. Alcott / illustrated by Shirley Hughes.,,
OL13442560M,,,Part second. With illustrations.,,
OL13442617M,,,Part first. With illustrations.,,
OL16861974M,,,by Louisa M. Alcott ; parts I and II,,
OL6309792M,,,by Louisa M. Alcott; with illustrations in color by Jessie Wilcox Smith.,,
OL3690687M,,,Louisa May Alcott ; with a new afterword by Susan Straight.,,
OL3969756M,,,Louisa May Alcott ; edited by Anne Hiebert Alton.,,
OL23060972M,,,Luyisha Mei Ao'erkete zhu ; Chen Linxiu yi.,,
OL6070857M,,,illustrated by Albert De Mee Jousset.,,
OL3687085M,,,Louisa May Alcott ; edited by Kathryn Lindskoog ; illustrated by Barbara Chitouras.,,
OL1547941M,,,Louisa May Alcott ; edited and abridged by Kathryn Lindskoog ; illustrated by Barbara Chitouras.,,
OL30727487M,,,Louisa May Alcott ; introduction and notes by Stacy Carson Hubbard,,
OL35132452M,cristian lopez,Editor,,,
OL6277392M,,,[by] Louisa May Alcott; illustrated in color by Harvé Stein.,,
OL1125977M,,,Louisa May Alcott.,,
OL22802211M,,,Louisa May Alcott ; illustrated by Dinah Dryhurst.,,
OL6074215M,,,by Louisa May Alcott ; illustrated by Reisie Lonette ; abridged for modern reading.,,
OL22789061M,,,L.M. Alcott.,,
OL13442562M,,,Part second. With illustrations.,,
OL17730527M,,,by Louisa M. Alcott ; with more than 200 illutrations by Frank T. Merrill and a picture of the home of the little women by Edmund H. Garrett.,,
OL13442879M,,,by Louisa M. Alcott ; with more than 200 illustrations by Frank T. Merrill and a picture of the home of the little women by Edmund H. Garrett.,,
OL17780476M,,,by Louisa M. Alcott ...,,
OL23089849M,,,L. M. Ao'erkete zhu ; Yang Yuniang yi.,,
OL22952180M,,,A'erkete zhu ;  Shu hua bian ji bu yi.,,
OL6697163M,,,by Louisa May Alcott; illustrated by Frances Brundage.,,
OL23159823M,,,Louisa May Alcott ; introduced by Louise Rennison.,,
OL6175953M,,,Illustrated by Barbara Cooney.,,
OL17620094M,,,by Louisa M. Alcott ; with illustrations.,,
OL22818630M,,,Louisa Alcott.,,
OL27917938M,/languages/eng,Illustrator,,,
OL4716509M,,,Louisa M. Alcott ; ill. by Jenny Thorne.,,
OL22822525M,,,Louisa M. Alcott ; introduction by Grace Rhys.,,
OL22950701M,,,Ao'erkete zhu ; Yang Yuniang yi.,,
OL22839813M,,,Louisa M. Alcott.,,
OL1445575M,,,by L.M. Alcott ; adapted by Lesley Young ; illustrated by Harold Copping.,,
OL23629181M,,,Louisa May Alcott.,,
OL13442616M,,,With illustrations.,,
OL18113091M,,,by Louisa M. Alcott ; with illustrations,,
OL23335391M,,,by Louisa M. Alcott; with illustrations in color by Jessie Willcox Smith.,,
OL13545383M,,,"[by] Louisa May Alcott, illustrated by Louis Jambor ...",,
OL17782274M,,,Illustrated by Reisie Lonette.,,
OL5601318M,,,Illustrated with 8 drawings & 8 colourplates by S. Van Abbé.,,
OL19717903M,,,Louisa M. Alcott ; drawings by Dodie Masterman,,
OL17722275M,,,by Louisa May Alcott ; with an introd. by Edward Weeks and illus. by Henry C. Pitz.,,
OL5216278M,,,Illustrated by Tasha Tudor.,,
OL704421M,,,Louisa May Alcott ; illustrations by Jame's Prunier.,,
OL30571157M,Benjamin Briggent,Translator,,,
OL25661826M,Almudena Lería,Translator,,eng,Little Women
OL25661826M,Pilar Miró,Prologue,,eng,Little Women
OL25661826M,Constantino Bértolo Cadenas,Appendix,,eng,Little Women
OL25661826M,Violeta Monreal,Illustrator,,eng,Little Women
OL22142333M,,,Louisa May Alcott,,
OL23764960M,,,by Louisa May Alcott ; illustrated with drawings and eight color plates by S. Van Abbe.,,
OL5613156M,,,With a new introd. by Cornelia Meigs. Illus. in color by Jessie Willcox Smith.,,
OL22898875M,,,Louisa M. Alcott.,,
OL22324740M,,,Illustrated with 8 drawings and 8 colour-plates by S. Van Abbé.,,
OL4158264M,,,Louisa May Alcott ; illustrated by Chris Duke.,,
OL3120771M,,,Louisa May Alcott ; illustrated by Robert Heindel.,,
OL22943287M,,,by L.M. Alcott ; Luo Wanci yi zhu.,,
OL13548776M,,,"Louisa May Alcott, with an afterword by Lois Duncan.",,
OL6786181M,,,Louisa May Alcott.,,
OL23706117M,,,Louisa May Alcott ; with an introduction by Paula Danzinger.,,
OL20940410M,,,Louisa May Alcott.,,
OL32121526M,,,by Louisa May Alcott; illustrated by Frances Brundage,,
OL26911432M,,,Ao'erkete zhu,,
OL5876913M,,,Illus. by Anna Marie Magagna.,,
OL22988288M,,,Luisa M. Alcott ; ilustraciones de Andrés Ituarte ; [traducción de Berta de Tabbush.,,
OL23251206M,,,With a new introd. by Cornelia Meigs. Illus. in color by Jessie Willcox Smith.,,
OL22943498M,,,Ao'erkete zhu.,,
OL32121520M,,,Louisa May Alcott,,
OL37049243M,,,lu yi sha.ao ke te(Louisa May Alcott) zhu ; liang yun tang yi,,
OL26336049M,,,Louisa May Alcott ; illustrated by Kevin McIntyre,,
OL27117181M,,,Luiza Olkott ; perevod s angliĭskogo Antona Ivanova i Anny Ustinovoĭ ; [khudozhnik A. Vlasova],,
OL26646723M,,,Louisa M. Alcott,,
OL26422917M,,,Orukotto,eng,Little Women
OL22789501M,,,by Louisa M. Alcott.,,
OL27193083M,,,Louisa May Alcott ; edited with an introduction and notes by John Matteson,,
OL25066533M,,,by Louisa May Alcott,,
OL36066052M,cristian lopez,Editor,,,
OL26452435M,,,Luisa May Alcott,,
OL23045645M,,,Olkʻotʻŭ chiŭm ; [Hong Sŭng-hŭi omgim].,,
OL33187273M,,,by Louisa M. Alcott ; with illustrations,,
OL27126728M,,,Louisa M. Alcott,,
OL26336920M,,,Louisa M. Alcott,,
OL27071488M,,,Louisa May Alcott ; [edited by Philip M. Parker],,
OL26882396M,,,by Louisa M. Alcott ...,,
OL21876122M,,,Louisa M. Alcott.,,
OL26495301M,Gert Heidenreich,Narrator,,eng,The Great Gatsby
OL13364402M,E. Piñas,Translator,,eng,The Great Gatsby
OL26492722M,Fernanda Pivano,Translator,,eng,The Great Gatsby
OL26495296M,Walter Mauro,Introduction,,eng,The Great Gatsby
OL26495296M,Bruno Armando,Translator,,eng,The Great Gatsby
OL26495306M,Vanessa Barbara,Translator,,eng,The Great Gatsby
OL26495306M,Tony Tanner,Introduction,,eng,The Great Gatsby
OL20310099M,Victor Liona,Translator,"F. Scott Fitzgerald ; préfaces de Antoine Blondin, Bernad Frank, J.-F. Revel ; traduction de l'anglais par Victor Liona.",eng,The Great Gatsby
OL26491478M,,,,eng,The Great Gatsby
OL8887241M,,,,eng,The Great Gatsby
OL2642927M,Michael Graves,Illustrator,by F. Scott Fitzgerald ; illustrated by Michael Graves.,,
OL22813571M,Hanne Bitsch Hansen,Editor,edited by Hanne Bitsch Hansen ; illustrations by Lene Hahne.,,
OL22813571M,Lene Hahne,Illustrator,edited by Hanne Bitsch Hansen ; illustrations by Lene Hahne.,,
OL16208509M,Matthew J. Bruccoli,Introduction,Edited with an introd. by Matthew J. Bruccoli.,,
OL21495357M,,,by F. Scott Fitzgerald.,,
OL21950192M,Matthew J. Bruccoli,Editor,a facsimile of the manuscript. Edited with an introd. by Matthew J. Bruccoli.,,
OL3100546M,Chuck Wilkinson,Illustrator,F. Scott Fitzgerald ; illustrated by Chuck Wilkinson.,,
OL22385874M,,,(by) F. Scott Fitzgerald.,,
OL26495294M,Julie Wolkenstein,Translator,,,
OL26492261M,Bettina Abarbanell,Translator,,eng,The Great Gatsby
OL26492261M,Paul Ingendaay,Afterword,,eng,The Great Gatsby
OL9561680M,,,,eng,The Great Gatsby
OL9131171M,,,,eng,The Great Gatsby
OL9602907M,,,,eng,The Great Gatsby
OL26491447M,Matthew J. Bruccoli,Editor,,,
OL26492219M,Tony Tanner,Introduction,,,
OL7961329M,Matthew J. Bruccoli,Editor,,,
OL26491081M,Barbara Fox,Illustrator,,,
OL17778265M,,,[by] F. Scott Fitzgerald.,,
OL26491065M,Lionel Trilling,Introduction,,,
OL1702310M,,,F. Scott Fitzgerald.,,
OL26441922M,William Hope,Narrator,,,
OL22779357M,,,commentary and notes by J. F. Wyatt.,,
OL40234118M,,,,eng,The Great Gatsby
OL42653108M,Victor Llona,Translator,,,
OL61612901M,F. Scott Fitzgerald,Author name as appears on this edition,,,
OL35096303M,Roberta Bordone,Illustrator,,,
OL26495304M,Kai Kilian,Translator,,eng,The Great Gatsby
OL13325228M,,,,eng,The Great Gatsby
OL26492263M,Michael Nowlin,Editor,,,
OL25909222M,,,,eng,The Great Gatsby
OL26491089M,Frank Muller,Narrator,,,
OL13187039M,,,,eng,The Great Gatsby
OL8886656M,,,,eng,The Great Gatsby
OL10686768M,Matthew J Bruccoli,Editor,,,
OL9571885M,,,,eng,The Great Gatsby
OL17721696M,,,by F. Scott Fitzgerald.,,
OL23106911M,,,Sukotto Fittsujerarudo ; Murakami Haruki yaku.,eng,The Great Gatsby
OL1405913M,,,F. Scott Fitzgerald.,,
OL22957063M,,,Fuittsujerarudo ; Nozaki Takashi yaku.,eng,The Great Gatsby
OL31938150M,Walter Schürenberg,Translator,,eng,The Great Gatsby
OL24047465M,,,Louisa May Alcott ; supplementary materials written by Patrick Walsh.,,
OL22605664M,,,Louisa M. Alcott.,,
OL13874840M,,,Louisa M Alcott .,,
OL13929508M,,,by Louisa M. Alcott.,,
OL22706915M,,,Louisa M. Alcott.,,
OL22569184M,,,Louisa M. Alcott ; illustrated by Shirley Hughes.,,
OL22832018M,,,Louisa M. Alcott.,,
OL24620928M,,,Louisa May Alcott ; illustrated by Jessie Willcox Smith and Frank T. Merrill,,
OL23067901M,,,Sin Sang-chʻŏl omgim.,,
OL13918995M,,,Niocla s To ibi n d'aistrigh.,,
OL13666364M,,,by Louisa M. Alcott ; with illustrations by Jessie T. Mitchell.,,
OL20299618M,,,by Louisa M. Alcott.,,
OL22705144M,,,Louisa M. Alcott.,,
OL22780967M,,,Louisa M. Alcott ; introduction by Grace Rhys.,,
OL22856506M,,,Louise (sic) M. Alcott.,,
OL22811325M,,,Louisa M. Alcott ; illustrated by Nick Harris ; with line drawing by Sally Kindberg.,,
OL22775200M,,,Louisa M. Alcott.,,
OL22775234M,,,Louisa M. Alcott.,,
OL20889675M,,,Louisa M.Alcott ; paa dansk ved Ellen Kirk.,,
OL25484716M,,,by Louisa M. Alcott,,
OL22581628M,,,illustrated... by S. van Abbé.,,
OL22786640M,,,by Louisa May Alcott ; with an afterword by Nina Auerbach.,,
OL22789037M,,,by Louisa M. Alcott.,,
OL22827166M,,,Louisa May Alcott ; abridgement by Barbara Greenwood ;  illustrations by Greg Ruhl.,,
OL22812031M,,,by Louisa May Alcott.,,
OL22724412M,,,Louisa M. Alcott ; retold by John Kennett.,,
OL22720232M,,,Louisa M. Alcott ; abridged by Viola Huggins.,,
OL1175196M,,,by Louisa May Alcott ; illustrated by May Alcott.,,
OL17639917M,,,by Louisa M. Alcott.,,
OL17639098M,,,"by Louisa M. Alcott, part first and part second, edited with an introduction, notes and study helps by Francis Lester Warner ...",,
OL1093073M,,,by Louisa May Alcott ; with an introduction by Anna Quindlen.,,
OL13539957M,,,by Louisa M. Alcott ; with illustrations in color by Jessie Willcox Smith.,,
OL5597013M,,,With an introd. by Edward Weeks and illus. by Henry C. Pitz.,,
OL25129264M,,,by Louisa M. Alcott,,
OL7060579M,,,by Louisa M. Alcott ; illustrated by May Alcott.,,
OL2739278M,,,by Louisa May Alcott ; color illustrations by Jessie Willcox Smith and drawings by Frank T. Merrill.,,
OL1082277M,,,Louisa May Alcott; with illustrations by M.E. Gray.,,
OL17909377M,,,by Louisa M. Alcott.,,
OL17204953M,,,by Louisa M. Alcott,,
OL1410229M,,,Louisa May Alcott ; illustrated by Michael Hague.,,
OL24766795M,,,Christine Monson,,
OL16889899M,,,"by Louisa M. Alcott ... With more than 200 illustrations by Frank T. Merrill and a picture of the home of the Little women, by Edmund H. Garrett",,
OL3688152M,,,"Louisa M. Alcott ; edited by Anne K. Phillips, Gregory Eiselein.",,
OL660817M,,,by Louisa M. Alcott ; with an introduction and afterword by Joe L. Wheeler.,,
OL6805974M,,,by Louisa M. Alcott ; parts I and II with illustrations.,,
OL36968671M,Barry,Contributor,,,
OL24967698M,,,by Betty Neels,,
OL14977156M,,,by Betty Neels.,,
OL14908235M,,,Johanna Lindsey.,,
OL975749M,,,Johanna Lindsey.,,
OL24948511M,,,Johanna Lindsey,,
OL1094654M,,,Julie Garwood.,,
OL28272090M,,,Carole Mortimer,,
OL28049722M,,,,eng,The Bride Test
OL17413527M,,,Michelle Reid.,,
OL23735936M,,,by Johanna Lindsey.,,
OL1013302M,,,Johanna Lindsey.,,
OL15088411M,,,Johanna Lindsey.,,
OL22926514M,,,"Johanna Lindsey ; [traducción, Alicia Steimberg].",,
OL1211953M,,,Julie Garwood.,,
OL24217305M,,,Julie Garwood.,,
OL23008478M,,,yuan zhu zhe Zhuli Jiawude ; yi zhe Li Xiwei.,,
OL38344800M,,,,eng,Passionate Scandal
OL22984309M,,,Dzhuliíà Garvud ; [perevod s angliĭskogo M.D. Timm.].,,
OL14977517M,,,by Margaret Way.,,
OL20500695M,,,Margaret Way.,,
OL14978932M,,,by Anne Mather.,,
OL14976319M,,,by Anne Mather.,,
OL17196749M,,,Susan Napier.,,
OL48118504M,甘鎮隴,Translator,,eng,Tower of Dawn
OL28894066M,,,,eng,Tower of Dawn
OL26937784M,,,Sarah J. Maas,,
OL48258298M,Monica Alonso,Translator,,,
OL48286240M,Monica Alonso,Translator,,,
OL48236774M,Jose perez,Translator,,,
OL47117638M,Benjamin Briggent,Translator,,,
OL14978348M,,,by Betty Neels.,,
OL26450465M,,,,eng,Tower of Dawn
OL47106084M,Miguel Temprano García,Translator,,,
OL47069627M,,,"produced & directed by Kim Evans ; written & adapted by Kim Evans, Gillian Greenwood ; a LWT production in association with RM Arts and Radio Telefis Eireann",,
OL40574089M,Jan Oliveira,Editor,,,
OL24937073M,,,by Betty Neels,,
OL47669714M,Guiomar Manso de Zúñiga,Translator,,eng,Tower of Dawn
OL26803666M,Michaela Link,Translator,,eng,Tower of Dawn
OL26926594M,,,Sarah J. Maas,,
OL48350344M,Jose perez,Translator,,,
OL48243334M,Jose perez,Translator,,,
OL48236484M,Monica Alonso,Translator,,,
OL47106083M,Miguel Temprano García,Translator,,,
OL37690257M,Kevin Theis,Editor,,,
OL27135655M,,,Weijiniya Wu'erfu ; yi zhe Shi Lanting,,
OL24968504M,,,Virginia Woolf,,
OL20043589M,,,Ubertr. von Th. Mutzenbecher.,,
OL48981734M,Sheila Koerich,Translator,,,
OL24975815M,,,Virginia Woolf,,
OL22204892M,,,Traduit de l'anglais par S. David. Préface de André Maurois,,
OL26177171M,Elaine Showalter,Editor,,,
OL26177171M,Stella McNichol,Editor,,,
OL41044056M,Jan Oliveira,Editor,,,
OL42358581M,Monica Alonso,Translator,,,
OL43756573M,,,[by] Virginia Woolf,,
OL32229761M,,,,eng,Mrs. Dalloway
OL31976995M,,,,eng,Mrs. Dalloway
OL22920341M,,,Weiqinniya Wu'erfu zhu ; Kong Fanyun deng yi.,,
OL22719382M,,,Virginia Woolf ; retold by J.Y.K. Kerr.,,
OL21256494M,,,Virginia Woolf.,,
OL1477555M,,,Virginia Woolf ; edited by G. Patton Wright.,,
OL17780890M,,,Virgínia Woolf ; traduçao de Mário Quintana ; revista para portugal por A. Vieira d'Areia.,,
OL20080912M,,,Virginia Woolf ; edited by Morris Beja.,,
OL23274338M,,,Virginia Woolf.,,
OL15537295M,,,Virginia Woolf ; foreword by Maureen Howard.,,
OL17992719M,,,Virginia Woolf ; traduccio de C. A. Jordana.,,
OL19592194M,,,by Virginia Woolf.,,
OL19435770M,,,Virginia Woolf ; traduzione e cura di Nadia Fusini.,,
OL22633463M,,,Virginia Woolf ; oversatt fra engelsk av Kari Risvik ; etterord av Britt Andersen.,,
OL13902136M,,,Virginia Woolf.,,
OL2228137M,,,Virginia Woolf ; foreword by Maureen Howard.,,
OL22427052M,,,Virginia Woolf.,,
OL22739104M,,,Virginia Woolf.,,
OL17779158M,,,Virginia Woolf.,,
OL22636590M,,,Virginia Woolf ; edición de María Lozano ; traducción de Mariano Baselga.,,
OL22515452M,,,Virginia Woolf ; foreword by Maureen Howard.,,
OL20845218M,,,Virginia Woolf ; edited by G. Patton Wright.,,
OL16836359M,,,"Virginia Woolf ; Sun Liang, Su Mei, Chʻü Shih-ching i.",,
OL22830595M,,,by Virginia Woolf.,,
OL16627861M,,,"by Virginia Woolf, introduction by Virginia Woolf",,
OL14243215M,,,Virginia Woolf ; übertragen von Th. Mutzenbecher.,,
OL17596308M,,,Virginia Woolf.,,
OL14460733M,,,Virginia Woolf ; Suomentanut Kyllikki Hämäläinen ; Johdannon kirjoittanut Irma Rantavaara.,,
OL22489724M,,,Virginia Woolf ; Deutsch von Walter Boehlich.,,
OL19845827M,,,Virginia Woolf.,,
OL17780032M,,,Virginia Woolf ; paa dansk ved Ove Brusendorff.,,
OL1745001M,,,Virginia Woolf.,,
OL22489725M,,,Virginia Woolf ; herausgegeben und kommentiert von Klaus Reichert ; Deutsche von Walter Boehlich.,,
OL17759237M,,,by Virginia Woolf.,,
OL20065543M,,,Virginia Woolf.,,
OL21595927M,,,Virginia Woolf ; traduzione e cura di Nadia Fusini.,,
OL17338637M,,,Virginia Woolf.,,
OL16523231M,,,by Virginia Woolf,,
OL20348261M,,,Virginia Woolf ; con prólogo de Mario Vargas Llosa y semblanza biográfica de Marta Pessarrodona.,,
OL20965611M,,,Virginia Woolf.,,
OL3025092M,,,Virginia Woolf.,,
OL14657815M,,,Virginia Woolf ; aus dem Englischen von Herberth E. und Marlys Herlitschka.,,
OL22463308M,,,by Virginia Woolf.,,
OL17770891M,,,by Virginia Woolf.,,
OL21860371M,,,Virginia Woolfová.,,
OL980076M,,,Virginia Woolf.,,
OL17721663M,,,by Virginia Woolf.,,
OL17779159M,,,Virginia Woolf.,,
OL23763556M,,,by Virginia Woolf.,,
OL17781034M,,,"by Virginia Woolf ; with introduction and notes by Tetsuo Shibatu, Yasuo Yoshida.",,
OL18017294M,,,by Virginia Woolf ; translated by Rina Litwin.,,
OL21470206M,,,Virginia Woolf ; traducción de Ernesto Palacio.,,
OL3393300M,,,Virginia Woolf.,,
OL22131222M,,,Virginia Woolf.,,
OL22467256M,,,Virginia Woolf ; roman traduit de l'anglais par Pascale Michon ; préface de André Maurois ; introduction de Pierre Nordon.,,
OL18580583M,,,traduzione di Alessandra Scalero.,,
OL19845774M,,,by Virginia Woolf.,,
OL21348916M,,,Virginia Woolf.,,
OL22348301M,,,Virginia Woolf.,,
OL19618592M,,,Virginia Woolf ; aus dem Englischen übersetzt von Walter Boehlich ; Nachwort von Sibylle Lewitscharoff.,,
OL17806671M,,,by Virginia Woolf.,,
OL17781906M,,,Virginia Woolf.,,
OL22330454M,,,Virginia Woolf ; herausgegeben und kommentiert von Klaus Reichert ; deutsch von Walter Boehlich.,,
OL16800720M,,,Virginia Woolf ; übertragen von Th. Mutzenbecher.,,
OL19656988M,,,Virginia Woolfová.,,
OL22824423M,,,Virginia Woolf.,,
OL17728443M,,,by Virginia Woolf.,,
OL18543321M,,,Virdz̆inija Vulf ; [s engleskog prevela Milica Mihajlović].,,
OL20768398M,,,Virginia Woolf ; fordította Tandori Dezsö.,,
OL22592972M,,,Virginia Woolf ; complete and unabridged with introduction and notes.,,
OL22447766M,,,Virginia Woolf ; edited with an introduction and notes by Claire Tomalin.,,
OL17781384M,,,Virginia Woolf ; roman traduit de l'anglais par S. David ; préface de André Maurois.,,
OL2750444M,,,Virginia Woolf ; foreword by Maureen Howard.,,
OL16269208M,,,Virginia Woolf ; foreword by Maureen Howard,,
OL2204937M,,,Virginia Woolf.,,
OL22749875M,,,Virginia Woolf ; traducció de C. A. Jordana.,,
OL20051589M,,,Virginia Woolf ; edited by Morris Beja.,,
OL19740637M,,,Virdžinija Vulf ; [prevela Milica Mihajlović].,eng,Mrs. Dalloway
OL667868M,,,Virginia Woolf.,,
OL17313442M,,,Virginia Woolf.,,
OL17546278M,,,Virginia Woolf.,,
OL19435771M,,,Virginia Woolf ; con otto illustrazioni di Luigi Broggini.,,
OL21837047M,,,Virginia Woolf ; edited with an introduction and notes by David Bradshaw.,,
OL26317436M,,,Nora Roberts,,
OL21221546M,,,by Margaret Way.,,
OL3284234M,,,Helen Bianchin.,,
OL44678161M,Guiomar Manso de Zúñiga,Translator,,eng,Empire of Storms
OL36652861M,,,,eng,Empire of Storms
OL34906152M,Carolina Alvarado Graef,Translator,,eng,Empire of Storms
OL26230877M,Elizabeth Evans,Narrator/Reader,,,
OL22467257M,,,Virginia Woolf ; édition présentée par Bernard Brugière ; traduction et notes de Marie-Claire Pasquier.,,
OL19191623M,,,Virginia Woolf ; herausgegeben und kommentiert von Klaus Reichert ; Ins Deutsche übertragen und mit einem Nachwort versehen von Walter Boehlich.,,
OL27189785M,,,Nora Roberts ; [ perevod s angliĭskogo S.B. Volodinoĭ],,
OL26338239M,,,Lynne Graham,,
OL14977187M,,,by Carole Mortimer.,,
OL32201839M,,,,eng,Empire of Storms
OL26450464M,Marcin Mortka,Translator,,eng,Empire of Storms
OL39063679M,Mariana Kohnert,Translator,,eng,Empire of Storms
OL2811874M,,,Virginia Woolf.,,
OL20999575M,,,Virginia Woolf ; [vertaald door N. Brunt].,,
OL17779161M,,,Virginia Woolf.,,
OL20249281M,,,Virginia Woolf ; traduit de l'anglais par S. David ; préface de André Maurois.,,
OL22489155M,,,Virginia Woolf ; traduzione di Alessandra Scalero.,,
OL28681125M,,,Nora Roberts,,
OL60769297M,,,,eng,"Desert Prince, Bride Of Innocence"
OL21224336M,,,by Margaret Way.,,
OL51687001M,Elizabeth Evans,Narrator/Reader,,,
OL57481745M,Elizabeth Evans,Narrator/Reader,,,
OL41159430M,Michaela Link,Translator,,eng,Empire of Storms
OL35300426M,Deniz Başkaya,Translator,,eng,Empire of Storms
OL17399642M,,,by Jessica Steele.,,
OL24768258M,,,Patricia Wilson,,
OL52457301M,Anna Valor Blanquer,Translator,,,Book lovers
OL1592441M,,,by Emma Darcy.,,
OL10280682M,JCL Graphics,Typesetter,,,
OL24394469M,,,by Rosalind Brett,,
OL2391869M,,,Penny Jordan.,,
OL2204857M,,,Essie Summers.,,
OL33020217M,,,Thomas Hardy,,
OL26644045M,,,Lindsay Armstrong,,
OL14977363M,,,by Robyn Donald.,,
OL20501081M,,,Penny Jordan.,,
OL17359322M,,,Penny Jordan.,,
OL60556354M,,,by Thomas Hardy,,
OL57633304M,,,by Thomas Hardy,,
OL17493159M,,,Patricia Wilson.,,
OL24935941M,,,Flora Kidd,,
OL60309759M,Erica Disco,Translator,,eng,Book Lovers
OL14977659M,,,by Penny Jordan.,,
OL24943055M,,,Cathy Williams,,
OL20937110M,,,by Margaret Way.,,
OL18356685M,,,by Margaret Way.,,
OL3178450M,,,Essie Summers.,,
OL14976695M,,,by Essie Summers,,
OL58310955M,,,by Thomas Hardy,,
OL60511795M,,,,eng,The Great Gatsby
OL44429029M,Marcus Damico,Narrator/Reader,,,
OL42420742M,Sheila Koerich,Translator,,,
OL60613258M,E. Piñas,Translator,,eng,The Great Gatsby
OL45287311M,,,"F. Sḳoṭ Fitsg'erald ; me-Anglit, Gidʻon Ṭuri",,
OL32120443M,,,(mei) fu{692126}si ge te{692126}fei ci jie la de (Francis Scott Fitzgerald) zhu ; zhou yan yi,eng,The Great Batsby
OL43588153M,,,by F. Scott Fitzgerald,,
OL40216619M,,,(mei) Sikete Feizijielade zhu ; Deng Ruoxu yi,,
OL40147875M,Michael Rod,Translator,,,
OL40189746M,Miguel A. Muñoz,Translator,,,
OL42595830M,Victor Llona,Translator,,,
OL51150125M,,,,eng,The Great Gatsby
OL43653782M,,,F. Scott Fitzgerald ; with an introduction by Charles Scribner III ; and illustrations by Fred Meyer,,
OL42547147M,Bryan Hunt,Editor,,,
OL42547147M,A. J. Alexander,Editor,,,
OL40785823M,Ken Bush,Editor,,,
OL40229783M,Jake Gyllenhaal,Narrator/Reader,,,
OL39782381M,matias moreno,Translator,,,
OL40195847M,Libros Valle,Editor,,,
OL40195847M,Justo Navarro,Translator,,,
OL40195847M,Jonathan Valle,Foreword,,,
OL42550215M,Roger Grass,Editor,,,
OL40151941M,Miguel A. Muñoz,Translator,,,
OL31802358M,,,Thomas Hardy ; edited by Martin E. Goldstein ; with an afterword by Martin E. Goldstein and Janet M. Goldstein,,
OL32098409M,,,Thomas Hardy,,
OL35726232M,Flo Gibson (Narrator),Narrator/Reader,,,
OL40576702M,Monty,Illustrator,,,
OL44908989M,,,by Thomas Hardy,,
OL32098407M,,,"Thomas Hardy ; introduction, notes and activities by Val Randall",,
OL4935405M,,,Thomas Hardy ; edited with introduction and notes by James Gibson.,,
OL26336607M,,,Thomas Hardy,,
OL26329425M,,,Thomas Hardy,,
OL24963515M,,,by Thomas Hardy,,
OL32098408M,,,Thomas Hardy,,
OL32992804M,,,Thomas Hardy,,
OL6610114M,,,by Thomas Hardy; with an introduction by William T. Brewster.,,
OL22490315M,,,Thomas Hardy.,,
OL1709464M,,,Thomas Hardy ; edited by Suzanne B. Falck-Yi ; with an introduction by Simon Gatrell.,,
OL6252455M,,,by Thomas Hardy ; with an introd. by Robert Cantwell ; and engravings by Agnes Miller Parker.,,
OL3962817M,,,Thomas Hardy ; edited with an introduction and notes by Rosemarie Morgan with Shannon Russell.,,
OL22814940M,,,Thomas Hardy.,,
OL4475597M,,,Thomas Hardy ; edited with an introd. and notes by Ronald Blythe.,,
OL5257069M,,,[by] Thomas Hardy.,,
OL21375318M,,,by Thomas Hardy.,,
OL22833601M,,,Thomas Hardy.,,
OL22838426M,,,Thomas Hardy ; introduction by John Bayley ; notes by Christine Winfield.,,
OL22866945M,,,Thomas Hardy ; edited with an introduction and notes by Ronald Blythe.,,
OL23250881M,,,With an introd. by Richard C. Carpenter.,,
OL22757804M,,,Thomas Hardy ; edited with an introduction and notes by by Rosemarie Morgan ; with Shannon Russell.,,
OL19065746M,,,Thomas Hardy ; översättning av Nino Runeberg.,,
OL22602162M,,,by Thomas Hardy.,,
OL22638008M,,,by Thomas Hardy.,,
OL6585891M,,,by Thomas Hardy ... with an etching by H. Macbeth-Raeburn and a map of Wessex.,,
OL3671166M,,,Thomas Hardy ; edited with notes by Suzanne B. Falck-Yi ; with a new introduction by Linda M. Shires.,,
OL3569192M,,,Thomas Hardy ; with a new introduction by Suzanne Keen.,,
OL6007022M,,,by Thomas Hardy ; with an introduction by Robert Cantwell ; engravings by Agnes Miller Parker.,,
OL21470612M,,,by Thomas Hardy.,,
OL5548394M,,,With an introd. by Richard C. Carpenter.,,
OL13761807M,,,by Thomas Hardy.,,
OL22638058M,,,by Thomas Hardy ; edited with introduction and notes by Cyril Aldred.,,
OL22772749M,,,Thomas Hardy ; adapted Susan Swatridge.,,
OL22207816M,,,by Thomas Hardy.,,
OL22781168M,,,Thomas Hardy ; introduction and notes by James Gibson.,,
OL21950208M,,,by Thomas Hardy; with an introduction by William T. Brewster.,,
OL6090939M,,,New introd. by Mary Ellen Chase.,,
OL6227160M,,,Edited with an introduction and notes by Richard L. Purdy.,,
OL22787990M,,,"Thomas Hardy ; editor, Robert Southwick.",,
OL2540520M,,,Thomas Hardy ; edited by Robert C. Schweik.,,
OL22771326M,,,Thomas Hardy.,,
OL13829817M,,,with an etching by H. Macbeth-Raeburn.,,
OL13535233M,,,by Thomas Hardy.,,
OL22823839M,,,by Thomas Hardy.,,
OL22611473M,,,by Thomas Hardy.,,
OL22812922M,,,Thomas Hardy.,,
OL22456446M,,,by Thomas Hardy ; introduction by Bel Mooney ; wood engravings by Peter Reddick.,,
OL6889138M,,,by Thomas Hardy ; with an etching by H. Macbeth-Raeburn and a map of Wessex.,,
OL23756762M,,,new introduction by Mary Ellen Chase.,,
OL22839272M,,,Thomas Hardy ; introduction by John Bayley ; notes by Christine Winfield.,,
OL686124M,,,Thomas Hardy.,,
OL22838938M,,,by Thomas Hardy ; with an introduction by Robert Cantwell [and wood] engravings by Agnes Miller Parker.,,
OL5244344M,,,Thomas Hardy ; introduction by John Bayley ; notes by Christine Winfield.,,
OL13560145M,,,by Thomas Hardy ; with twelve illustrations ; in two volumes.,,
OL6270143M,,,Edited with an introd. and notes by Carl J. Weber.,,
OL22787786M,,,Thomas Hardy ; edited by Peter Brodie.,,
OL19827330M,,,Thomas Hardy,,
OL18935835M,,,Thomas Hardy ; traducao de Maria Clarisse Tavares.,,
OL22812057M,,,Thomas Hardy.,,
OL4060787M,,,General introd. by Kenneth Allsop. Original illus. by Leonora Box.,,
OL22705328M,,,edited with an introduction and notes by Carl J. Weber.,,
OL22177018M,,,by Thomas Hardy.,,
OL13701928M,,,with an introduction by Robert Cantwell and engravings by Agnes Miller Parker.,,
OL6347905M,,,by Thomas Hardy; edited with an introduction and notes by Carl J. Weber ...,,
OL22707099M,,,edited with an introduction and notes by Carl J. Weber.,,
OL22632905M,,,Thomas Hardy ; edited by Patricia George.,,
OL22166027M,,,Thomas Hardy ; edited by James Gibson.,,
OL3951270M,,,Thomas Hardy ; introduction by Margaret Drabble ; notes by Tess O'Toole.,,
OL22719966M,,,Thomas Hardy.,,
OL45807924M,,,,fre,
OL45799689M,,,,fre,
OL43410414M,,,,fre,
OL22947900M,,,"Fransuaza Sagan.  Prelestnye kartinki / Simona de Bovuar.  Filosofskiĭ kamen' / Margerit I︠U︡rsenar ; [vstupitel'nai︠a︡ stat'i︠a︡ E.A., Zlobina ; sostavitel' I︠U︡liana I︠A︡kovlevna I︠A︡khnina].",fre,
OL23000713M,,,Françoise Sagan ; [übertragen von Helga Treichl].,,
OL25202306M,Anne Green,Translator,Françoise Sagan ; translated from the French by Anne Green ; with a new foreword by Diane Johnson,fre,
OL25202306M,Diane Johnson,Foreword,Françoise Sagan ; translated from the French by Anne Green ; with a new foreword by Diane Johnson,fre,
OL19505455M,Anne Green,Translator,by Françoise Sagan; translated from the French by Anne Green.,fre,
OL18991838M,Irene Ash,Translator,translated by Irene Ash.,fre,
OL21585647M,Irene Ash,Translator,by F. Sagan ; translated by I. Ash.,fre,
OL6209256M,,,[par] Françoise Sagan [pseud.],,
OL15502913M,,,Françoise Sagan.,,
OL6199502M,,,[by] Françoise Sagan [pseud.] Translated from the French by Anne Green.,fre,
OL16843335M,,,by Francoise Sagan ; translated by Irene Ash.,,
OL9750730M,,,Penny Jordan,,
OL17465127M,,,Kathleen E. Woodiwiss.,,
OL24207257M,,,Kathleen E. Woodiwiss,,
OL22819207M,,,Thomas Hardy.,,
OL45846295M,,,,fre,
OL45839572M,,,,fre,
OL19229146M,,,[par] Françoise Sagan.,,
OL19704581M,,,[by] F. Sagan.,,
OL14281271M,,,Françoise Sagan.,,
OL18917870M,,,Françoise Sagan ; translated by Irene Ash.,,
OL20121198M,,,by Penny Jordan.,,
OL20141310M,,,Kathleen E. Woodiwiss.,,
OL18791831M,,,Paulo Coelho ; translated from the Portuguese by Margaret Jull Costa.,,
OL5608701M,,,by E. P. Lawrence.,,
OL22839271M,,,Thomas Hardy.,,
OL24245432M,,,by Thomas Hardy.,,
OL22802842M,,,by Thomas Hardy,,
OL45804365M,,,,fre,
OL45741505M,,,,fre,
OL43400744M,,,,fre,
OL40257691M,,,[by] Françoise Sagan. Translated from the French by Anne Green,,
OL23829575M,,,Françoise Quoirez. Translated from the French by Anne Green.,,
OL23829573M,,,Françoise Quoirez.,,
OL19586304M,,,Françoise Sagan.,,
OL6215244M,,,by Françoise Sagan [pseudonym]; translated by Irene Ash.,,
OL14977483M,,,by Penny Jordan.,,
OL20652783M,,,Penny Jordan.,,
OL20122480M,,,Kathleen E. Woodiwiss.,,
OL3180229M,,,Kathleen E. Woodiwiss.,,
OL22057060M,,,Kathleen E. Woodiwiss ; aus dem Amerikanischen von Ursula Pommer.,,
OL16199571M,,,Paulo Coelho.,,
OL24752837M,,,Catherine George,,
OL14978386M,,,Anne Mather.,,
OL14977154M,,,by Sheila Strutt.,,
OL2035783M,,,Sheila Strutt.,,
OL17504177M,,,Essie Summers.,,
OL14978694M,,,by Helen Bianchin.,,
OL18687043M,,,by Anne Mather.,,
OL47826599M,Renato Fratini,Cover Art,,,
OL47826598M,Renato Fratini,Cover Art,,,
OL27790742M,,,by Mary Stewart,,
OL24214382M,,,by Mary Stewart.,,
OL22024253M,,,Mary Stewart.,,
OL5873698M,,,Mary Stewart.,,
OL18183680M,,,Mary Stewart ; retold by Diane Mowat.,,
OL61503583M,Michelle Gyo,Translator,,eng,Onyx Storm
OL61503583M,Julia Schwenk,Translator,,eng,Onyx Storm
OL60309380M,,,,eng,Onyx Storm
OL18051372M,,,by Anne Mather.,,
OL14977172M,,,by Essie Summers.,,
OL2725638M,,,Essie Summers.,,
OL47826600M,Gino D'Achille,Cover Art,,,
OL24213313M,,,Kay Thorpe.,,
OL17225583M,,,by Kay Thorpe.,,
OL21310534M,,,Anne Mather.,,
OL38242942M,,,Helen Bianchin,,
OL20775222M,,,(by) Anne Mather.,,
OL57468370M,,,Amandah Ḳṿiḳ ; me-Anglit Gilat Benṭal,,Wait Until Midnight
OL23069333M,,,Aimanda Guike (Zhen An Kelanzi) zhu ; Li Qihui yi = Wait until midnight / Amanda Quick.,,
OL3311246M,,,by Amanda Quick.,,
OL16522100M,,,by Betty Neels.,,
OL1880591M,,,Anne Mather.,,
OL36695639M,,,Amanda Quick ; przekł. Anna Palmowska,,Wait Until Midnight
OL32152740M,,,Amanda Quick,,
OL33042109M,,,Amanda Quick,,
OL24223193M,,,Amanda Quick.,,
OL3475601M,,,Amanda Quick.,,
OL21648613M,,,MargaretWay.,,
OL35626720M,,,,eng,Wait Until Midnight
OL3299173M,,,by Amanda Quick.,,
OL14979106M,,,by Betty Neels.,,
OL14979795M,,,by Betty Neels.,,
OL37749967M,,,L.M. Montgomery,,
OL35330489M,,,L.M. Montgomery,,
OL27160911M,,,L.M. Montgomery,,
OL22921691M,,,Menggemali zhu ; Li Fangdai yi.,,
OL35717544M,,,L.M. Montgomery ; trad. de l'anglais par Hélène Le Beau,,
OL23750346M,,,L. M. Montgomery.,,
OL19746209M,,,by L. M. Montgomery.,,
OL17421552M,,,L.M. Montgomery.,,
OL51811871M,"To Erin and Melody—your podcast has brought me so much joy over the last few years, and I hope Hades's boastful floors give you a little joy in return.",Dedicated to,,,
OL20121468M,,,by Anne Mather.,,
OL24220478M,,,Anne Hampson.,,
OL14975548M,,,by Flora Kidd.,,
OL23247589M,,,L.M. Montgomery.,,
OL30153303M,,,Anne Mather,,
OL21222179M,,,by Anne Mather.,,
OL22774600M,,,Anne Hampson.,,
OL1293962M,,,by Carole Mortimer.,,
OL2406367M,,,Flora Kidd.,,
OL15388701M,,,by L.M. Montgomery,,
OL14584199M,,,by L.M. Montgomery.,,
OL18119812M,,,by L.M. Montgomery.,,
OL19889860M,,,by L.M. Montgomery.,,
OL23750345M,,,by L. M. Montgomery.,,
OL22098412M,,,by L.M. Montgomery.,,
OL32487983M,Zara Hampton-Brown,Narrator/Reader,,,
OL32487983M,Barnaby Edwards,Narrator/Reader,,,
OL3283087M,,,Marcia Evanick.,,
OL39198608M,,,Georgette Heyer,,
OL33176864M,,,"Dzhordzhett Kheĭer ; [perevod s angliĭskogo E. Levinoĭ, T. Cherezovoĭ]",,
OL23757231M,,,by Georgette Heyer.,,
OL19090850M,,,by Georgette Heyer.,,
OL18119197M,,,GeorgetteHeyer.,,
OL22910016M,,,by Georgette Heyer.,,
OL23736094M,,,Georgette Heyer.,,
OL24751386M,,,Georgette Heyer ; foreword by Diana Palmer,,
OL25561644M,,,Georgette Heyer,,
OL6641414M,,,by Georgette Heyer.,,
OL3283971M,,,Georgette Heyer ; with a foreword by Diana Palmer.,,
OL24520588M,,,Georgette Heyer,,
OL38213984M,,,Georgette Heyer,,
OL26936163M,,,Georgette Heyer,,
OL32649023M,Hanna Lux,Translator,,eng,The Black Moth
OL24462235M,,,Georgette Heyer,,
OL25067553M,,,by Georgette Heyer,,
OL14976957M,,,by Charlotte Lamb.,,
OL14976910M,,,by Betty Neels.,,
OL24238812M,,,[Betty Neels].,,
OL14979925M,,,by Margaret Way.,,
OL26335262M,,,Mary Stewart,,
OL15263400M,,,"Deutsche ""Ubersetzung von G""unter Panske.",,
OL13936511M,,,traduit de l'anglais par Jacqueline Petiteau.,,
OL21557287M,,,(by) Mary Stewart.,,
OL24238910M,,,Margaret Way.,,
OL24752158M,,,Catherine George,,
OL24220352M,,,Julia Quinn.,,
OL1024924M,,,Mary Stewart.,,
OL16701249M,,,Mary Stewart.,,
OL15379887M,,,Meri Sti︠u︡art ; perevod s angliĭskogo I. Bernshteĭn,,
OL14976933M,,,by Elizabeth Graham.,,
OL24949101M,,,Sara Seale,,
OL24940752M,,,by Andrea Blake,,
OL32714144M,,,by Helen Bianchin,,
OL26599193M,,,Helen Bianchin,,
OL3565664M,,,Mary Stewart.,,
OL17320180M,,,traduzione di Gioia Angiolillo Zannino.,,
OL3492085M,,,Mary Stewart.,,
OL42684643M,Victor Llona,Translator,,,
OL38967823M,Donald Catchings,Editor,,,
OL36331452M,Anton Rivas,Translator,,,
OL40649718M,James Lynn,Contributor,,,
OL40600116M,Victor Llona,Translator,,,
OL28078733M,Judith John,Contributor,,,
OL24939080M,,,Penny Jordan,,
OL14982030M,,,Lynne Graham.,,
OL1974463M,,,by Lynne Graham.,,
OL57727429M,,,,eng,Simon vs. the Homo Sapiens Agenda
OL47259798M,,,,eng,Legendary
OL37744098M,Diana Bürgel,Translator,,eng,Legendary
OL26961819M,,,Stephanie Garber,,
OL26961629M,,,Stephanie Garber,,
OL17453613M,,,Janet Dailey.,,
OL14977048M,,,by Janet Dailey.,,
OL2707864M,,,Janet Dailey.,,
OL24238809M,,,Janet Dailey.,,
OL32116078M,,,Penny Jordan,,
OL51714869M,Regiane Winarski,Translator,,,Simon vs. the Homo Sapiens Agenda
OL51714869M,Marcela de Oliveira,Prepared by,,,Simon vs. the Homo Sapiens Agenda
OL51714869M,Guilherme Bernardo,Revised by,,,Simon vs. the Homo Sapiens Agenda
OL51714869M,Juliana Werneck,Revised by,,,Simon vs. the Homo Sapiens Agenda
OL24975600M,,,Penny Jordan,,
OL17392513M,,,Lynne Graham.,,
OL19364830M,,,Georgette Heyer.,,
OL24488371M,,,Georgette Heyer,,
OL46528661M,,,,eng,"The Long Way to a Small, Angry Planet"
OL35371250M,,,,eng,"The Long Way to a Small, Angry Planet"
OL30153127M,Alexander Páez García,Translator,,eng,"The Long Way to a Small, Angry Planet"
OL28572775M,Marie Surgers,Translator,,eng,"The Long Way to a Small, Angry Planet"
OL37018434M,Rachel Dulude,Narrator,,,
OL26318315M,Becky Chambers,Author,,,
OL14976455M,,,by Helen Bianchin.,,
OL3282687M,,,Helen Bianchin.,,
OL19412270M,,,by Betty Neels.,,
OL22353971M,,,Betty Neels.,,
OL52264511M,Guilherme Miranda,Translator,,eng,One Last Stop
OL52264511M,Paula Hentges,Cover Design,,eng,One Last Stop
OL52264511M,Bruno Miguell Mesquita,Cover Design,,eng,One Last Stop
OL52264511M,Camila Abdanur,Cover Art,,eng,One Last Stop
OL52264511M,Sofia Soter,Prepared by,,eng,One Last Stop
OL52264511M,Adriana Moreira Pedro,Revised by,,eng,One Last Stop
OL52264511M,Adriana Bairrada,Revised by,,eng,One Last Stop
OL22309321M,,,Georgette Heyer.,,
OL60668477M,Marie Surgers,Translator,,eng,"The Long Way to a Small, Angry Planet"
OL57990616M,Becky Chambers,Author name as appears on this edition,,,
OL57990616M,Becky Chambers,Copyright,,,
OL57990616M,Christopher Doll,Cover Art,,,
OL57990616M,Christopher Doll,Cover Design,,,
OL27281933M,,,,eng,"The Long Way to a Small, Angry Planet"
OL14980939M,,,Helen Bianchin.,,
OL22760377M,,,Chingiz Aĭtmatov.,,
OL14979815M,,,by Roberta Leigh.,,
OL24372658M,,,by Roberta Leigh,,
OL3283635M,,,[Betty Neels].,,
OL61200456M,Erica Disco,Translator,,eng,One Last Stop
OL49295742M,,,,eng,One Last Stop
OL34176795M,Kerri Resnick,Cover Design,,,
OL34176795M,Monique Aimee,Cover Art,,,
OL23833901M,,,Georgette Heyer.,,
OL14990948M,,,Georgette Heyer.,,
OL17099988M,,,by Georgette Heyer ; with a foreword by Susan Wiggs.,,
OL27975108M,,,,eng,"The Long Way to a Small, Angry Planet"
OL32240601M,,,,eng,"The long way to a small, angry planet"
OL4099798M,,,Joy Freemen.,,
OL31958552M,,,by Helen Bianchin,,
OL17403915M,,,Betty Neels.,,
OL17955049M,,,by Betty Neels.,,
OL21310485M,,,Catherine George.,,
OL27184909M,,,Anna Todd,,
OL21154026M,,,Stephen King.,,
OL19776937M,,,"Por Stephen King,  .",,
OL25535073M,,,Stiven King ; perevod s anglii skogo,,
OL26763641M,James Woods,Narrator,"By Stephen King Read by James Woods, Tim Sample, Willem Dafoe and Ken Howard",,
OL26763641M,Tim Sample,Narrator,"By Stephen King Read by James Woods, Tim Sample, Willem Dafoe and Ken Howard",,
OL26763641M,Willem Dafoe,Narrator,"By Stephen King Read by James Woods, Tim Sample, Willem Dafoe and Ken Howard",,
OL26763641M,Ken Howard,Narrator,"By Stephen King Read by James Woods, Tim Sample, Willem Dafoe and Ken Howard",,
OL21567599M,,,Stephen King.,,
OL14980607M,,,Sara Craven.,,
OL14980909M,,,Robyn Donald.,,
OL10691657M,,,Jessica Steele,,
OL18051609M,,,Stephen King.,,
OL24948672M,,,by Carole Mortimer,,
OL18521298M,,,Catherine George.,,
OL14975878M,,,by Rebecca Stratton,,
OL24877504M,,,Stephen King,,
OL24514031M,,,Stephen King,,
OL18783423M,,,Stephen King.,,
OL21448573M,,,Stephen King.,,
OL14643608M,,,Stephen King,,
OL1888634M,,,by Stephen King.,,
OL23247181M,,,by Elizabeth Lowell.,,
OL2210016M,,,Emilie Loring.,,
OL6647607M,,,by Emilie Loring; frontispiece by W. V. Chambers.,,
OL26338292M,,,Robyn Donald,,
OL12812263M,,,,,Potent Pleasures
OL3560605M,,,Elizabeth Lowell.,,
OL25242350M,,,Lynne Graham,,
OL32713032M,,,by Emma Darcy,,
OL24369546M,,,Robyn Donald,,
OL23976282M,,,Robyn Donald.,,
OL12515521M,,,,,Potent Pleasures
OL32134532M,,,Eloisa James,,
OL32134534M,,,Eloisa James,,
OL23260747M,,,by Stephen King.,,
OL15235942M,,,traduit de l'anglais par William Olivier Desmond.,,
OL28423197M,,,Lynne Graham,,
OL24216828M,,,Emma Darcy.,,
OL24132506M,,,[by] Emilie Loring. --,,
OL46850530M,,,,,Potent Pleasures
OL48223M,,,Eloisa James.,,
OL27168506M,,,Deborah Harkness,,
OL48280324M,Eloisa James,Foreword,,,
OL18312564M,,,Georgette Heyer.,,
OL22910039M,,,Georgette Heyer.,,
OL1733242M,,,Georgette Heyer.,,
OL36315M,,,Eloisa James.,,
OL20941238M,,,Janet Dailey.,,
OL14876392M,,,Janet Dailey.,,
OL17080487M,,,Janet Dailey.,,
OL16758400M,,,by Penny Jordan.,,
OL2823061M,,,by Penny Jordan.,,
OL25075148M,,,by Georgette Heyer,,
OL26886358M,,,Laura Nowlin,,
OL10690954M,,,by Margaret Way,,
OL2846814M,,,Janet Dailey.,,
OL15963381M,,,Janet Dailey.,,
OL20122587M,,,Janet Dailey.,,
OL22947909M,,,Georgette Heyer.,,
OL37796624M,,,Patricia Highsmith,eng,The Price of Salt
OL23047209M,,,Patricia Highsmith.,,
OL1865466M,,,Patricia Highsmith (writing as Claire Morgan).,,
OL22729080M,,,Patricia Highsmith,,
OL2902057M,,,Claire Morgan.,,
OL28417839M,,,Patricia Highsmith,,
OL23050543M,,,by Claire Morgan.,,
OL22940628M,,,Patricia Highsmith.,,
OL27181797M,,,Diana Palmer,,
OL1977525M,,,by Penny Jordan.,,
OL38209868M,Heather E. Brayton,Illustrator,,,
OL25254797M,Hilia Brinis,Translator,,,
OL22407056M,,,Patricia Highsmith.,,
OL22949109M,,,Claire Morgan.,,
OL27214752M,,,P'ŏt'ŭrisya Haisŭmisŭ chiŭm ; Kim Mi-jŏng omgim,,
OL27205811M,,,Paicuixiya Haishimisi zhu ; Li Yanhui yi = The price of salt / Patricia Highsmith,,
OL1148512M,Patricia Highsmith,Author,,,
OL26498420M,,,Diana Palmer,,
OL39796241M,,,Stephenie Meyer ; przełożyła Joanna Urban,,
OL26647548M,,,Stefani Maĭer ; [perevod s angliĭskogo A. Akhmerovoĭ],,
OL24930671M,,,Stephenie Meyerová ; [z anglického originálu ... přeložila Markéta Demlová],,
OL23114670M,,,Shidifenni Mei'er (Stephenie Meyer) ; [yi zhe Qu Xiuhui].,,
OL21888114M,,,Stephenie Meyer.,,
OL25248387M,,,[Betty Neels],,
OL24947351M,,,by Betty Neels,,
OL32867986M,,,Stephenie Meyer ; przełożyła Joanna Urban,,
OL30698802M,,,,eng,New Moon
OL23123073M,,,Débora Marín,,New Moon
OL24622678M,,,Stephenie Meyerová ; [z anglického originálu ... přeložila Markéta Demlová],,
OL22657901M,,,by Stephenie Meyer.,,
OL7914996M,Ilyana Kadushin,Narrator/Reader,Stephenie Meyer ; read by Ilyana Kadushin,,
OL23292601M,,,by Stephenie Meyer.,,
OL27723223M,,,"[Mei] Sidifenni Mei'er zhu ; Gong Ping, Zhang Yalin, Li Li yi",,
OL24975387M,,,by Betty Neels,,
OL24964296M,,,by Betty Neels,,
OL17230351M,,,by BettyNeels.,,
OL25561369M,,,Stephenie Meyer ; traduc ʹa o de Ryta Vinagre,,
OL25552014M,,,Stephenie Meyer ; metaphrase  Vasilike  Latsinou,,
OL25548676M,,,Stephenie Meyer ; traduit de l'anglais par Luc Rigoureau,,
OL25038769M,,,Stephenie Meyer ; Tịnh Thủy dịch,,
OL25038770M,,,Stephenie Meyer ; Tịnh Thủy dịch,,
OL26917124M,,,Stephenie Meyer ; Tịnh Thủy dịch,,
OL31982055M,,,Stephanie Meyer ; Tịnh Th̉uy dịch,,
OL19708070M,,,Stephenie Meyer.,,
OL29549715M,,,Stephenie Meyer,,
OL32128823M,,,Stephenie Meyer,,
OL3298507M,,,Betty Neels.,,
OL32123951M,,,by Penny Jordan,,
OL52742994M,Tahereh mafi,Author name as appears on this edition,.,,
OL25114382M,Kate Simses,Narrator,,,
OL18554287M,,,by Emma Darcy.,,
OL3570840M,,,Betty Neels.,,
OL3385562M,,,[Betty Neels].,,
OL17403826M,,,Betty Neels.,,
OL17420484M,,,by Betty Neels.,,
OL17403247M,,,Sara Craven.,,
OL1975894M,,,by Miriam Macgregor.,,
OL61375849M,Merel Leene,Translator,,eng,Destroy Me
OL17485069M,,,by Betty Neels.,,
OL18426899M,,,by Betty Neels.,,
OL24917781M,,,Tahereh Mafi,,
OL26342130M,,,Penny Jordan,,
OL17310553M,,,byCatherine George.,,
OL18107578M,,,Penny Jordan.,,
OL24947317M,,,Penny Jordan,,
OL965122M,,,Bernard Cornwell.,,
OL981690M,,,Bernard Cornwell.,,
OL27184913M,,,Anna Todd,,
OL10738895M,,,Penny Jordan,,
OL24279650M,,,Penny Jordan.,,
OL18400025M,,,Bernard Cornwell.,,
OL14979419M,,,byAnne Mather.,,
OL24740009M,,,Cathy Williams,,
OL28189814M,,,by Jamie McGuire,,
OL22939052M,,,Bernard Cornwell ; traduzione di G.L. Staffilano e Riccardo Valla.,,
OL20545857M,,,Bernard Cornwell.,,
OL1300493M,,,by Penny Jordan.,,
OL32866576M,,,by Anne Mather,,
OL1974465M,,,by Roberta Leigh.,,
OL28685717M,,,by Carol Marinelli,,
OL26649146M,,,Carol Marinelli,,
OL22568185M,,,Sara Craven.,,
OL30400959M,,,Georgette Heyer,,
OL13666483M,,,Georgette Heyer.,,
OL17374562M,,,Georgette Heyer.,,
OL3284174M,,,Georgette Heyer ; with a foreword by Stephanie Laurens.,,
OL24533727M,,,Georgette Heyer,,
OL24941148M,,,Georgette Heyer,,
OL24390316M,,,Anne Mather,,
OL31916858M,,,Penny Jordan,,
OL44732394M,,,traduction libre de l'Anglais d'un roman posthume de Miss Jane Austen par Mme. de Montolieu,,
OL47117869M,Benjamin Briggent,Translator,,,
OL23643449M,,,Georgette Heyer.,,
OL22367350M,,,Georgette Heyer.,,
OL24434279M,,,Georgette Heyer,,
OL23039530M,,,Dzhordzhett Kheǐer ; [perevod s angliǐskogo I.G. Gurovoǐ].,,
OL61105097M,Fernanda Abreu,Translator,,eng,Persuasion
OL52703206M,,,by Jane Austen ; with an introduction by Forrest Reid,,
OL24239613M,,,Traduction libre de l'Anglais ... par Mme. de Montolieu.,,
OL35664929M,,,,eng,Persuasion
OL32778605M,Andrea Gouveia,Editor,,,
OL27113002M,,,"Dzhorzhett Kheĭer ; perevodchik, Anatoliĭ Mikahĭlov",,
OL26328717M,,,Georgette Heyer ; with a foreword by Stephanie Laurens,,
OL36329971M,,,,eng,These Old Shades
OL24061984M,,,Georgette Heyer.,,
OL6694382M,,,by Georgette Heyer ...,,
OL14991507M,,,Georgette Heyer.,,
OL17462573M,,,Penny Jordan.,,
OL48527083M,Bryan Hunt,Editor,,,
OL48527083M,A. J. Alexander,Editor,,,
OL30027300M,R. D. kori,Contributor,,,
OL34356267M,Victor Llona,Translator,,,
OL36331763M,Luke Davis,Editor,,,
OL41926631M,Victor Llona,Translator,,,
OL45046513M,,,par F. Scott Fitzgerald ; traduction de Victor Llona,,
OL40517450M,L. Martires,Illustrator,,,
OL47117541M,Benjamin Briggent,Translator,,,
OL42345185M,J. J. Bernier,Translator,,,
OL45212083M,,,Jane Austen,,
OL20941836M,,,Jane Austen ; with A Memoir of Jane Austen by J.E. Austen-Leigh.,,
OL40912813M,James Zimmerhoff,Editor,,,
OL40848657M,Monty,Illustrator,,,
OL40737230M,Adam EVE,Illustrator,,,
OL40516771M,Marco PEDULLA,Translator,,,
OL40747301M,Charles E. Brock,Illustrator,,,
OL40897815M,Charles E. Brock,Illustrator,,,
OL45368875M,Deidre Shauna Lynch,Introduction,,,
OL45368875M,James Kinsley,Editor,,,
OL36686591M,Michael Page,Narrator,,,
OL36686591M,Michael Page,Narrator/Reader,,,
OL49934034M,,,by Jane Austen ; with an introduction by Forrest Reid,,
OL49776621M,Kevin Theis,Editor,,,
OL32832013M,Jenny Sánchez,Editor,,,
OL32832013M,Jenny Sanchez,Editor,,,
OL32361149M,Michael Page,Narrator,,,
OL32361149M,Michael Page,Narrator/Reader,,,
OL32863722M,Michael Page,Narrator,,,
OL32863722M,Michael Page,Narrator/Reader,,,
OL33777839M,Michael Page,Narrator,,,
OL33777839M,Michael Page,Narrator/Reader,,,
OL30403064M,,,Jane Austen ; introduction and notes by Christina Bartolomeo,,
OL27094244M,,,Jane Austen. Aus dem Engl. von Ursula und Christian Grawe,,
OL27127119M,,,Jane Austen,,
OL38482251M,Charles E. Brock,Illustrator,,,
OL32132851M,,,Jane Austen,,
OL26301752M,,,Dzhei n Osten ; [perevod s anglii sgogo E. Surit Łs],,
OL27123821M,,,Zhen Aositing zhu ; Jian Yijie yi =,,
OL27148959M,,,Jane Austen ; traducción de M. Ortega y Gasset,,
OL24943895M,,,Jane Austen ; aus dem Englischen hubersetzt von Ilse Leisi ; Nachwort von Max Wildi,,
OL40200899M,Victor Llona,Translator,,,
OL39715162M,Victor Llona,Translator,,,
OL39393396M,Victor Llona,Translator,,,
OL42772767M,Victor Llona,Translator,,,
OL40127696M,Victor Llona,Translator,,,
OL19833144M,,,by J. E. Austen-Leigh ; edited with an introduction by D. W. Harding.,,
OL24619532M,,,Jane Austen ; with an afterword by Marvin Mudrick,,
OL24553649M,,,"by Jane Austen ; annotated and edited, with an introduction by David M. Shapard",,
OL26897902M,,,Jane Austen,,
OL27858230M,,,(ying) jian. ao si zheng zhu ; zheng ke nan yi,,
OL24501554M,,,Jane Austen,,
OL27080422M,,,Jane Austen ; [edited by Philip M. Parker],,
OL13663181M,,,illustrated by Charles E. Brock.,,
OL1925626M,,,by Jane Austen ; with twenty-four coloured illustrations by C.E. Brock.,,
OL20414534M,,,Jane Austen.,,
OL27080423M,,,Jane Austen ; [edited by Philip M. Parker],,
OL8981186M,Margaret Drabble,Introduction,,,
OL25162486M,,,Jane Austen ; edited by Patricia Meyer Spacks,,
OL24816070M,,,"by Jane Austen ; annotated and edited, with an introduction by David M. Shapard",,
OL5779665M,,,The text based on collation of the early editions by R. W. Chapman.  Introd. by David Daiches.,,
OL22601648M,,,Jane Austen.,,
OL665326M,,,Jane Austen.,,
OL13972886M,,,edited by R. Brimley Johnson ; with illustrations by William C. Cooke....,,
OL17729209M,,,Jane Austen ; introduction by Edmund Blunden ; illustrations by John Austen.,,
OL27080421M,,,Jane Austen ; [edited by Philip M. Parker],,
OL25324898M,,,Jane Austen ; supplementary materials written by Kathleen Helal,,
OL25194139M,,,Jane Austen ; edited by Robert Morrison,,
OL25053702M,,,Jane Austen ; introduction by Colm Tóibín,,
OL27080424M,,,Jane Austen ; [edited by Philip M. Parker],,
OL22601653M,,,Jane Austen.,,
OL17637901M,,,by Jane Austen.,,
OL22179081M,,,Jane Austen ; edited by R.W. Chapman.,,
OL1855292M,,,Jane Austen ; edited by John Davie ; with a new introduction by Claude Rawson.,,
OL23161727M,,,Jane Austen ; with an introduction by Margaret Drabble and a new afterward by Diane Johnson.,,
OL464157M,,,Jane Austen ; edited by John Davie ; with an introduction and notes by Claude Rawson.,,
OL22481668M,,,Jane Austen.,,
OL17614287M,,,Jane Austen ; with illustrations by Hugh Thomson.,,
OL16935312M,,,Jane Austen,,
OL22334327M,,,Jane Austen ; illustrated by Hugh Thomson.,,
OL23213721M,,,Jane Austen.,,
OL13905526M,,,with an introduction by Louis Auchincloss ; and illustrations by Tony Buonpastore.,,
OL16220109M,,,by Jane Austen;,,
OL5955536M,,,by J.E. Austen-Leigh. Edited with an introd. by D.W. Harding.,,
OL5974830M,,,"Edited, with an introduction and notes, by Andrew Wright.",,
OL497269M,,,Jane Austen ; edited by Linda Bree.,,
OL109296M,,,Jane Austen ; edited with an introduction and notes by Gillian Beer.,,
OL21439248M,,,Jane Austen ; translated by Sevim Anli.,,
OL19221693M,,,Zhen Aosiding zhu.,,
OL4115454M,,,Jane Austen ; edited by John Davie.,,
OL17727634M,,,Jane Austen ; traduccion de M. Ortega y Gasset.,,
OL6775666M,,,by Jane Austen.,,
OL4578931M,,,Jane Austen ; with an introd. by Louis Auchincloss and ill. by Tony Buonpastore.,,
OL23157715M,,,Jane Austen.,,
OL22816774M,,,Jane Austen.,,
OL23765912M,,,by Jane Austen.,,
OL1080990M,,,Jane Austen ; edited by Patricia Meyer Spacks.,,
OL16852512M,,,"Jane Austen ; with a memoir of Jane Austen, by J.E. Austen-Leigh ; edited with an introd. by D.W. Harding",,
OL13873964M,,,with an introduction by Malcolm Elwin ; illustrated by Philip Gough.,,
OL805074M,,,Jane Austen.,,
OL20059260M,,,by Jane Austen ; with an introduction by Forrest Reid,,
OL21464827M,,,Jane Austen,,
OL22290345M,,,edited by R. Brimley Johnson ; illustrated by C.E. and H.M. Brock.,,
OL22954980M,,,Jane Austen ; traducción de M. Ortega y Gasset.,,
OL3696058M,,,"Jane Austen ; with an introduction and notes by Susan Ostrov Weisser ; George Stade, consulting editorial director.",,
OL3561361M,,,Jane Austen.,,
OL17237542M,,,by Jane Austen ; edited by William Galperin,,
OL6796211M,,,Jane Austen ; introduction by Amy Bloom ; notes by Audrey Bilger.,,
OL3702865M,,,Jane Austen ; edited with an introduction and notes by Gillian Beer.,,
OL22380110M,,,Claudia Jameson.,,
OL14978895M,,,by Lynne Graham.,,
OL32602293M,,,,spa,Como agua para chocolate
OL32602248M,,,,spa,Como agua para chocolate
OL26287920M,Olga Savary,Translator,"Laura Esquivel ; [traduc ʹa o, Olga Savary]",,
OL3413816M,,,by Betty Neels.,,
OL24737967M,,,Carole Mortimer,,
OL3025074M,,,by Jennifer Wilde.,,
OL32602207M,,,,spa,Como agua para chocolate
OL3473599M,,,Betty Neels.,,
OL24213022M,,,by Jennifer Wilde.,,
OL24738299M,,,Vanessa James,,
OL17180338M,,,Lynne Graham.,,
OL52920365M,,,Laura Esquivel,,
OL32603496M,,,,spa,Como agua para chocolate
OL22422898M,,,Laura Esquivel.,,
OL22924329M,,,Laura Esquivel zhu ; Hu Yifang yi ; Xie Tianzhen shen jiao.,,
OL17271755M,,,Laura Esquivel.,,
OL22367467M,,,Laura Esquivel.,,
OL22775391M,,,Diana Palmer.,,
OL9051026M,,,,spa,Como agua para chocolate
OL24976711M,Carol Christensen,Translator,,,
OL24976711M,Thomas Christensen,Translator,,,
OL17847303M,,,"Laura Esquivel ; ilustraciones y fotografías, Mecky van den Brink y Her Jobse ; presentación de recetas, Her Jobse.",,
OL18523409M,,,Laura Esquivel.,,
OL1740312M,,,Laura Esquivel.,,
OL1412929M,,,Laura Esquivel ; translated by Carol Christensen and Thomas Christensen.,,
OL17105750M,,,Laura Esquivel.,,
OL32150419M,Daniel Bismuth,Translator,Diana Palmer,eng,Lady Love
OL18406534M,,,by Emma Darcy.,,
OL3511075M,,,Barbara Metzger.,,
OL1677633M,,,Laura Esquivel.,,
OL17106881M,Carol Christensen,Translator,Laura Esquivel ; translated by Carol Christensen and Thomas Christensen,,
OL17106881M,Thomas Christensen,Translator,Laura Esquivel ; translated by Carol Christensen and Thomas Christensen,,
OL18292334M,,,Laura Esquivel.,,
OL18208514M,,,Laura Esquivel.,,
OL21626357M,,,Laura Esquivel.,,
OL7816169M,Carol Christensen,Translator,Laura Esquivel,spa,Como agua para chocolate
OL7816169M,Thonmas Christensen,Translator,Laura Esquivel,spa,Como agua para chocolate
OL1565390M,Carol Christensen,Translator,,spa,Como agua para chocolate
OL1565390M,Thomas Christensen,Translator,,spa,Como agua para chocolate
OL1565390M,Julie Duquet,Jacket Design,,spa,Como agua para chocolate
OL1565390M,Cathleen Toelke,Cover Art,,spa,Como agua para chocolate
OL18564285M,,,Laura Esquivel.,,
OL15128512M,,,by Barbara Metzger.,,
OL1975525M,,,by Sara Craven.,,
OL1775106M,,,by Patricia Wilson.,,
OL24787724M,,,by Patricia Wilson,,
OL18286169M,,,Kay Thorpe.,,
OL26335142M,,,Hannah Howell,,
OL23270664M,,,Hannah Howell.,,
OL30129035M,,,Nora Roberts,,
OL27113497M,,,Nora Roberts ; [perevod s angliĭskogo Ė. Voronovoĭ],,
OL32125245M,,,Nora Roberts ; traduit de l'américain par Véronique Vaquette,,
OL26649039M,,,Penny Jordan,,
OL24371518M,,,Barbara Cartland,,
OL17311864M,,,PatriciaWilson.,,
OL24956815M,,,Kay Thorpe,,
OL12956793M,Valeria Watson,Translator,,eng,Montana sky
OL24766119M,,,"Nora Roberts ; traducioʹn, Valeria Watson",,
OL24767169M,,,Nora Roberts,,
OL23277647M,,,Nora Roberts.,,
OL801917M,,,Nora Roberts.,,
OL27789846M,,,Nora Roberts,,
OL29651511M,,,Nora Roberts,,
OL32120337M,,,Penny Jordan,,
OL28899633M,,,,eng,A Secret Disgrace
OL39198030M,,,Christina Lauren ; traduit de l'anglais (États-Unis) par Margaux Guyon,,
OL3384844M,,,Hannah Howell.,,
OL22948841M,,,Nora Roberts.,,
OL32126605M,,,Nora Roberts,,
OL14905425M,,,Barbara Cartland.,,
OL17527860M,,,by Barbara Cartland.,,
OL60796659M,,,,eng,Beautiful Bastard
OL27148341M,,,Christina Lauren,,
OL22276033M,,,Claudia Jameson.,,
OL24279626M,,,by Claudia Jameson.,,
OL15949432M,,,T. H. White ; introduction by Kevin Crossley-Holland ; illustrations by John Lawrence.,,
OL16493775M,,,T.H. White.,,
OL23010969M,,,"Terens Uaǐt ; [per. s angl., S. Ilʹin].",,
OL14980039M,,,by Anne Mather.,,
OL14980808M,,,Anne Mather.,,
OL13875585M,,,T.H. White.,,
OL16440675M,,,T.H. White.,,
OL20200867M,,,T. H. White.,,
OL18632261M,,,T. H. white.,,
OL14195302M,,,T. H. White.,,
OL612944M,,,T.H. White.,,
OL22594016M,,,T.H. White.,,
OL18285085M,,,T.H. White.,,
OL15590410M,,,Danielle Steel.,eng,
OL12514640M,,,,eng,
OL12515265M,,,,eng,
OL21248492M,,,by Danielle Steel ; based on a screenplay by Garry Michael White.,,
OL22910480M,,,by Danielle Steel ; based  on a screenplay by Garry Michael White.,,
OL22840564M,,,Danielle Steel ; based on a screenplay by Garry Michael White.,,
OL18050045M,,,by Penny Jordan.,,
OL21366179M,,,Penny Jordan.,,
OL22321605M,,,Penny Jordan.,,
OL50293430M,,,,eng,Pride and Prejudice
OL49359464M,John Raynes,Cover Art,,,
OL15207946M,,,Anne Mather ; addasiad Cymraeg [gan Elen Gruffydd].,,
OL13312213M,,,,eng,
OL12953218M,,,,eng,
OL20122069M,,,by Danielle Steel ; based on a screenplay by Garry Michael White.,,
OL14965118M,,,by Danielle Steel ; based on a screenplay by Garry Michael White.,,
OL24217452M,,,by Danielle Steel ; based on a screenplay by Garry Michael White.,,
OL24373447M,,,Danielle Steel,,
OL23023640M,,,Danielle Steel.,,
OL61188557M,,,,eng,Falcon's Prey
OL19616645M,,,Lee Wilkinson.,,
OL32120164M,,,Danielle Steel ; trad. de l'américain par Jean Duclos,eng,
OL12708633M,,,,eng,
OL13105296M,,,,eng,
OL18382512M,,,,eng,
OL29110130M,,,Danielle Steel ; trad. de l'américain par Jean Duclos,eng,
OL26334815M,,,saku Danieru Suti ru ; cho yaku Tenma Ryu ko .,eng,
OL15564997M,,,Danielle Steel.,eng,
OL22364971M,,,Danielle Steel ; based on a screenplay by Garry Michael  White.,,
OL24217459M,,,Danielle Steel.,,
OL24282993M,,,Danielle Steel.,,
OL3168709M,,,by Danielle Steel ; based on a screenplay bay Garry Michael White.,,
OL22995883M,,,"Daniėla Stil ; [perevod s angliĭskogo, V. Grishechkina].",,
OL22956136M,,,saku Danieru Sutīru ; chōyaku Tenma Ryūkō.,,
OL25264918M,Silvia Accardi,Translator,,,
OL2726049M,,,Penny Jordan.,,
OL14977285M,,,by Penny Jordan.,,
OL50552339M,Hugh Thomson,Illustrator,,,
OL50339981M,,,Jane Austen ; [illustrated by Maximilien Vox],,
OL35629358M,Luna Forum S.L.,Translator,,,
OL35636285M,Benjamin Briggent,Translator,,,
OL41872849M,sujata Biswas,Illustrator,,,
OL40974638M,Jenny Sanchez,Editor,,,
OL40845755M,Anthony Uyl,Editor,,,
OL46948603M,,,,eng,Pride and Prejudice
OL42251772M,Jeremiah J. Rose,Translator,,,
OL42310198M,Randy Sookanan,Foreword,,,
OL42310198M,Denise McTighe,Editor,,,
OL42310198M,Randy Sookanan,Introduction,,,
OL26495828M,María José Martín Pinto,Translator,,eng,The Great Gatsby
OL26886005M,,,F. Scott Fitzgerald ; illustrated by Bruce Dean ; [with a new foreword by Sam Sloan],,
OL9155610M,,,,eng,The Great Gatsby
OL22491976M,,,F. Scott Fitzgerald.,,
OL7720365M,Steve Shapiro,Cover Photographs,,,
OL22152141M,,,by F. Scott Fitzgerald.,,
OL1865622M,,,"F. Scott Fitzgerald ; edited by Matthew J. Bruccoli ; textual consultant, Fredson Bowers.",,
OL26491567M,Ruth Prigozy,Introduction,,,
OL22719381M,,,F. Scott Fitzgerald ; edited by David Crystal and Derek Strange ; with an introduction by Anthony Burgess.,,
OL38905265M,Michael Farris Smith,Foreword,,,
OL2207500M,,,introduced and arranged by Matthew J. Bruccoli.,,
OL677014M,,,F. Scott Fitzgerald ; edited with an introduction and notes by Ruth Prigozy.,,
OL44285395M,Victor Llona,Translator,,,
OL26495861M,,,,eng,The Great Gatsby
OL25426697M,Francis Scott Key Fitzgerald,Author,,,
OL25426697M,김석희,Translator,,,
OL26495821M,María José Martín Pinto,Translator,,eng,The Great Gatsby
OL18202866M,,,by F. Scott Fitzgerald.,,
OL9673442M,,,,eng,The Great Gatsby
OL61357305M,,,,eng,Pride and Prejudice
OL53649908M,,,by Jane Austen ; with general introduction by R. Brimley Johnson,,
OL40856369M,Licence Creatives Commons BY-SA,Copyright,,,
OL61365152M,Jane Austen,Author name as appears on this edition,,eng,Pride and Prejudice
OL61365152M,Florenția Simion,Translator,,eng,Pride and Prejudice
OL53693054M,,,by Jane Austen ; with an introduction and notes by E.V. Lucas,,
OL53080481M,,,Jane Austen ; illustrated by Charles E. Brock,,
OL40693658M,James Zimmerhoff,Editor,,,
OL40680934M,Marco PEDULLA,Translator,,,
OL40686495M,Monty,Illustrator,,,
OL47117372M,Benjamin Briggent,Translator,,,
OL46614153M,Maria Fernanda San Martin,Translator,,,
OL43321615M,,,"by the author of ""Sense and sensibility.""",,
OL43878624M,,,by Miss Austen ; a biographical notice of the author,,
OL40576359M,Adam EVE,Illustrator,,,
OL42524045M,Leonardo Pablo Federico Sanchez Alonso,Translator,,,
OL40570614M,Charles E. Brock,Illustrator,,,
OL43725989M,,,a novel by Jane Austen ; with general introduction by R. Brimley Johnson,,
OL40583676M,Charles E. Brock,Illustrator,,,
OL40233898M,,,"J. Osŭtʻin ; Kim Mun-ha, omgim",,
OL40233788M,,,,eng,Pride and Prejudice
OL36296146M,Timeless Classic Books Staff,Editor,,,
OL36299429M,Wilma Baltus,Editor,,,
OL36303247M,Alex Struik,Illustrator,,,
OL36303304M,Richard S. Hartmetz,Editor,,,
OL5309769M,Matthew J. Bruccoli,Introduction,F. Scott Fitzgerald ; edited with an introd. by Matthew J. Bruccoli.,,
OL18194372M,,,by F. Scott Fitzgerald.,,
OL6677791M,,,by F. Scott Fitzgerald.,,
OL26491062M,,,,,The Great Gatsby
OL22583288M,,,F. Scott Fitzgerald.,,
OL24377009M,,,F. Scott Fitzgerald,,
OL17728569M,,,by F. Scott Fitzgerald.,,
OL23764396M,,,by F. Scott Fitzgerald.,,
OL21980376M,,,by F. Scott Fitzgerald. Foreword and study guide by Albert K. Ridout.,,
OL16667369M,,,F. Scott Fitzgerald ; with an introduction by Charles Scribner III ; and illustrations by Fred Meyer,,
OL30938084M,,,Fo Sikete Feicijielade zhu ; Zhou Dunren zhu shi ; [cha tu Jiang Minglu],,
OL26495297M,Franca Cavagnoli,Translator,,eng,The Great Gatsby
OL26495327M,Alessandro Pugliese,Translator,,eng,The Great Gatsby
OL9021189M,,,,eng,The Great Gatsby
OL1116053M,,,F. Scott Fitzgerald.,,
OL26495316M,,,,eng,The Great Gatsby
OL15315466M,Ariadna Demkowska-Bohdziewicz,Translator,tłumaczyła Ariadna Demkowska-Bohdziewicz.,eng,The Great Gatsby
OL1701743M,F. Scott Fitzgerald,Author,F. Scott Fitzgerald ; preface and notes by Matthew J. Bruccoli.,,
OL979312M,Matthew J. Bruccoli,Preface,F. Scott Fitzgerald ; preface by Matthew J. Bruccoli.,,
OL979312M,Calvin Chu,Jacket Design,F. Scott Fitzgerald ; preface by Matthew J. Bruccoli.,,
OL979312M,Francis Cugat,Cover Art and Illustrations,F. Scott Fitzgerald ; preface by Matthew J. Bruccoli.,,
OL26491063M,,,,eng,The Great Gatsby
OL22552645M,,,by F. Scott Fitzgerald.,,
OL17639736M,,,by F. Scott Fitzgerald ...,,
OL5651858M,,,[by] F. Scott Fitzgerald; illustrations by Charles Raymond.,,
OL19027223M,,,Feizijieluo zhu ; Qiaozhi Gao yi.,eng,The Great Gatsby
OL5250728M,,,by F. Scott Fitzgerald.,,
OL4462280M,,,F. Scott Fitzgerald ; illustrated by Barbara Fox.,,
OL13905684M,,,with an introduction by Charles Scribner III ; and illustrations by Fred Meyer.,,
OL32050900M,,,,ita,The great Gatsby
OL26495811M,Eric Coutelle,Translator,,eng,The Great Gatsby
OL27030269M,,,F. Scott Fitzgerald Neu übersetzt von Lutz-W. Wolff,,
OL26491547M,Ruth Prigozy,Introduction,,,
OL782874M,Matthew J. Bruccoli,Preface,F. Scott Fitzgerald ; preface and notes by Matthew J. Bruccoli.,,
OL782874M,Cherylynne Li,Cover Design,F. Scott Fitzgerald ; preface and notes by Matthew J. Bruccoli.,,
OL782874M,Francis Cugat,Cover Art and Illustrations,F. Scott Fitzgerald ; preface and notes by Matthew J. Bruccoli.,,
OL2712553M,Hal Siegel,Cover Art,by F. Scott Fitzgerald.,,
OL9219606M,Charles Scribner III,Introduction,,,
OL22952729M,,,Feizijieluo zhu ; Qiao Zhigao yi.,,
OL22227155M,,,F. Scott Fitzgerald.,,
OL26333594M,Henry Dan Piper,Author,,,
OL27978834M,Steve Shapiro,Cover Photographs,,,
OL22641690M,,,F. Scott Fitzgerald.,,
OL17783725M,,,by F. Scott Fitzgerald.,,
OL17780122M,,,Foreword and a study guide by Albert K. Ridout.,,
OL5578987M,J. F. Wyatt,Notes by,[by] F. Scott Fitzgerald; with commentary and notes by J. F. Wyatt.,,
OL24240611M,,,by F. Scott Fitzgerald.,,
OL32103018M,,,F. Scott Fitzgerald,,
OL23109860M,Francis Cugat,Cover Art,F. Scott Fitzgerald,,
OL23109860M,Cherylynne Li,Cover Design,F. Scott Fitzgerald,,
OL24746817M,,,F. Scott Fitzgerald,,
OL9490364M,,,,eng,The Great Gatsby
OL27244928M,,,F. Sikete Feicijielade zhu ; Xiao Kuixian yi,eng,The Great Gatsby
OL26491449M,Matthew J. Bruccoli,Editor,,,
OL22903656M,,,"F. Scott Fitzgerald ; [traducción, E. Piñas].",,
OL22570129M,,,F. Scott Fitzgerald ; edited with an introduction and notes by Ruth Prigozy.,,
OL27978955M,,,,eng,The Great Gatsby
OL27140325M,,,Jane Austen ; traduzione di Giulio Caprin,,
OL1274769M,,,Jane Austen ; introduction by Anna Quindlen.,,
OL36316213M,Guido Montelupo,Editor,,,
OL36315607M,Natalie Montoto,Editor,,,
OL36315746M,Rafael Sanchez Juarez,Editor,,,
OL36315747M,Maxim Montoto,Editor,,,
OL36313855M,Raul Bracho,Translator,,,
OL36315111M,Raul Bracho,Translator,,,
OL39478808M,,,Jane Austen ; traduzione di Fernanda Pivano,,
OL39115287M,,,,eng,Pride and Prejudice
OL39480358M,,,,eng,Pride and Prejudice
OL25372313M,David M. Shapard,Editor,"Jane Austen ; annotated and edited, with an Introduction, by David M. Shapard",,
OL26396691M,Ellen K. Gregory,Foreword,,,
OL26396691M,Claude Monet,Cover Art,,,
OL25153686M,,,Jane Austen,,
OL25624382M,,,,eng,Pride and Prejudice
OL25122466M,,,Jane Austen,,
OL26396694M,Alejandro Pareja,Translator,,eng,Pride and Prejudice
OL26374866M,,,,eng,Pride and Prejudice
OL26400517M,Ana María Rodríguez,Translator,,eng,Pride and Prejudice
OL25560092M,Philip M. Parker,Editor,Jane Austen ; [edited by Philip M. Parker],,
OL9463377M,Helga Schulz,Translator,,eng,Pride and Prejudice
OL9463377M,Angelika Beck,Afterword,,eng,Pride and Prejudice
OL26396699M,Attilio Bertolucci,Introduction,,eng,Pride and Prejudice
OL26396699M,Isa Maranesi,Translator,,eng,Pride and Prejudice
OL22908426M,,,yüan chu Jane Austen ; yi zhe Qian Hanmin.,eng,Pride and Prejudice
OL26396432M,Laurent Bury,Translator,,eng,Pride and Prejudice
OL26395775M,H.M. Brock,Illustrator,,,
OL35734797M,,,Aosiding zhu ; Zhang Jinghao yi,,
OL19403345M,Richard Church,Illustrator,introduction by Richard Church ; wood engravings by Joan Hassall.,,
OL26413247M,,,,eng,Pride and Prejudice
OL9447194M,Kate Reading,Narrator,,,
OL25169451M,,,by Jane Austen,,
OL26399817M,,,,eng,Pride and Prejudice
OL9145727M,,,,eng,Pride and Prejudice
OL25177804M,,,Jane Austen,,
OL26394643M,,,,eng,Pride and Prejudice
OL26392154M,Sergio Pitol,Prologue,,eng,Pride and Prejudice
OL26392154M,Armando Lázaro y Ros,Translator,,eng,Pride and Prejudice
OL26394069M,Emilia Fox,Narrator,,,
OL26394069M,Jane Morgan,Producer,,,
OL26394069M,Sarah Butche,Editor,,,
OL26394069M,Helen Davies,Notes by,,,
OL26394551M,Karin von Schwab,Translator,,eng,Pride and Prejudice
OL26397077M,Cecilia Montonati,Translator,,eng,Pride and Prejudice
OL26396982M,,,,eng,Pride and Prejudice
OL26396422M,Szenczi Miklós,Translator,,eng,Pride and Prejudice
OL26399568M,Malarie Piercy,Illustrator,,,
OL26398324M,Charles Edmund Brock,Illustrator,,,
OL26398324M,George Saintsbury,Introduction,,,
OL10416545M,Philip M. Parker,Editor,,,
OL26394078M,Marion Martienzen,Narrator,,eng,Pride and Prejudice
OL26395073M,Gregory F. Tague,Editor,,,
OL26114336M,Charley Darbishire,Notes by,,,
OL26114336M,Heather Gregson,Notes by,,,
OL26114336M,Murray Hamilton,Notes by,,,
OL26114336M,Edmund Robinson,Notes by,,,
OL26114336M,Caley Simpson,Notes by,,,
OL26114336M,Jennifer Underwood,Notes by,,,
OL26114336M,Chrissy Williams,Notes by,,,
OL26114336M,Madeleine Gillies,Proofreader,,,
OL26114336M,Rachel Powers,Proofreader,,,
OL26114336M,Karen Wells,Proofreader,,,
OL26114336M,Victoria Bellamy,Cover Photographs,,,
OL26396150M,Linda Jennings,Editor,,,
OL25153687M,,,Jane Austen,,
OL26399868M,,,,eng,Pride and Prejudice
OL25549704M,Philip M. Parker,Editor,Jane Austen ; [edited by Philip M. Parker],,
OL26413236M,Vincent Verret,Editor,,,
OL26399555M,Oliver Garrett,Editor,,,
OL26413239M,,,,eng,Pride and Prejudice
OL26394063M,Giulio Caprin,Translator,,eng,Pride and Prejudice
OL26394063M,Isobel Armstrong,Introduction,,eng,Pride and Prejudice
OL26394063M,W. Somerset Maugham,Contributor,,eng,Pride and Prejudice
OL26395832M,Flo Gibson,Narrator,,,
OL26395114M,George Saintsbury,Preface,,,
OL26395114M,Hugh Thomson,Illustrator,,,
OL26400525M,V. Leconte,Translator,,eng,Pride and Prejudice
OL26400525M,Ch. Pressoir,Translator,,eng,Pride and Prejudice
OL26397334M,Marcella Furtado,Translator,,eng,Pride and Prejudice
OL26398371M,Luis Benítez,Prologue,,eng,Pride and Prejudice
OL26400227M,,,,eng,Pride and Prejudice
OL24513132M,,,by Jane Austen ; with a general introd. by Mark Schorer,,
OL26408652M,Jose Jordan de Urries y Azara,Translator,,eng,Pride and Prejudice
OL26408652M,Hugh Thomson,Illustrator,,eng,Pride and Prejudice
OL26398127M,Böbe Weisz,Translator,,eng,Pride and Prejudice
OL26402265M,Moise Perks,Translator,,eng,Pride and Prejudice
OL3310687M,George Saintsbury,Preface,by Jane Austen ; with a preface by George Saintsbury and illustrations by Hugh Thomson.,,
OL3310687M,Hugh Thomson,Illustrator,by Jane Austen ; with a preface by George Saintsbury and illustrations by Hugh Thomson.,,
OL26399552M,C.E. Brock,Illustrator,,,
OL26400526M,,,,eng,Pride and Prejudice
OL26396975M,Cecilia Montonati,Translator,,,
OL26398339M,Claudia Manzolelli,Translator,,eng,Pride and Prejudice
OL26396403M,E. Montgomery Ashford,Notes by,,,
OL26396407M,Andrea Ott,Translator,,eng,Pride and Prejudice
OL26396407M,Elfi Bettinger,Afterword,,eng,Pride and Prejudice
OL26398099M,C.E. Brock,Illustrator,,,
OL26398099M,J.E. Austen-Lee,Cover Art,,,
OL28277522M,,,"Ao si ting, sun zhi li",eng,Pride and Prejudice
OL25595455M,,,Jen Ostan ; parivartaka Anandapiya Kudatihi,,
OL8870229M,Carol Howard,Introduction,,,
OL8870229M,George Steade,Consulting Editor,,,
OL3695092M,David M. Shapard,Editor,"Jane Austen ; annotated and edited, with an introduction, by David M. Shapard.",,
OL26396946M,Michel Laporte,Translator,,eng,Pride and Prejudice
OL26399938M,Angie Zambrano,Cover Design,,,
OL26397946M,Hugh Thomson,Illustrator,,,
OL27788025M,,,"Ao si ting, zhang long sheng",eng,Pride and Prejudice
OL37066279M,,,"Jane Austen ; anuwādaka, Accarū Siṅgha",eng,Pride and Prejudice
OL26400539M,Hugh Thomson,Illustrator,,eng,Pride and Prejudice
OL26400539M,Michael Evanson,Cover Design,,eng,Pride and Prejudice
OL7358728M,Vivien Jones,Contributor,,,
OL27260627M,,,"Ao si ting, guo man",eng,Pride and Prejudice
OL28141623M,,,"Ao si ting, zhang xiao yu",eng,Pride and Prejudice
OL26410187M,,,,eng,Pride and Prejudice
OL26397315M,Karin von Schwab,Translator,,eng,Pride and Prejudice
OL26397315M,Édouard Manet,Cover Art,,eng,Pride and Prejudice
OL26398487M,,,,eng,Pride and Prejudice
OL23576094M,,,Jane Austen.,,
OL23926610M,Mike Tyler,Foreword,Jane Austen ; foreword by Mike Tyler.,,
OL23961975M,,,Jane Austen.,,
OL23217682M,Joseph Pearce,Editor,Jane Austin ; edited by Joseph Pearce.,,
OL23217682M,Christopher Blum,Contributor,Jane Austin ; edited by Joseph Pearce.,,
OL23217682M,Anthony Esolen,Contributor,Jane Austin ; edited by Joseph Pearce.,,
OL23217682M,Richard Harp,Contributor,Jane Austin ; edited by Joseph Pearce.,,
OL23217682M,Douglas Lane Patey,Contributor,Jane Austin ; edited by Joseph Pearce.,,
OL2872132M,,,by Jane Austen ; illustrations by Gene Sparkman ; afterword by Katherine C. Hill-Miller.,,
OL22615617M,V. Leconte,Translator,par Jane Austen ; traduit de l'anglais par V. Leconte et Ch. Pressoir ; préface de Virginia Woolf traduite de l'anglais par Denise Getzler ; note biographique par Jacques Roubaud.,eng,Pride and Prejudice
OL22615617M,Ch. Pressoir,Translator,par Jane Austen ; traduit de l'anglais par V. Leconte et Ch. Pressoir ; préface de Virginia Woolf traduite de l'anglais par Denise Getzler ; note biographique par Jacques Roubaud.,eng,Pride and Prejudice
OL3817412M,,,Jane Austen ; edited wih an introduction by Tony Tanner.,,
OL6046009M,,,introd. by Robert Daniel.,,
OL6503163M,,,"by Jane Austen, adapted by Mabel Dodge Holmes ... edited by Grace A. Benscoter ...",,
OL13882774M,,,illustrated by Edgar Cirlin; with an introduction by May Lamerton Becker.,,
OL18564130M,,,with an introduction by Austin Dobson ; illustrated by Charles E. Brock.,,
OL6399537M,,,by Jane Austen ; with preface by Frank Swinnerton ; and illustrations by Helen Sewell.,,
OL13752874M,,,with an introduction by John Bailey.,,
OL6748883M,,,by Jane Austen; illustrated by Véra Willoughby.,,
OL6628461M,,,by Jane Austen.,,
OL14494903M,,,by Jane Austen.,,
OL13642036M,,,illustrated by Charles E. Brock; with an introduction by Austin Dobson.,,
OL26396977M,C.E. Brock,Illustrator,,,
OL26396978M,David Widger,Producer,,,
OL24061193M,,,Jane Austen.,,
OL23257812M,,,by Jane Austen ; illustrations by Gene Sparkman ; afterword by Katherine C. Hill-Miller.,,
OL3491943M,,,Jane Austen ; edited with an introduction by Tony Tanner ; illustrated by Hugh Thomson.,,
OL4098826M,,,Jane Austen.,,
OL6049007M,,,ed. by W. Somerset Maugham; illus. by Douglas Gorsline.,,
OL13649306M,,,by Jane Austen ; introduction by R.W.Chapman.,,
OL13542778M,,,by Jane Austen ; illustrated by Charles E. Brock ; with an introduction by Austin Dobson.,,
OL842052M,,,by Jane Austen ; with a preface by George Saintsbury and illustrations by Hugh Thomson.,,
OL26397320M,Karin von Schwab,Translator,,eng,Pride and Prejudice
OL23702924M,Mike Tyler,Foreword,Jane Austen ; foreword by Mike Tyler.,,
OL3165352M,,,Jane Austen ; illustrated by Hugh Thomson.,,
OL21845129M,,,,eng,Pride and Prejudice
OL4134202M,,,Jane Austen ; with the ill. of Hugh Thomson.,,
OL17235582M,,,by Jane Austen illustrated by Chris. Hammond with and introduction by William Keith Leask.,,
OL13900673M,,,by Jane Austen.,,
OL21666788M,,,by J. Austen.,,
OL6750234M,,,by Jane Austen; illustrated by Véra Willoughby.,,
OL327689M,,,"Jeina Ôsṭena ; bhāshāntara karāvī prakaṭa karanāra, Kr̥shṇaprasāda Maṇīśaṅkara Śāstrī.",,
OL13917641M,,,"Jane Austen ; edited with introduction, etc. by K.M. Metcalfe.",,
OL6922455M,,,by Jane Austen.,,
OL13561337M,,,by Jane Austen ; illustrated by Charles E. Brock ; with an introduction by Austin Dobson.,,
OL21739254M,,,Jane Austin ; with an introd. by Austin Dobson ; illustrated by Charles E. Brock.,,
OL6775667M,,,by Jane Austen ...,,
OL18200730M,,,by Jane Austen.,,
OL16816796M,,,by Jane Austen.,,
OL19413392M,,,by Jane Austen....,,
OL13827105M,,,by Jane Austen.,,
OL13663173M,,,illustrated by Charles E. Brock.,,
OL3471896M,Karen Davidson,Contributor,supplementary material written by Karen Davidson ; series ed. by Cynthia Brantley Johnson.,,
OL3471896M,Cynthia Brantley Johnson,Series General Editor,supplementary material written by Karen Davidson ; series ed. by Cynthia Brantley Johnson.,,
OL26413809M,Roland Frost,Photographer,,,
OL26410186M,Karin von Schwab,Translator,,eng,Pride and Prejudice
OL26408892M,Craig Stephen Copland,Series General Editor,,,
OL26408520M,John Smith,Editor,,,
OL26404141M,Christian Grawe,Translator,,eng,Pride and Prejudice
OL26404141M,Ursula Grawe,Translator,,eng,Pride and Prejudice
OL26403008M,,,,eng,Pride and Prejudice
OL20088575M,,,by Jane Austen.,,
OL24252632M,Margaret Drabble,Introduction,,,
OL24252632M,Eloisa James,Afterword,,,
OL16405928M,Giulio Caprin,Translator,,eng,Pride and Prejudice
OL16405928M,W. Somerset Maugham,Contributor,,eng,Pride and Prejudice
OL26406513M,H.M. Brock,Illustrator,,,
OL26404317M,H.M. Brock,Illustrator,,,
OL26404145M,,,,eng,Pride and Prejudice
OL26403960M,Hugh Thomson,Illustrator,,,
OL26403960M,George Saintsbury,Preface,,,
OL26402997M,,,,eng,Pride and Prejudice
OL13561673M,,,"by the author of ""Sense and sensibility.""",,
OL26410183M,,,,eng,Pride and Prejudice
OL26406550M,Valentine LeConte,Translator,,eng,Pride and Prejudice
OL26406550M,Charlotte Pressoir,Translator,,eng,Pride and Prejudice
OL26406407M,Paola Zannoner,Preface,,eng,Pride and Prejudice
OL26404138M,,,,eng,Pride and Prejudice
OL26403956M,,,,eng,Pride and Prejudice
OL26403009M,,,,eng,Pride and Prejudice
OL26402598M,William Dean Howells,Introduction,,,
OL26402598M,Charles Edmund Brock,Illustrator,,,
OL26402588M,,,,eng,Pride and Prejudice
OL39804040M,Justo Navarro Velilla,Translator,,,
OL26402562M,,,,eng,Pride and Prejudice
OL26402530M,,,,eng,Pride and Prejudice
OL26402277M,Valentine Leconte,Translator,,eng,Pride and Prejudice
OL26402277M,Charlotte Pressoir,Translator,,eng,Pride and Prejudice
OL26402277M,Charles Edmund Brock,Illustrator,,eng,Pride and Prejudice
OL26402034M,Jan Oliviera,Editor,,,
OL26400520M,,,,eng,Pride and Prejudice
OL27127534M,,,Jēn Ōsutin saku ; Tomita Akira yaku,,
OL26402532M,,,,eng,Pride and Prejudice
OL26402298M,,,,eng,Pride and Prejudice
OL26402293M,Tony Tanner,Introduction,,eng,Pride and Prejudice
OL26402293M,Ana María Rodríguez,Translator,,eng,Pride and Prejudice
OL26402293M,Sílvia Pons Pradilla,Translator,,eng,Pride and Prejudice
OL26402288M,C.E. Brock,Illustrator,,,
OL26402027M,Cecilia Montonati,Translator,,eng,Pride and Prejudice
OL22999827M,,,Ōsutin ; Abe Tomoji yaku.,,
OL22953664M,,,Zhen Aositing zhu ; Li Shuzhen bian yi.,eng,Pride and Prejudice
OL26402055M,Amy Ormond,Cover Design,,,
OL26402037M,Hugh Thompson,Illustrator,,,
OL26400944M,William Dean Howells,Introduction,,,
OL26400944M,C.E. Brock,Illustrator,,,
OL26400085M,C.E. Brock,Illustrator,,eng,Pride and Prejudice
OL26400085M,Éloïse Perks,Translator,,eng,Pride and Prejudice
OL6805975M,,,by Jane Austen.,,
OL4448441M,,,Jane Austen ; with the ill. of Charles E. Brock.,,
OL5386472M,,,edited with an introduction by Frank W. Bradbrook; textual notes and bibliography by James Kinsley.,,
OL13868030M,,,Jane Austen.,,
OL23765917M,,,Jane Austen ; edited with an introduction by Tony Tanner.,,
OL6019299M,,,with introduction and notes by A. R. Tomkins.,,
OL23765916M,,,ed. by R. W. Chapman.,,
OL22949274M,,,Ōsutin ; Nakano Yoshio yaku.,,
OL5883170M,,,Bradford A. Booth [compiler],,
OL13752864M,,,with an afterword by Joann Morse.,,
OL23765914M,,,by Jane Austen.,,
OL6069087M,,,Jane Austen; introduction by R. B. Johnson.,,
OL30727485M,,,Jane Austen,,
OL27131192M,,,Jian Aositing zhu ; Fang Huawen yi,,
OL26944582M,,,Jian Aosiding zhu ; Sun Zhili yi,,
OL13192769M,,,,eng,Pride and Prejudice
OL13972885M,,,"edited by R.W. Chapman. Vol.2, Pride and prejudice.",,
OL7385119M,Clare West,Retold by,,,
OL12729390M,Clare West,Retold by,,,
OL9019191M,,,,eng,Pride and Prejudice
OL5750930M,,,With a critical and biographical profile of Jane Austen by John W. Loofbourow.,,
OL25254938M,Rosa Pino,Translator,,,
OL5653647M,G. C. Rosser,Commentary,edited with a critical commentary by G. C. Rosser.,,
OL5938103M,,,With an introd. by Rosemary G. Wilson.,,
OL5829699M,,,With a new introd. by Elizabeth Stevenson.,,
OL5804903M,,,Introd. de Carlos Fuentes.,,
OL18633788M,,,by Jane Austen ; introduction by Richard Church ; wood-engravings by Joan Hassall.,,
OL21402896M,,,introduction by Richard Church ; wood-engravings by Joan Hassall.,,
OL19046379M,,,With an introd. by Mark Schorer.,,
OL23340853M,,,With an introd. by Austin Dobson. Illus. by Charles E. Brock.,,
OL6068154M,,,Jane Austen ; with an introduction by Louis Kronenberger.,,
OL30503879M,,,Jane Austen,,
OL27198292M,,,Zhen Aosideng zhu ; Ci En yi zhu,,
OL27198285M,,,Zhen Aositing zhu ; Sun Zhili yi,,
OL13266507M,,,,eng,Pride and Prejudice
OL22943474M,,,Zhen Aositing zhu.,,
OL7384971M,Clare West,Retold by,,,
OL19985740M,,,Aosiding zhu ; Wang Keyi yi.,,
OL19636795M,,,Jane austen ; tradução de José da Natividade Gaspar.,,
OL13854731M,,,traduzione di Giolio Caprin ; rivista da CarlaMartinolli.,,
OL5535659M,,,Edited by A. Walton Litz.,,
OL5856598M,,,Illustrated by Bernarda Bryson. Afterword by Clifton Fadiman.,,
OL27215657M,,,Dzheĭn Ostin ; [perevod s angliĭskogo I. G. Gurovoĭ],,
OL27127116M,,,"Jane Austen ; [người dịch, Diệp Minh Tâm]",eng,Pride and Prejudice
OL22068544M,,,Dzheǐn Ostin ; izd. podgotovili N.M. Demurova ... [et al.],,
OL9130256M,,,,eng,Pride and Prejudice
OL9526767M,,,,eng,Pride and Prejudice
OL23001727M,,,Dzheĭn Osten ; [perevod s angliĭskogo I.G. Gurovoĭ].,eng,Pride and Prejudice
OL18776010M,,,"by the author of ""Sense and sensibility"".",,
OL27082508M,,,Jane Austen ; [edited by Philip M. Parker],,
OL27082509M,,,Jane Austen ; [edited by Philip M. Parker],,
OL26399554M,Ângela Miranda Cardoso,Translator,,por,Pride and Prejudice
OL26399554M,Maria João da Rocha Afonso,Translator,,por,Pride and Prejudice
OL26398341M,Laurence Francis Harrison,Introduction,,,
OL7382219M,R. W. Chapman,Editor,,,
OL34086613M,Andronum,Cover Art,,,
OL13677075M,,,with illustrations by B. Gordon Smith.,,
OL26535656M,,,by Jane Austen with an afterword by Joann Morse,,
OL26399571M,Annelies Roeleveld,Translator,,eng,Pride and Prejudice
OL26399571M,Margret Stevens,Translator,,eng,Pride and Prejudice
OL26399567M,C.E. Brock,Illustrator,,eng,Pride and Prejudice
OL26399567M,Éloïse Perks,Translator,,eng,Pride and Prejudice
OL26399091M,,,,spa,Pride and Prejudice
OL7357627M,Joanna Strange,Retold by,,,
OL26399928M,,,,eng,Pride and Prejudice
OL26399576M,Erika Svanoe,Foreword,,,
OL26398359M,Jay Winer,Cover Photographs,,,
OL26398353M,C.E. Brock,Illustrator,,,
OL26398171M,C.E. Brock,Illustrator,,,
OL26398143M,Charles Edmund Brock,Illustrator,,eng,Pride and Prejudice
OL6898414M,,,Jane Austen.,,
OL35700670M,Margarete Rauchenberger,Translator,,eng,Pride and Prejudice
OL22052515M,,,traducción de Fernando Durán.,,
OL34081769M,Joni Njl,Illustrator,,,
OL30085170M,,,Jane Austen ; traduit de l'anglais et adapté par Michel Laporte,,Pride and Prejudice
OL28145106M,,,"Aosiding zhu ; Zhang Ling, Zhang Yang yi",eng,Pride and Prejudice
OL28259322M,,,Jian Aosiding zhu ; Lei Limei yi,,Pride and Prejudice
OL32960566M,,,Zhen Aositing zhu ; [Lei Limei yi],eng,Pride and Prejudice
OL33202729M,,,"by the author of ""Sense and sensibility,"" &c",,
OL37035807M,,,,eng,Pride and Prejudice
OL26336747M,,,by Jane Austen,,
OL33021878M,,,Jane Austen ; introduzione di Melania Mazzucco ; traduzione di Maria Luisa Agosti Castellani,,Pride and Prejudice
OL32102654M,,,Dzheĭn Osten ; perevod s angliĭskogo I.G. Gurovoĭ,eng,Pride and Prejudice
OL28309627M,,,"Jian Aosiding zhu ; Zhang Ling, Zhang Yang yi",eng,Pride and Prejudice
OL25451810M,,,by Jane Austen ; with general introduction by R. Brimley Johnson,,
OL26397542M,,,,eng,Pride and Prejudice
OL26397533M,Luisa Corbetta,Introduction,,eng,Pride and Prejudice
OL7360060M,Joanna David,Narrator,,,
OL7360060M,Thomas Lawrence,Cover Art,,,
OL7360060M,Ann Rees Jones,Contributor,,,
OL7360060M,Mellie Buse,Producer,,,
OL10951250M,,,,eng,Pride and Prejudice
OL3578947M,,,Jane Austen.,,
OL12863129M,,,,eng,Pride and Prejudice
OL9133940M,,,,eng,Pride and Prejudice
OL9334448M,Laura Garcia,Narrator,,eng,Pride and Prejudice
OL8910070M,,,,eng,Pride and Prejudice
OL6795614M,Teresa Delgado,Cover Design,Jane Austen.,,
OL13354447M,,,,eng,Pride and Prejudice
OL9032493M,,,,eng,Pride and Prejudice
OL9042153M,,,,eng,Pride and Prejudice
OL23080333M,,,Ōsutin ; Nakano Yoshio yaku.,eng,Pride and Prejudice
OL13224732M,,,,eng,Pride and Prejudice
OL788921M,,,edited by James Kinsley ; with a new introduction by Isobel Armstrong ; notes by Frank W. Bradbrook.,,
OL3311794M,,,Jane Austen ; adapted by Fern Siegel ; illustrations by Joseph Miralles.,,
OL12338500M,,,,eng,Pride and Prejudice
OL26398137M,Karin von Schwab,Translator,,eng,Pride and Prejudice
OL26397941M,Pat Rogers,Editor,,,
OL26397941M,Janet Todd,General Editor,,,
OL26397453M,Max Bollinger,Editor,,,
OL26397333M,Marcella Furtado,Translator,,eng,Pride and Prejudice
OL26397327M,Karin von Schwab,Translator,,eng,Pride and Prejudice
OL26397327M,Isabelle Fuchs,Contributor,,eng,Pride and Prejudice
OL26397091M,,,,eng,Pride and Prejudice
OL9765704M,,,,eng,Pride and Prejudice
OL13330416M,,,,eng,Pride and Prejudice
OL13351721M,,,,eng,Pride and Prejudice
OL38010M,,,"by Jane Austen ; edited by Andrew Worrall ; series editor, John Seely.",,
OL23035176M,,,Jane Austen ; traducción de Ana Ma. Rodríguez ; prólogo de Lourdes Ventura.,eng,Pride and Prejudice
OL13122069M,,,,eng,Pride and Prejudice
OL7384010M,James Kinsley,Editor,,,
OL7384010M,Isobel Armstrong,Introduction,,,
OL7384010M,Frank W. Bradbrook,Notes by,,,
OL7384010M,Frederick Say,Cover Art,,,
OL19581902M,Ana Ma. Rodríguez,Translator,traducción de Ana Ma. Rodríguez.,eng,Pride and Prejudice
OL13056819M,,,,eng,Pride and Prejudice
OL22945194M,,,Zhen Aositing zhu ; [yi zhe Chen Huiling].,eng,Pride and Prejudice
OL9177005M,,,,,Pride and Prejudice
OL11717747M,Fern Siegel,Adaptation,,,
OL9112068M,Ana Ma. Rodríguez,Translator,,eng,Pride and Prejudice
OL9112068M,Alfonso Lozano,Photograph,,eng,Pride and Prejudice
OL23141496M,Nancy Moser,Foreword,Jane Austen.,,
OL23141496M,Jennifer Parker,Cover Design,Jane Austen.,,
OL12998604M,,,,eng,Pride and Prejudice
OL26398118M,,,,eng,Pride and Prejudice
OL26398079M,C.E. Brock,Illustrator,,,
OL9078630M,Andrea Ott,Translator,,eng,Pride and Prejudice
OL9078630M,Elfi Bettinger,Afterword,,eng,Pride and Prejudice
OL9025119M,,,,eng,Pride and Prejudice
OL12727499M,,,,eng,Pride and Prejudice
OL7701310M,Anna Quindlen,Introduction,,,
OL7701310M,Margaret Oliphant,Commentary,,,
OL7701310M,George Saintsbury,Commentary,,,
OL7701310M,Mark Twain,Commentary,,,
OL7701310M,A. C. Bradley,Commentary,,,
OL7701310M,Walter A. Raleigh,Commentary,,,
OL7701310M,Virginia Woolf,Commentary,,,
OL7701310M,Gabrielle Bordwin,Cover Design,,,
OL7701310M,Hugh Thomson,Cover Art and Illustrations,,,
OL9176990M,,,,eng,Pride and Prejudice
OL9053579M,,,,eng,Pride and Prejudice
OL6895116M,,,Jane Austen ; with an  introduction by William Trevor.,,
OL1449213M,,,Jane Austen.,,
OL18504750M,,,,eng,Pride and Prejudice
OL16681746M,,,traduit de l'anglais par V. Leconte et Ch. Pressoir ; préface de Virginia Woolf ; note bibliographique par Jacques Roubaud.,eng,Pride and Prejudice
OL24377565M,R. W. Chapman,Indexer,Jane Austen ; with an introd. by R.W. Chapman,,
OL34074906M,Madison Clark,Editor,,,
OL22111801M,,,BBC Video ; presentation by Vivienne Cozens ; produced by Jonathan Powell ; directed by Cyril Coke ; screenplay by Fay Weldon.,,
OL15518278M,,,Jane Austen :,,
OL1157821M,,,Jane Austen ; edited by Pamela Norris ; introduction by Peter Conrad.,,
OL16688504M,,,przełozyła Anna Przedpełska-Trzeciakowska.,eng,Pride and Prejudice
OL8032754M,Julia Prewitt Brown,Author,,,
OL8032754M,Tony Schmidt,Cover Design,,,
OL8032754M,Loren Long,Cover Art and Illustrations,,,
OL8032754M,Stephanie Longo,Designer,,,
OL15314567M,,,przełozyła Anna Przedpełska-Trzeciakowska.,eng,Pride and Prejudice
OL23245240M,,,Jane Austen ; with an introduction by Peter Conrad.,,
OL2332191M,,,illustrated by Ian Beck.,,
OL34070975M,David Widger,Prepared by,,,
OL34065878M,Owen Smit,Editor,,,
OL34060755M,Alessia Rossi,Editor,,,
OL34060652M,David Widger,Prepared by,,,
OL26397074M,Maria Luisa Agosti Castellani,Translator,,,
OL26397074M,Francesca Leoneschi,Art Director,,,
OL26397074M,Laura Dal Maso,Graphic Layout,,,
OL26396987M,Paola Cortellesi,Narrator,,eng,Pride and Prejudice
OL26396940M,Živojin Simić,Translator,,eng,Pride and Prejudice
OL26397063M,Leonardo Carriero,Editorial Director,,,
OL26397045M,Alfredo Mazzanti,Translator,,eng,Pride and Prejudice
OL26397045M,Raffaello Tutinelli,Translator,,eng,Pride and Prejudice
OL26396974M,Alexandre Barbosa de Souza,Translator,,eng,Pride and Prejudice
OL26396974M,Vivien Jones,Preface,,eng,Pride and Prejudice
OL26396974M,Tony Tanner,Introduction,,eng,Pride and Prejudice
OL26396698M,Margarete Rauchenberger,Translator,,eng,Pride and Prejudice
OL26396685M,Berliani M. Nugrahani,Translator,,eng,Pride and Prejudice
OL26396685M,Emi Kusmiati,Proofreader,,eng,Pride and Prejudice
OL26396684M,Ian Littlewood,Introduction,,,
OL26396980M,Gun-Britt Sundström,Translator,,eng,Pride and Prejudice
OL26396686M,V. Leconte,Translator,,eng,Pride and Prejudice
OL26396686M,Ch. Pressoir,Translator,,eng,Pride and Prejudice
OL26396436M,Karin von Schwab,Translator,,,
OL34043152M,Lily Mathew,Editor,,,
OL34038452M,Bryan Hunt,Editor,,,
OL34038428M,Sheba Blake,Editor,,,
OL38582720M,,,,eng,Throne of Glass
OL26450459M,,,,eng,Throne of Glass
OL20121303M,,,by Penny Jordon.,,
OL35642725M,José Luis Piquero,Translator,,,
OL38630968M,,,"F. Sŭk'ot P'ich'ŭjerŏldŭ chiŭm ; Kim Mun-yu, Kim Ha-yŏng omgim",,
OL24729952M,,,"introduction by Dennis Potter, lithographs by Glynn Boyd Harte",,
OL36697222M,Bruno Galiza,Translator,,eng,Throne of Glass
OL36697222M,Lia Raposo,Translator,,eng,Throne of Glass
OL36697222M,Rodrigo Santos,Translator,,eng,Throne of Glass
OL36697222M,Mariana Kohnert,Translator,,eng,Throne of Glass
OL23153236M,,,Sarah Morgan.,,
OL32818852M,,,F. Scott Fitzgerald ; vert. [uit het Engels] door Henne van der Kooy,,
OL40295525M,,,Francis Scott Fitzgerald ; a cura di Fernanda Pivano,,
OL44680677M,,,F. Scott Fitzgerald,,
OL26809288M,,,,eng,Throne of Glass
OL25290141M,,,by Sarah J. Maas,,
OL26564618M,Ryan Hobson,Cover Design,,,
OL14980461M,,,by Penny Jordan.,,
OL20236630M,,,traduit de l'américain par Marguerite Chevalley ; préface d'André Bay.,,
OL28181209M,,,F. Scott Fitzgerald,,
OL24945993M,,,F. Scott Fitzgerald,,
OL22163729M,,,F. Scott Fitzgerald ; introduction and notes by Guy Reynolds.,,
OL26492255M,Guy Reynolds,Introduction,,,
OL26492255M,Robert Mathias,Cover Design,,,
OL26492255M,Nathan Clair,Cover Art and Illustrations,,,
OL23155655M,,,F. Scott Fitzgerald.,,
OL13567718M,,,by F. Scott Fitzgerald.,,
OL17287495M,,,Margaret Mayo.,,
OL14977516M,,,by Anne Mather.,,
OL22840833M,,,F. Scott Fitzgerald.,,
OL26492254M,Guy Reynolds,Introduction,,,
OL28176452M,Jake Gyllenhaal,Narrator/Reader,,,
OL20088615M,,,Francis Scott Fitzgerald ; traduzione di Fernanda Pivano.,,
OL24950329M,,,Margaret Mayo,,
OL39795281M,,,Francis Scott Fitzgerald ; traducción y prólogo de José Luis Piquero,,
OL32101313M,,,Francis Scott Fitzgerald ; traduit de l'anglais (États-Unis) par Jacques Tournier,,
OL31831443M,"OverDrive, Inc",Contributor,,,
OL31831443M,"Scourby, Alexander, 1913-1985",Contributor,,,
OL32852133M,Richard S. Hartmetz,Editor,,,
OL32788876M,Jake Gyllenhaal,Narrator/Reader,,,
OL22775174M,,,with an introduction by Matthew J. Bruccoli.,,
OL17744162M,,,by F. Scott Fitzgerald.,,
OL1452002M,,,by Margaret Mayo.,,
OL34037133M,Alicar Regges,Editor,,,
OL34106642M,Dainy d. Angeles,Editor,,,
OL26396397M,Jean Privat,Translator,,eng,Pride and Prejudice
OL26396138M,Fernanda Pivano,Translator,,eng,Pride and Prejudice
OL26395837M,Nadia May,Narrator,,,
OL26395107M,George Saintsbury,Preface,,,
OL26395107M,Hugh Thomson,Illustrator,,,
OL26395017M,Sam Torode,Designer,,,
OL26394120M,Nancy Moser,Foreword,,,
OL26394105M,,,,eng,Pride and Prejudice
OL26394067M,Paul Moliken,Senior Editor,,,
OL26394067M,Sondra Y. Abel,Editor,,,
OL26394067M,Elizabeth Scott,Editor,,,
OL26394067M,Maria J. Mendoza,Cover Design,,,
OL26394067M,Jerry Clark,Producer,,,
OL34091741M,Ravell,Editor,,,
OL26396423M,Alejandro Pareja,Translator,,eng,Pride and Prejudice
OL26396417M,Luciana Pirè,Series General Editor,,,
OL26395147M,Jenny Agutter,Narrator,,,
OL26394594M,Vivien Jones,Editor,,,
OL26394594M,Tony Tanner,Introduction,,,
OL26394594M,Juliette Wells,Editor,,,
OL26394062M,Luciana Pirè,Editor,,,
OL34091742M,Roderis Escalona,Translator,,,
OL26396431M,Joseph Pearce,Editor,,,
OL26396431M,Henry Glindoni,Cover Art,,,
OL26396431M,John Herreid,Cover Design,,,
OL26396431M,Christopher Blum,Contributor,,,
OL26396431M,Anthony Esolen,Contributor,,,
OL26396431M,Richard Harp,Contributor,,,
OL26396431M,Douglas Lane Patey,Contributor,,,
OL26396428M,Riccardo Reim,Introduction,,eng,Pride and Prejudice
OL26396428M,I. Castellini,Translator,,eng,Pride and Prejudice
OL26396428M,N. Rosi,Translator,,eng,Pride and Prejudice
OL26395843M,,,,eng,Pride and Prejudice
OL26395144M,Ruben Toledo,Book Designer,,,
OL26394631M,James Kinsley,Editor,,,
OL26394631M,Fiona Stafford,Introduction,,,
OL26394626M,Josephine Bailey,Narrator,,,
OL26394569M,Hugh Thomson,Illustrator,,,
OL26394079M,,,,eng,Pride and Prejudice
OL26392061M,Stanley Applebaum,General Editor,,,
OL26392061M,Candace Ward,Editor,,,
OL26303726M,Joann Morse,Afterword,,,
OL11966018M,Margaret Drabble,Introduction,,,
OL35671392M,,,,eng,Pride and Prejudice
OL26391968M,Celia Johnson,Narrator,,,
OL26391968M,Frances Welch,Editor,,,
OL32784726M,Helga Schulz,Translator,,eng,Pride and Prejudice
OL22890514M,,,by Jane Austen ; introduction by R. Brimley Johnson.,,
OL5333729M,,,edited with an introduction by Tony Tanner.,,
OL1269710M,Stanley Appelbaum,General Editor,by Jane Austen.,,
OL1269710M,Candace Ward,Editor,by Jane Austen.,,
OL747494M,Vivien Jones,Introduction,Jane Austen ; edited wih an introduction and notes by Vivien Jones.,,
OL31883050M,,,Jane Austen ; traduit de l'anglais par Laurent Bury,eng,Pride and Prejudice
OL26378483M,R. W. Chapman,Introduction,by Jane Austen ; with an introduction by R. W. Chapman,,
OL6604741M,"Frank Sicha, Jr.",Introduction,"by Jane Austen; ed., with introduction and notes, by Frank Sicha, jr...",,
OL7354181M,Linda Jennings,Editor,,,
OL7354181M,Jean-Paul Tibbles,Cover Art and Illustrations,,,
OL3962256M,,,Jane Austen ; edited by Donald Gray ; with a foreword by Jack Stillinger.,,
OL6606903M,,,by Jane Austen; with an introduction by William Dean Howells.,,
OL1875263M,James Kinsley,Editor,Jane Austen ; edited by James Kinsley ; with a new introduction by Isobel Armstrong ; notes by Frank W. Bradbrook.,,
OL1875263M,Isobel Armstrong,Introduction,Jane Austen ; edited by James Kinsley ; with a new introduction by Isobel Armstrong ; notes by Frank W. Bradbrook.,,
OL1875263M,Frank W. Bradbrook,Notes by,Jane Austen ; edited by James Kinsley ; with a new introduction by Isobel Armstrong ; notes by Frank W. Bradbrook.,,
OL1875263M,Frederick Say,Cover Art and Illustrations,Jane Austen ; edited by James Kinsley ; with a new introduction by Isobel Armstrong ; notes by Frank W. Bradbrook.,,
OL7577227M,Margaret Drabble,Introduction,,,
OL26394110M,Chris Goringe,Narrator,,,
OL26394110M,Kara Shallenberg,Narrator,,,
OL26394110M,Kristen McQuillin,Narrator,,,
OL26394110M,Maureen S. O'Brien,Narrator,,,
OL26394110M,Gord Mackenzie,Narrator,,,
OL26394110M,Mark Bradford,Narrator,,,
OL26394110M,Annie Coleman Rothenberg,Narrator,,,
OL26394110M,Elisabeth Shields,Narrator,,,
OL26394110M,Sherry Crowther,Narrator,,,
OL26394110M,PenelopePitstop,Narrator,,,
OL26394110M,Gesine,Narrator,,,
OL26394110M,Eileen aka e,Narrator,,,
OL26394110M,Susan Hooks,Narrator,,,
OL26396954M,Debra Lynn,Narrator,,,
OL26396954M,Beth Thomas,Narrator,,,
OL26396954M,Andy Minter,Narrator,,,
OL26396954M,Elizabeth Klett,Narrator,,,
OL26396954M,Arielle Lipshaw,Narrator,,,
OL26396954M,Tina Danh,Narrator,,,
OL26396954M,GabrielleC,Narrator,,,
OL26396954M,BumbleVee,Narrator,,,
OL26396954M,John Fricker,Narrator,,,
OL26396954M,Peter Bishop,Narrator,,,
OL26396954M,Laurie Anne Walden,Narrator,,,
OL26396954M,Robert Scheid,Narrator,,,
OL26396954M,Liz Bennington,Narrator,,,
OL26396954M,Elizabeth Barr,Narrator,,,
OL26396954M,Barry Eads,Narrator,,,
OL26396954M,mb,Narrator,,,
OL26396954M,Algy Pug,Narrator,,,
OL26396954M,David Richardson,Narrator,,,
OL26396954M,TriciaG,Narrator,,,
OL26396954M,David Lawrence,Narrator,,,
OL26396954M,Maria Therese,Narrator,,,
OL26396954M,Mil Nichols,Narrator,,,
OL26396954M,Ric F,Narrator,,,
OL26396954M,Esther,Narrator,,,
OL26396954M,Nadine Eckert-Boulet,Narrator,,,
OL26396954M,debolee,Narrator,,,
OL26501183M,Micah Sheppard,Narrator,,,
OL26501183M,Linda Lee Paquet,Narrator,,,
OL26394113M,Annie Coleman Rothenberg,Narrator,,,
OL7383613M,James Kinsley,Editor,,,
OL7383613M,Frank W. Bradbrook,Editor,,,
OL7383613M,Rolinda Sharpies,Cover Art and Illustrations,,,
OL26339151M,,,by Jane Austen ; with an afterword by Joann Morse,,
OL7820444M,Thomas Lawrence,Cover Art,,,
OL34058462M,Andrea Gouveia,Editor,,,
OL3700132M,Vivien Jones,Introduction,Jane Austen ; edited wih an introduction and notes by Vivien Jones ; with the original Penguin Classics introduction by Tony Tanner.,,
OL3700132M,Tony Tanner,Introduction,Jane Austen ; edited wih an introduction and notes by Vivien Jones ; with the original Penguin Classics introduction by Tony Tanner.,,
OL32135058M,,,Jane Austen,,
OL7173379M,George Saintsbury,Preface,"by Jane Austen, with a Preface by George Saintsbury and Illustrations by Hugh Thomson",,
OL7173379M,Hugh Thomson,Illustrator,"by Jane Austen, with a Preface by George Saintsbury and Illustrations by Hugh Thomson",,
OL14035466M,,,by Jane Austen.,,
OL37079658M,,,,eng,Pride and Prejudice
OL26396149M,Elizabeth Klett,Narrator,,,
OL26394550M,Karen Savage,Narrator,,,
OL118265M,,,Jane Austen ; with an  introduction by William Trevor.,,
OL26439660M,Stanley Appelbaum,General Editor,,,
OL26439660M,Candace Ward,Editor,,,
OL1567428M,,,Jane Austen ; with an introduction by Peter Conrad.,,
OL23158645M,Maggie Lane,Introduction,Jane Austen.,,
OL23158645M,John Wiltshire,Introduction,Jane Austen.,,
OL23158645M,Josephine Ross,Introduction,Jane Austen.,,
OL23158645M,Caroline Sanderson,Introduction,Jane Austen.,,
OL23158645M,Hugh Thomson,Illustrator,Jane Austen.,,
OL16681735M,V. Leconte,Translator,traduit de l'anglais par V. Leconte et Ch. Pressoir ; préface de Virginia Woolf ; note bibliographique par Jacques Roubaud.,eng,Pride and Prejudice
OL16681735M,Ch. Pressoir,Translator,traduit de l'anglais par V. Leconte et Ch. Pressoir ; préface de Virginia Woolf ; note bibliographique par Jacques Roubaud.,eng,Pride and Prejudice
OL32135051M,,,Jane Austen,,
OL26502058M,Carol Howard,Introduction,,,
OL9983881M,Brigit Amadori,Cover Art and Illustrations,,,
OL6499330M,,,"by Jane Austen, illustrated by Edgard Cirlin, with an introduction by May Lamberton Becker.",,
OL31882709M,,,Jane Austen,,
OL24226805M,Joann Morse,Afterword,With an afterword by Joann Morse.,,
OL3696052M,Carol Howard,Introduction,Jane Austen ; with an introduction and notes by Carol Howard.,,
OL3696052M,George Steade,Editorial Director,Jane Austen ; with an introduction and notes by Carol Howard.,,
OL31885225M,,,Jane Austen,,
OL13275157M,Amando Lázaro Ros,Translator,,eng,Pride and Prejudice
OL13275157M,Elvira Lindo,Introduction,,eng,Pride and Prejudice
OL27710674M,,,Jane Austen,,
OL27867777M,,,Jian Aosiding zhu ; Zhang Jinghao yi,eng,Pride and Prejudice
OL22733997M,Pat Rogers,Editor,,,
OL22733997M,Janet Todd,General Editor,,,
OL33024849M,,,Jane Austen,,
OL3658684M,Robert Irvine,Editor,Jane Austen ; edited by Robert Irvine.,,
OL37074582M,,,,eng,Pride and Prejudice
OL9154832M,,,,eng,Pride and Prejudice
OL24951150M,,,by Jane Austen,,
OL26873676M,,,"Aosiding (Austen, J.) zhu ; Zhang Chenguang yi",,
OL2876659M,Julie Downing,Illustrator,Jane Austen ; illustrated by Julie Downing.,,
OL32135053M,,,Jane Austen ; illustrations by Jenny Thorne,,
OL32135054M,,,by Jane Austin ; [general editor G.F. Maine],,
OL23157714M,Barbara de Wilde,Book Designer,Jane Austen.,,
OL23157714M,Carol Devine Carson,Book Designer,Jane Austen.,,
OL23157714M,Megan Wilson,Cover Design,Jane Austen.,,
OL10274289M,Margaret Drabble,Introduction,,,
OL10274289M,Eloisa James,Afterword,,,
OL14416348M,Bradford A. Booth,Compiler,Bradford A. Booth [compiler].,,
OL26332155M,,,Jane Austen,,
OL32135052M,,,Jane Austen ; edited by Jeannie Heppell,,
OL26854235M,,,Jian Aosiding zhu ; Sun Zhili yi,eng,Pride and Prejudice
OL6203536M,,,With an introd. by Mark Schorer.,,
OL26645339M,,,Dzheĭn Ostin ; [perevod s angliīskogo I. Marshaka],eng,Pride and Prejudice
OL287231M,Richard Bain,Editor,Jane Austen ; edited by Richard Bain.,,
OL287231M,John Varley,Cover Photographs,Jane Austen ; edited by Richard Bain.,,
OL287231M,Neil Genower,Cover Photographs,Jane Austen ; edited by Richard Bain.,,
OL287231M,Judith Baxter,Series General Editor,Jane Austen ; edited by Richard Bain.,,
OL24749029M,Carol Howard,Introduction,Jane Austen ; with an introduction and notes by Carol Howard,,
OL24749029M,George Stade,Editorial Director,Jane Austen ; with an introduction and notes by Carol Howard,,
OL27245891M,,,Jian Aosiding zhu ; Wang Keyi yi = Pride and prejudice / Jane Austen,eng,Pride and Prejudice
OL26396437M,Patricia Meyer Spacks,Editor,,,
OL3318973M,Janes Kinsley,Editor,Jane Austen ; edited by James Kinsley ; with an introduction and notes by Fiona Stafford.,,
OL3318973M,Fiona Stafford,Introduction,Jane Austen ; edited by James Kinsley ; with an introduction and notes by Fiona Stafford.,,
OL3318973M,Vivien Jones,General Editor,Jane Austen ; edited by James Kinsley ; with an introduction and notes by Fiona Stafford.,,
OL3318973M,Thomas Jones,Cover Art,Jane Austen ; edited by James Kinsley ; with an introduction and notes by Fiona Stafford.,,
OL32135055M,,,Jane Austen,,
OL24217283M,Joann Morse,Afterword,With an afterword by Joann Morse.,,
OL27292481M,,,"(ying) jian, ao si zheng zhu ; zhang jing hao yi",eng,Pride and Prejudice
OL26399819M,Alexander McCall Smith,Introduction,,,
OL26403959M,Anonymous Volunteers,Producer,,,
OL10416743M,Philip M. Parker,Editor,,,
OL7765227M,Pat Rogers,Editor,,,
OL24951072M,,,Jane Austen ; with an introduction by Tony Tanner,,
OL32974330M,,,Jian Aosiding yuan zhu ; Wu Yuankai jian xie,eng,Pride and Prejudice
OL28192444M,,,,eng,Pride and Prejudice
OL26397524M,Helga Schulz,Translator,,eng,Pride and Prejudice
OL27299119M,,,Jian Aosiding zhu ; Wang Keyi yi = Pride and prejudice / Jane Austen,eng,Pride and Prejudice
OL27897208M,,,(Ying) Aosiding zhu ; Wang Keyi yi,,
OL6087610M,,,"adapted by Ollie Depew, edited by Herbert Spencer Robinson.",,
OL9478602M,David M. Shapard,Editor,,,
OL26493146M,Kathryn Knight,Editor,"[editor, Kathryn Knight]",,
OL9154756M,,,,eng,Pride and Prejudice
OL33024848M,,,Jane Austen,,
OL7510094M,Katherine Paterson,Introduction,,,
OL7510094M,Ursula S. Albano,Cover Design,,,
OL47350661M,Pilar Ramírez Tello,Translator,,eng,The Hunger Games Box Set
OL47350084M,Małgorzata Hesko-Kołodzińska,Translator,,eng,The Hunger Games Box Set
OL47350084M,Piotr Budkiewicz,Translator,,eng,The Hunger Games Box Set
OL16694338M,,,by Georgette Heyer.,,
OL17399535M,,,Georgette Heyer.,,
OL24462103M,,,Georgette Heyer,,
OL24488100M,,,Georgette Heyer,,
OL25182083M,,,Georgette Heyer,,
OL26430238M,,,by Penny Jordan,,
OL22320785M,,,Margaret Way.,,
OL47473680M,Armand Carabén Van Der Meer,Translator,,eng,The Hunger Games Box Set
OL47473680M,Mercè Santaularia Campillo,Translator,,eng,The Hunger Games Box Set
OL47350083M,Małgorzata Hesko-Kołodzińska,Translator,,eng,The Hunger Games Box Set
OL47350083M,Piotr Budkiewicz,Translator,,eng,The Hunger Games Box Set
OL32124132M,,,Georgette Heyer,,
OL14991424M,,,Georgette Heyer.,,
OL23713319M,,,Georgette Heyer.,,
OL20818481M,,,Violet Winspear ; (translated from the English).,,
OL20652578M,,,Violet Winspear.,,
OL14976667M,,,by Violet Winspear.,,
OL25272161M,,,Penny Jordan,,
OL14979018M,,,by Anne Mather.,,
OL20026410M,,,Jeanne Allan.,,
OL26884236M,,,Georgette Heyer,,
OL23757233M,,,by Georgette Heyer.,,
OL26476314M,,,Panny Jordan,,
OL14977006M,,,by Margaret Way.,,
OL3550364M,,,Julie Garwood.,,
OL23954522M,,,by Julie Garwood.,,
OL20934896M,,,/ Julie Garwood.,,
OL24790040M,,,by Julie Garwood,,
OL14979995M,,,by Jane Corrie,,
OL47315519M,Anne-Judith Descombey,Translator,,eng,Heir of Fire
OL41429640M,Ilse Layer,Translator,,eng,Heir of Fire
OL35617922M,,,,eng,Heir of Fire
OL32202267M,,,,eng,Heir of Fire
OL26450461M,Marcin Mortka,Translator,,eng,Heir of Fire
OL26882297M,,,Sarah J. Maas,,
OL24626019M,,,Robyn Donald,,
OL61547545M,,,,eng,The Billionaire's Bride Of Vengeance
OL60695400M,Helen Pandolfi,Translator,,,
OL60695400M,Laura Pohl,Translator,,,
OL60695400M,Ulisses Teixeira,Translator,,,
OL3474451M,,,Lynsay Sands.,,
OL3657155M,,,Julie Garwood.,,
OL61366370M,,,,eng,Heir of Fire
OL48117192M,Ilse Layer,Translator,,eng,Heir of Fire
OL35711806M,Mariana Kohnert,Translator,,eng,Heir of Fire
OL27237021M,甘鎮隴,Translator,Shala J. Masi zhu ; Gan Zhenlong yi = Heir of fire / Sarah J. Maas,eng,Heir of Fire
OL45368559M,Brooke Hayden,Narrator/Reader,,,
OL45368559M,Douglas Berger,Narrator/Reader,,,
OL3400650M,,,Lynsay Sands.,,
OL14982013M,,,Penny Jordan.,,
OL1400087M,,,Julie Garwood.,,
OL26335728M,,,by Jane Corrie,,
OL35360359M,,,,eng,Heir of Fire
OL33365205M,,,,eng,Heir of Fire
OL29740622M,,,,eng,Heir of Fire
OL14976683M,,,by Robyn Donald.,,
OL24201707M,,,Miranda Lee.,,
OL61134264M,,,,eng,Alchemised
OL60665211M,,,,eng,alchemised
OL3392842M,,,Helen Bianchin.,,
OL28323511M,,,,eng,The Rosie Project
OL40231981M,,,Graeme Simsion,,
OL52984053M,,,by Georgette Heyer,,
OL22963141M,,,Georgette Heyer.,,
OL1540414M,,,Georgette Heyer.,,
OL33039065M,,,Lynne Graham,,
OL27185345M,,,Gelan Xinpusheng ; Cai Ziyang yi = The Rosie project / Graeme Simsion,,
OL32517598M,,,Graeme Simsion ; översättning: Marianne Mattsson,,
OL32087540M,,,Graeme Simsion ; traduit de l'anglais (Australie) par Odile Demange,,
OL28217451M,,,,eng,The Rosie Project
OL22312844M,,,GeorgetteHeyer.,,
OL22361792M,,,Georgette Heyer.,,
OL32699100M,,,Graeme Simsion ; traduit de l'anglais (Australie) par Odile Demange,,
OL26871078M,,,Geleimu Xinpusheng (Graeme Simsion) zhu ; Zheng Ling yi,,
OL26887674M,,,Graeme Simsion,,
OL25651483M,Linda Broeder,Translator,Graeme Simsion ; vertaald [uit het Engels] door Linda Broeder,eng,The Rosie project
OL26920254M,,,Graeme Simsion,,
OL18908049M,,,by Georgette Heyer.,,
OL60289896M,Leoncio Sureda,Translator,,rus,Анна Каренина
OL60289896M,Alfredo Santiago,Translator,,rus,Анна Каренина
OL55497766M,Anton Rivas,Translator,,,
OL54972177M,Maxim Montoto,Editor,,,
OL35672798M,,,,rus,
OL34815422M,Lydia Kuper Fridman,Translator,,rus,
OL55907452M,Constance Black Garnett,Translator,,,
OL59829972M,,,Translated by A.C. Townsend,,
OL59829971M,,,Translated by A.C. Townsend,,
OL42551617M,,,,rus,
OL34833851M,,,,rus,
OL49927867M,,,me-et L.N. Ṭolsṭoi; tirgem Y.A. Ṭriṿush,rus,
OL41676588M,Aldrin Alexander Evies,Translator,,,
OL56482642M,Michael Rubin,Editor,,,
OL56482642M,Constance Black Garnett,Translator,,,
OL56029064M,Jorge Martinez,Editor,,,
OL45336138M,L. Surena,Translator,,rus,Ahha Kapehnha
OL45336138M,A. Santiago,Translator,,rus,Ahha Kapehnha
OL35619616M,Alexis Marcoff,Translator,,rus,Анна Каренина
OL55051321M,Joni Njl,Illustrator,,,
OL55946562M,Constance Black Garnett,Translator,,,
OL28420214M,,,Lynne Graham,,
OL17212967M,,,by Roberta Leigh.,,
OL24944407M,,,Lynne Graham,,
OL61600438M,,,,eng,Taming The Last St. Claire
OL51625M,,,by Sandra Brown.,,
OL47917908M,,,By Kate Chopin .,,
OL39649528M,Kevin Theis,Editor,,,
OL28687384M,,,Lynne Graham,,
OL27164950M,,,Sandra Braun ; [per. s angl. T. Shishovoĭ],,
OL18340122M,,,Erin St. Claire.,,
OL61647958M,The Awakening,Translator,,eng,The Awakening
OL18520635M,,,by Eileen Jackson.,,
OL14979937M,,,by Roberta Leigh.,,
OL25166131M,,,Carole Mortimer,,
OL47861071M,,,,eng,Awakening
OL38579983M,,,"Kate Chopin; traducció, Ernest Riera i Arbussà",,
OL39491447M,,,"Kate, Chopin",,
OL38138545M,Common Dyslexia-friendly,Editor,,,
OL972751M,,,Kate Chopin.,,
OL21912730M,,,tłumaczyKa Ariadna Demkowska-Bohdziewicz.,,
OL4907203M,,,"Kate Chopin ; an authoritative text, contexts, criticism, edited by Margaret Culley.",,
OL18897521M,,,Kate Chopin.,,
OL5907392M,,,by Kate Chopin. With an introd. by Kenneth Eble.,,
OL21984722M,,,[by] Kate Chopin.,,
OL1744065M,,,Kate Chopin.,,
OL23156313M,,,Kate Chopin ; edited by Sharon M. Harris.,,
OL74859M,,,Kate Chopin ; introduction by Carol Shields ; illustrations by John Collier.,,
OL24751235M,,,Kate Chopin,,
OL789396M,,,Kate Chopin ; with an introduction by Deirdre Bair.,,
OL802916M,,,Kate Chopin.,,
OL992607M,,,Kate Chopin.,,
OL23277261M,,,Kate Chopin ; introduced by Deborah L. Williams.,,
OL22366454M,,,Kate Chopin.,,
OL21354074M,Margaret Culley,Editor,by Kate  Chopin ; edited by Margaret Culley.,,
OL27882375M,,,Kate Chopin,,
OL37026474M,,,Kate Chopin,,
OL23253866M,,,"Kate Chopin ; an authoritative text, contexts, criticism, edited by Margaret Culley.",,
OL22113403M,,,Kate Chopin ; introduced by Helen Taylor.,,
OL6644427M,,,by Kate Chopin.,,
OL528856M,,,by Kate Chopin ...,,
OL53539M,,,Kate Chopin ; edited by Nancy A. Walker.,,
OL27789878M,,,Kate Chopin,,
OL24950895M,Kenneth Eble,Introduction,by Kate Chopin ; with an introd. by Kenneth Eble,,
OL27258076M,Kara Shallenberg,Narrator,,,
OL27258076M,Anita Roy Dobbs,Narrator,,,
OL27258076M,Michelle Crandall,Narrator,,,
OL27258076M,Caroline Mercier,Narrator,,,
OL27258076M,"Sandra in Wales, United Kingdom",Narrator,,,
OL27258076M,Kymm Zuckert,Narrator,,,
OL27258076M,Kristen McQuillin,Narrator,,,
OL27258076M,Gesine,Narrator,,,
OL32442794M,,,,eng,The Awakening
OL40571314M,Marco PEDULLA,Translator,,,
OL24744872M,,,edited by Nancy A. Walker,,
OL26888264M,,,Kate Chopin,,
OL25092445M,,,Kate Chopin ; unabridged and unadapted from the original text and with twenty-eight related readings,,
OL24054523M,,,Kate Chopin.,,
OL24925175M,,,Kate Chopin,,
OL1414855M,,,Kate Chopin.,,
OL1735481M,Margo Culley,Editor,Kate Chopin ; edited by Margo Culley.,,
OL27258077M,Elizabeth Klett,Narrator,,,
OL22109067M,,,Kate Chopin.,,
OL7136299M,,,by Kate Chopin.,,
OL13849341M,,,with an introduction by Kenneth Eble.,,
OL40903797M,Monty,Illustrator,,,
OL41256474M,Judith Boss,Prepared by,,,
OL24478361M,,,Kate Chopin,,
OL1749953M,,,edited by Nancy A. Walker.,,
OL24610205M,,,Kate Walker,,
OL24767727M,,,Kate Walker,,
OL28681961M,,,Melanie Milburne,,
OL27133468M,,,Nora Roberts ; [per. s angl. ︠I︡U. Golʹdberga],,
OL32766022M,,,Diana Gabaldon ; trad. de Philippe Safavi,,
OL32120265M,,,Diana Gabaldon,,
OL22115927M,,,Diana Gabaldon.,,
OL31972202M,,,Melanie Milburne,,
OL35318211M,,,Diana Gabaldon ; [traduit par Philippe Safavi],,
OL31883230M,,,Diana Gabaldon ; traduction de Philippe Safavi,,
OL24729203M,,,Diana Gabaldon,,
OL22064948M,,,Diana Gabaldon.,,
OL32126057M,,,Lynne Graham,,
OL24928975M,,,Nora Roberts,,
OL20945603M,,,Nora Roberts.,,
OL24935170M,,,Diana Gabaldon,,
OL24770394M,,,Diana Gabaldon,,
OL22469595M,,,Diana Gabaldon.,,
OL22329227M,,,Diana Gabaldon.,,
OL1412931M,,,Diana Gabaldon.,,
OL17391108M,,,by Kay Thorpe.,,
OL24935980M,,,by Kay Thorpe,,
OL24947282M,,,Penny Jordan,,
OL28255151M,Iris and Rolf Helmut Foerster,Translator,,,
OL22910802M,,,"Weiduoliya Hete zhu ; Li Fenlan, Zhang Qiulin yi.",,
OL13322261M,,,,eng,
OL27135494M,,,Nora Roberts ; [per. s angl. L.A. Igorevskogo],,
OL1645910M,,,by Carole Mortimer.,,
OL33158918M,Ton Stam,Translator,,eng,
OL61499888M,Renato Fratini,Cover Art,,,
OL13822271M,,,[o versa ttare: Ingrid Lindberg].,,
OL13822287M,,,oversatt av Knut Monrad.,,
OL5800465M,,,[by] Victoria Holt.,,
OL17229995M,,,Victoria Holt.,,
OL17307843M,,,Victoria Holt.,,
OL18386902M,Renato Fratini,Cover Art,,,
OL24939838M,,,[by] Victoria Holt,,
OL3311173M,,,Nora Roberts.,,
OL24936869M,,,Helen Bianchin,,
OL22552994M,,,Victoria Holt.,,
OL3248070M,,,Victoria Holt.,,
OL17881974M,,,Victoria Holt.,,
OL48061140M,Renato Fratini,Cover Art,,,
OL17381918M,,,Sally Wentworth.,,
OL24238949M,,,Anne Mather.,,
OL24936024M,,,by Betty Neels,,
OL27159279M,,,Taylor Jenkins Reid,,
OL24398309M,,,by Sophie Weston,,
OL21222002M,,,by Penny Jordan.,,
OL24934654M,,,Charlotte Lamb,,
OL21223496M,,,by Anne Mather.,,
OL20652734M,,,Betty Neels.,,
OL24874431M,,,Anne Mather,,
OL24928032M,,,Anne Mather,,
OL21221373M,,,by Anne Mather.,,
OL26334822M,Susanne Althoetmar-Smarczyk,Translator,,,
OL23035330M,,,"Sandra Braun ; [perevod s angliīskogo V.V. Kopeīko, N.K. Ramazanovoī].",,
OL17122746M,,,Sandra Brown,,
OL24934096M,,,Lindsay Armstrong,,
OL14976799M,,,by Betty Neels.,,
OL17348788M,,,Betty Neels.,,
OL14976787M,,,by Anne Mather.,,
OL21222274M,,,by Anne Mather.,,
OL21224909M,,,Anne Mather.,,
OL27138265M,,,"Sandra Braun ; [perevod s angliĭskogo M. Saprykinoĭ, E. Tokarevoĭ]",,
OL61079685M,,,,eng,Saving The Devil
OL39447652M,Miguel Muñoz,Translator,,,
OL31819780M,Angele Koonen,Translator,,eng,Guilty Pleasures
OL26336261M,,,Sophie Weston,,
OL46818199M,W. Smithson Broadhead,Cover Art,,,
OL24217058M,,,by Margaret Way.,,
OL17041831M,,,Agatha Christie.,,
OL17431868M,,,Agatha Christie.,,
OL25162110M,,,Agatha Christie,,
OL16699423M,,,Agatha Christie.,,
OL27081649M,,,Agatha Christie,,
OL24381497M,,,Agatha Christie,,
OL18145505M,,,AgathaChristie.,,
OL21273185M,,,Agatha Christie.,,
OL1707318M,,,Agatha Christie.,,
OL18038538M,,,Agatha Christie.,,
OL18209338M,,,Agatha Christie.,,
OL24217207M,,,Carole Mortimer.,,
OL26824670M,,,,eng,
OL26824669M,,,,eng,
OL26824666M,,,,eng,
OL3474594M,,,by Betty Neels.,,
OL23762082M,,,Agatha Christie.,,
OL22121354M,,,by Agatha Christie.,,
OL19957179M,,,Agatha Christie.,,
OL3548512M,,,Agatha Christie.,,
OL32134146M,,,Agatha Christie,,
OL14977753M,,,by Robyn Donald.,,
OL22367155M,,,by Jessica Steele.,,
OL18356845M,,,Jessica Steele.,,
OL17131858M,,,by Betty Neels.,,
OL32713981M,,,Carole Mortimer,,
OL26385269M,,,Carole Mortimer,,
OL6677083M,,,by Agatha Christie.,,
OL21583078M,,,Agatha Christie.,,
OL12520668M,,,,eng,
OL24578095M,,,Carole Mortimer,,
OL10691288M,,,by Jessica Steele,,
OL20501381M,,,Penny Jordan.,,
OL29549794M,,,Penny Jordan,,
OL24942961M,,,Penny Jordan,,
OL59100405M,,,L.N. Tolstoĭ ; redakt︠s︡ii︠a︡ P.N. Sakulina i N.K. Gudzii︠a︡,,
OL39330165M,Constance Black Garnett,Translator,,,
OL39338864M,Constance Black Garnett,Translator,,,
OL59177456M,,,Yidish: Shlomo Sheynberg,,
OL39338153M,Constance Black Garnett,Translator,,,
OL39338951M,Constance Black Garnett,Translator,,,
OL39339689M,Constance Black Garnett,Translator,,,
OL39339746M,Constance Black Garnett,Translator,,,
OL39340075M,Constance Black Garnett,Translator,,,
OL39340233M,Constance Black Garnett,Translator,,,
OL39340573M,Constance Black Garnett,Translator,,,
OL39338415M,Constance Black Garnett,Translator,,,
OL39338724M,Constance Black Garnett,Translator,,,
OL39339157M,Constance Black Garnett,Translator,,,
OL39340381M,Hillary Evans,Editor,,,
OL39341435M,Henry Carter,Illustrator,,,
OL39341798M,Constance Black Garnett,Translator,,,
OL39342743M,S. R. P.,Editor,,,
OL24388812M,,,Catherine Spencer,,
OL14977298M,,,by Sandra Field.,,
OL39216196M,,,"Diana Gabaldon ; z angielskiego przełożyli Karolina Bober, Ewa Błaszczyk, Agata Puciłowska, Iwona Rutkowska, Lidia Rafa",,
OL32987693M,,,Diana Gabaldon. Dt. von Sonja Schumacher ...,,
OL28416810M,,,"Diana Gabaldon ; [traduction, Philippe Safavi]",,
OL20163268M,,,Diana Gabaldon.,,
OL24373114M,,,Anne Mather,,
OL60771141M,,,,eng,The Arabian Mistress
OL25158559M,,,Lynn Graham,,
OL24957914M,,,by Sandra Field,,
OL32092235M,,,Lynsay Sands,,
OL1703753M,,,Diana Gabaldon.,,
OL19072004M,,,Diana Gabaldon.,,
OL16784878M,,,by Carole Mortimer.,,
OL14977163M,,,by Margaret Way.,,
OL14976557M,,,by Anne Mather.,,
OL14980889M,,,Anne Mather.,,
OL14977831M,,,by Sandra Field.,,
OL37857060M,,,Diana Gabaldon ; trad. de Philippe Safavi,,
OL32119831M,,,Diana Gabaldon ; traduit de l'américain par Philippe Safavi,,
OL22372822M,,,Mary Doria Russell.,,
OL3322380M,,,Mary Doria Russell.,,
OL24238851M,,,Janet Dailey.,,
OL17494004M,,,Penny Jordan.,,
OL21222642M,,,by Penny Jordan.,,
OL1592440M,,,by Penny Jordan.,,
OL14976474M,,,by Margaret Way.,,
OL15078504M,,,Emmanuelle Arsan ; translated by Lowell Bair.,,
OL1822001M,,,Emmanuelle Arsan ; postface de Jean-Jacques Pauvert.,,
OL4424049M,,,by Emmanuelle Arsan ; translated by Lowell Bair.,,
OL14980839M,,,by Anne Mather.,,
OL47276214M,,,Edited by ishrat,,
OL19786779M,,,Diana Gabaldon.,,
OL974231M,,,Mary Doria Russell.,,
OL1975854M,,,by Sophie Weston.,,
OL14980924M,,,Janet Dailey.,,
OL22363164M,,,by Janet Dailey.,,
OL17759650M,,,Emmanuelle Arsan.,,
OL23012070M,,,Mary Doria Russell.,,
OL40612M,,,Janet Dailey.,,
OL22824874M,,,MargaretWay.,,
OL24373751M,,,Margaret Way,,
OL4927617M,,,by Emmanuelle Arsan ; translated by Lowell Bair.,,
OL4768344M,,,Translated by Lowell Bair.,,
OL22296871M,,,Emmanuelle Arsan ; translated by Lowell Bair.,,
OL14977837M,,,by Anne Mather.,,
OL24411167M,,,Anne Mather,,
OL37071015M,,,,eng,
OL16819571M,,,Georgette Heyer.,,
OL59809189M,ʼAnat Ṿikselbaʾum,Translator,"G'ain An Ḳrents ; me-Anglit, ʻAnat Ṿiḳselbaʾum",,Chance of a Lifetime
OL20669232M,,,Georgette Heyer.,,
OL29710733M,,,Victoria Holt,,
OL20193798M,,,[översättning av Ulla Spångberg].,,
OL22907101M,,,"Victoria Holt ; [traducción, Rauĺ Acuña].",,
OL20941565M,,,Victoria Holt.,,
OL24949253M,,,Catherine George,,
OL14977927M,,,by Catherine George.,,
OL14977353M,,,by Sara Craven.,,
OL31999945M,Pia von Hartungen,Translator,,eng,Faro's Daughter
OL15279081M,,,aus dem Englischen von Ursula Michaelsen.,,
OL3948962M,,,Victoria Holt.,,
OL14875830M,,,Victoria Holt.,,
OL14876533M,,,Victoria Holt.,,
OL61599350M,,,,eng,The Reluctant Duke
OL25652604M,,,,eng,Moon Called
OL24209320M,,,Anne Mather,,
OL3249592M,,,Victoria Holt.,,
OL17322230M,,,by Victoria Holt.,,
OL28687230M,,,Victoria Holt,,
OL32775525M,,,Patricia Briggs,,
OL16444447M,,,by Patricia Briggs.,,
OL14976846M,,,by Anne Mather.,,
OL3282689M,,,Carole Mortimer.,,
OL1871990M,,,Mary Wibberley.,,
OL14976932M,,,by Mary Wibberley.,,
OL20941482M,,,Victoria Holt.,,
OL5679768M,,,[by] Victoria Holt.,,
OL43740242M,,,[by] Victoria Holt,,
OL22066470M,,,Victoria Holt [i. e. E. Hibbert].,,
OL32144280M,,,by Robyn Donald,,
OL23954558M,,,by Cathy Maxwell.,,
OL17191988M,,,Lynne Graham.,,
OL48600608M,Carina Jansson,Translator,,eng,Siege and Storm
OL35357096M,,,,eng,Siege and Storm
OL47305033M,Єлена Даскал,Translator,,eng,Siege and Storm
OL47305033M,Лі Бардуґо,Author name as appears on this edition,,eng,Siege and Storm
OL39797563M,Michael Johnson,Cover Art,Rosemary Rogers ; traduit de l'américain par R. Petit,,
OL51007717M,Oliviero Berni,Cover Art,,,
OL19999104M,,,Rosemary Rogers.,,
OL15013345M,,,Rosemary Rogers.,,
OL22326084M,,,Francine Rivers.,,
OL22698578M,,,Francine Rivers.,,
OL17130747M,,,Lynne Graham.,,
OL41377522M,,,,eng,Siege and Storm
OL58467823M,לי ברדוגו,Author name as appears on this edition,,eng,Siege and Storm
OL58467823M,ורד טוכטרמן,Translator,,eng,Siege and Storm
OL47017212M,Michael Johnson,Cover Art,,,
OL22911150M,,,Lusimali Luojiesi zhu ; Guo Xuan-ying yi.,,
OL25393883M,,,by Francine Rivers,,
OL24959149M,,,Francine Rivers,,
OL35325146M,,,"Ge lei e mu, zhou lang",,
OL14976737M,,,by Jessica Steele.,,
OL28350080M,,,,eng,Siege and Storm
OL38242972M,John lysmand,Translator,,eng,Grisha
OL31444029M,Carlos Loscertales,Translator,,eng,Siege and Storm
OL35368364M,,,,eng,Siege and Storm
OL36636740M,,,Frėnsin Rivers ; perevodchik M.A. Dumchev,,
OL1408081M,,,Francine Rivers.,,
OL23845136M,,,Francine Rivers,,
OL14979987M,,,by Marjorie Lewty.,,
OL13884899M,,,Rosemary Rogers.,,
OL19999097M,,,Rosemary Rogers.,,
OL17462614M,,,Georgette Heyer.,,
OL1875303M,,,Lindsay Armstrong.,,
OL14980922M,,,by Lindsay Armstrong.,,
OL14977833M,,,by Lilian Peake.,,
OL14980828M,,,by LilianPeake.,,
OL23375042M,,,Rosemary Rogers.,,
OL22433934M,,,Penny Jordan.,,
OL14977401M,,,by Penny Jordan.,,
OL24950278M,,,Emma Darcy,,
OL1975868M,,,"by Emma Darcy,",,
OL25220545M,,,Georgette Heyer,,
OL21365289M,,,Georgette Heyer.,,
OL3473598M,,,Georgette Heyer with a foreward by Jo Beverley.,,
OL2028198M,,,Georgette Heyer.,,
OL14979052M,,,by Lucy Gillen.,,
OL24934047M,,,Lilian Peake,,
OL2406365M,,,Lilian Peake.,,
OL21333795M,,,Rosemary Rogers.,,
OL25561005M,,,Georgette Heyer ; with a foreward by Jo Beverley,,
OL22771322M,,,(by) Georgette Heyer.,,
OL17399561M,,,Georgette Heyer.,,
OL24379580M,,,Amanda Quick,,
OL4564054M,,,by Georgette Heyer.,,
OL6654720M,,,by Georgette Heyer ...,,
OL35658212M,,,by Anne Rice ; [çeviren Deniz Taneri],,
OL32082892M,,,Amanda Quick,,
OL24420029M,,,by Amanda Quick,,
OL23944960M,,,Amanda Quick.,,
OL23963310M,,,by Amanda Quick.,,
OL60769352M,,,,eng,"Ruthless Magnate, Convenient Wife"
OL32139109M,,,by Lynne Graham,,
OL14977532M,,,by Flora Kidd.,,
OL20652785M,,,Flora Kidd.,,
OL24940339M,,,Flora Kidd,,
OL27904354M,,,,eng,Carry On
OL26886723M,,,Rainbow Rowell,,
OL45612130M,Hernán Sabaté Vargas,Translator,,eng,The Vampire Lestat
OL32082891M,,,Amanda Quick,,
OL24499080M,,,Lynne Graham,,
OL17157243M,,,by Helen Bianchin.,,
OL40297505M,,,Georgette Heyer,,
OL57706463M,Greg Mollica,Cover Design,,,
OL57706463M,Brian Levy,Cover Art,,,
OL27164637M,,,Rainbow Rowell ; traducción de Victoria Simó,,
OL31789850M,Michael Schulze,Translator,,eng,The Vampire Lestat
OL31789850M,Charlotte Franke,Translator,,eng,The Vampire Lestat
OL8890172M,,,,eng,The Vampire Lestat
OL20932528M,,,by Anne Rice.,,
OL15014067M,,,by Anne Rice.,,
OL2549946M,,,by Anne Rice.,,
OL26124625M,,,,eng,Vampire Lestat
OL26531232M,,,Lynne Graham,,
OL25900984M,,,Lynne Graham,,
OL26919113M,,,Rainbow Rowell,,
OL26644057M,,,Betty Neels,,
OL3665079M,,,Anne Rice.,,
OL37812358M,,,Rainbow Rowell ; trad. de l'anglais (Etats-Unis) par Juliette Paquereau,,
OL26945770M,,,Lanbo Luowei (Rainbow Rowell) zhu ; He Yingyi yi,,
OL26934868M,,,Lanbo Luowei zhu ; He Yingyi yi = Eleanor & Park / Rainbow Rowell,,
OL3388549M,,,[Betty Neels],,
OL16574912M,,,Georgette Heyer.,,
OL18995143M,,,by Georgette Heyer.,,
OL14991419M,,,Georgette Heyer.,,
OL31972391M,,,Georgette Heyer,,
OL25198410M,,,by Georgette Heyer,,
OL24967939M,,,Georgette Heyer ; with a foreword by Linda Howard,,
OL23039547M,,,Dzhordzhett Kheǐer ; [perevod s angliǐskogo M.I. Savelovoǐ].,,
OL37767653M,,,Diana Gabaldon,,
OL52983888M,,,by Georgette Heyer,,
OL22691316M,,,Georgette Heyer.,,
OL23677860M,,,Georgette Heyer.,,
OL22910024M,,,Georgette Heyer.,,
OL24116779M,,,Georgette Heyer.,,
OL17418100M,,,translated from the English by Hanna Lux.,,
OL30402781M,,,by Georgette Heyer,,
OL17421154M,,,Georgette Heyer.,,
OL24455971M,,,Georgette Heyer,,
OL22416944M,,,Georgette Heyer.,,
OL23757232M,,,by Georgette Heyer.,,
OL32116497M,,,Diana Gabaldon ; [traduit par Philippe Safavi],,
OL22469212M,,,Diana Gabaldon.,,
OL25050704M,,,Diana Gabaldon,,
OL3564867M,,,Janet Dailey.,,
OL22383865M,,,by AmandaCarpenter.,,
OL21221815M,,,by Amanda Carpenter.,,
OL40354M,,,Julie Garwood.,,
OL17288588M,,,JudeDevereaux.,,
OL24223007M,,,Jude Deveraux.,,
OL32975857M,Davina Porter,Narrator,,,
OL24217780M,,,Julie Garwood.,,
OL2384608M,,,Jane Donnelly.,,
OL27180374M,,,Anna Todd ; traduit de l'américain par Claire Sarradel,,
OL32090513M,,,Diana Gabaldon,,
OL23268449M,,,Diana Gabaldon.,,
OL1861548M,,,Diana Gabaldon.,,
OL37061759M,,,by Charlotte Lamb,,
OL4594771M,,,by Janet Dailey.,,
OL17572233M,,,Janet Dailey.,,
OL24744091M,,,Janet Dailey,,
OL3582727M,,,Julie Garwood.,,
OL23242967M,,,Julie Garwood.,,
OL2853412M,,,Jude Deveraux.,,
OL14975573M,,,by Jane Donnelly.,,
OL39344296M,Constance Black Garnett,Translator,,,
OL39345301M,Constance Black Garnett,Translator,,,
OL39345365M,Constance Black Garnett,Translator,,,
OL39345484M,Constance Black Garnett,Translator,,,
OL39355967M,Constance Black Garnett,Translator,,,
OL39342877M,Constance Black Garnett,Translator,,,
OL39343345M,Maxim Montoto,Editor,,,
OL39343345M,Constance Black Garnett,Translator,,,
OL39344471M,Constance Black Garnett,Translator,,,
OL39345765M,Constance Black Garnett,Translator,,,
OL39346552M,Constance Black Garnett,Translator,,,
OL39346857M,Taylor Anderson,Editor,,,
OL39347959M,Constance Black Garnett,Translator,,,
OL39350146M,Constance Black Garnett,Translator,,,
OL39352756M,Constance Black Garnett,Translator,,,
OL39352971M,Constance Black Garnett,Translator,,,
OL39345149M,Constance Black Garnett,Translator,,,
OL39345552M,Constance Black Garnett,Translator,,,
OL39345760M,Constance Black Garnett,Translator,,,
OL39346009M,Natalie Montoto,Editor,,,
OL39348035M,Success Oceo,Editor,,,
OL39348035M,Constance Black Garnett,Translator,,,
OL39348277M,Constance Black Garnett,Translator,,,
OL39348295M,Constance Black Garnett,Translator,,,
OL26320905M,,,Anna Todd,,
OL17214864M,,,Carole Mortimer.,,
OL24787705M,,,by Patricia Wilson,,
OL24500961M,,,Catherine Coulter,,
OL1003436M,,,Catherine Coulter.,,
OL47117512M,Saul Rojas Blonval,Designer,,fre,Le Fantôme de l'Opéra
OL47117512M,Celia Akram,Translator,,fre,Le Fantôme de l'Opéra
OL47784343M,三輪 秀彦,Translator,,fre,Le fantôme de l'opéra
OL35517100M,Otto Penzler,Introduction,,fre,
OL37735013M,Alexander Teixeira de Mattos,Translator,,fre,
OL29076355M,,,,fre,
OL35395726M,,,,fre,
OL34564145M,,,,fre,
OL27302972M,,,,fre,
OL28436334M,,,,fre,
OL7427637M,,,,fre,
OL7465193M,,,,fre,
OL13193736M,,,,fre,
OL13071205M,,,,fre,
OL1980277M,,,by Patricia Wilson.,,
OL52150099M,,,,eng,Things we hide from the light
OL996798M,,,Catherine Coulter.,,
OL35855307M,,,,fre,
OL35492158M,,,,fre,
OL36596802M,,,,fre,
OL33903748M,,,,fre,
OL27824339M,,,,fre,
OL28278550M,,,,fre,
OL28597727M,,,,fre,
OL27534970M,,,,fre,
OL27597555M,,,,fre,
OL28468092M,,,,fre,
OL27756752M,,,,fre,
OL34027598M,,,,fre,
OL11637608M,,,,fre,
OL26340537M,,,Gaston Leroux ; from the English translation by Alexander Teixeira de Mattos,fre,
OL7357169M,,,,fre,
OL14978367M,,,by Carole Mortimer.,,
OL20501385M,,,Carole Mortimer.,,
OL33066940M,,,Khanna Khauėll ; [perevod s angliĭskogo A.I. Valʹter],,
OL26854624M,,,,fre,
OL37525883M,,,,fre,
OL28085866M,,,,fre,
OL27403917M,,,,fre,
OL27370398M,,,,fre,
OL27803017M,,,,fre,
OL24742946M,,,Gaston Leroux,fre,
OL11762875M,,,,fre,
OL7820498M,,,,fre,
OL24270738M,,,,fre,
OL13219684M,,,,fre,
OL13351691M,,,,fre,
OL24260936M,,,,fre,
OL31385601M,,,,fre,
OL22805460M,,,[translated by]Johannes Piron.,fre,
OL33023274M,Alexander Teixeira de Mattos,Translator,Gaston Leroux ; translated by Alexander Teixeira de Mattos,fre,
OL5771812M,,,Préf. par Gilbert Sigaux. Illus. originales de Jacques Carelman.,,
OL26256118M,Mario Laranjeira,Translator,"Gaston Leroux ; traduc a o, Mario Laranjeira ; ilustrac o es, Alexandre Coelho",fre,
OL26076515M,Coleen Degnan,Retold by,,,
OL26873823M,Gustavo de Azambuja Feix,Translator,,,
OL26873823M,Marianne Scholze,Proofreader,,,
OL26873823M,Ivan Pinheiro Machado,Cover Design,,,
OL23068518M,,,by Gaston Leroux ; adapted in English by Jean-Marc & Randy Lofficier ; with illustrations by Hilary Barta ... [et. al.].,,
OL3954708M,,,Gaston Leroux.,,
OL2034695M,,,illustrated by Greg Hildebrandt ; story by Gaston Leroux.,,
OL1051259M,,,by Gaston Leroux ; illustrated by André Castaigne.,,
OL13936587M,,,edited & abridged by Doris Dickens.,,
OL17552651M,,,Gaston Leroux ; illustrated by André Castaigne ; introduction by Richard Dalby,,
OL22007715M,,,Gaston Leroux ; translated from the french and retold by Stephen Colbourn.,,
OL23411407M,,,by Gaston Leroux ; illustrated by André Castaigne and with scenes from the Universal Production starring Lon Chaney.,,
OL349584M,,,by Gaston Leroux ; an abridged translation by Lowell Bair.,,
OL26336770M,,,Carole Mortimer,,
OL12995596M,,,,fre,
OL7577311M,,,,fre,
OL7576958M,,,,fre,
OL29590033M,,,,fre,
OL10129223M,,,,fre,
OL29265738M,,,,fre,
OL37044480M,,,,fre,
OL26428851M,,,,fre,
OL22634118M,,,texte adapté par M. Descombes,,
OL22201312M,,,Gaston Leroux,,
OL35712071M,,,,fre,Le fantôme de l'opéra
OL24927183M,,,"Gaston Leroux ; adaptation de Frank Milani et Paulette Collet ; [illustrations, Kyle Gell]",,
OL30107262M,,,Gaston Leroux,fre,
OL24870731M,,,"Gaston Leroux ; adaptation de Frank Milani et Paulette Collet ; [illustrations, Kyle Gell]",,
OL22535840M,,,Gaston Leroux.,,
OL1663765M,,,Gaston Leroux ; illustrated by Rick Daskam.,,
OL22282645M,,,Gaston Leroux.,,
OL6527207M,,,by Gaston Leroux ... illustrated by André Castaigne.,,
OL23036381M,,,Gaston Leroux yuan zhu ; Jennifer Shih gai bian.,,
OL22119565M,,,Gaston Leroux ; foreword by Peter Haining.,,
OL21915524M,,,"Gaston Leroux ; translated by Alexander Teixeira de Mattos ; with an introduction, chronology and bibliography by Penelope Woolf.",,
OL21993202M,,,Gaston Leroux.,,
OL2408337M,,,Gaston Leroux.,fre,
OL24943188M,,,Carole Mortimer,,
OL13355588M,,,,fre,
OL13001566M,,,,fre,
OL7577131M,,,,fre,
OL7973900M,,,,fre,
OL7577164M,,,,fre,
OL29311515M,,,,fre,
OL27925613M,Sara Gavioli,Illustrator,,,
OL35664869M,André Telles,Translator,,fre,
OL35664869M,Rodrigo Casarin,Introduction,,fre,
OL15222642M,,,"Gaston Leroux ; adaptation de Frank Milani et Paulette Collet ; [illustrations, Kyle Gell].",,
OL20945157M,,,Gaston Leroux.,,
OL22609481M,,,Gaston Leroux.,,
OL21999633M,,,Gaston Leroux ; foreword by Peter Haining.,,
OL22434007M,,,Gaston Leroux.,,
OL19221676M,,,Kasidun Lehu zhu ; Yang Li yi = Le fantôme de l'Opéra / Gaston Leroux.,,
OL13936592M,,,edited and abridged by Doris Dickens.,,
OL22982612M,,,Gaston Leroux.,,
OL10745473M,,,,eng,Ethan's Temptress Bride
OL17396879M,,,by Jessica Steele.,,
OL2704114M,,,by Jessica Steele.,,
OL20652644M,,,Janet Dailey.,,
OL61195734M,Roni Gelbfish,Translator,,eng,Glass Sword
OL35381458M,Onur Kınacı Birler,Translator,,eng,Glass Sword
OL33171819M,,,,eng,Glass Sword
OL26945773M,維多利亞·愛芙雅,Author name as appears on this edition,Weiduoliya Aifuya zhu ; Weng Yaru yi = Glass sword / Victoria Aveyard,eng,Glass Sword
OL26945773M,翁雅如,Translator,Weiduoliya Aifuya zhu ; Weng Yaru yi = Glass sword / Victoria Aveyard,eng,Glass Sword
OL37760239M,Birgit Schmitz,Translator,,eng,Glass Sword
OL24501960M,,,Judith McNaught,,
OL2400203M,,,Violet Winspear.,,
OL23578762M,,,Kathryn Ross.,,
OL24609331M,,,by Kathryn Blair,,
OL24937157M,,,Patricia Wilson,,
OL1872795M,,,Janet Dailey.,,
OL22361073M,,,by Margaret Way.,,
OL27097743M,Marion Drolsbach,Translator,,eng,Glass Sword
OL27097743M,Ellis Post Uiterweer,Translator,,eng,Glass Sword
OL35630014M,Enrique Mercado,Translator,,eng,Glass Sword
OL37760237M,Birgit Schmitz,Translator,,eng,Glass Sword
OL2047911M,,,Judith McNaught.,,
OL18452772M,,,Judith McNaught.,,
OL23056328M,,,Dzhudit Maknot ; [perevod s angliĭskogo T.A. Pert︠s︡evoĭ].,,
OL14981282M,,,Janet Dailey.,,
OL24238813M,,,Janet Dailey.,,
OL3841723M,,,by Janet Dailey.,,
OL35678782M,Cristian Clemente,Translator,,eng,Glass Sword
OL26408670M,Adriana Sokołowska-Ostapko,Translator,,eng,Glass Sword
OL14977964M,,,by Violet Winspear.,,
OL1479721M,,,by Penny Jordan.,,
OL35618082M,,,,eng,The Apartment
OL27206911M,Dan John Miller,Narrator/Reader,Danielle Steel,,
OL47263949M,Patricia Garcia Trapero,Translator,,eng,A Touch of Darkness
OL60317012M,,,,eng,A Touch of Darkness
OL24516048M,,,Mary Balogh,,
OL1653797M,,,by Kay Thorpe.,,
OL24972331M,,,Kay Thorpe,,
OL24939266M,,,Kay Thorpe,,
OL46915460M,,,,eng,The Apartment
OL26425267M,,,,eng,The Apartment
OL27207585M,,,Danielle Steel,,
OL16507416M,,,Anne Mather.,,
OL18687148M,,,by Anne Mather.,,
OL24403409M,,,by Mary Burchell [i.e. I. Cook],,
OL31995429M,Ashley Elizabeth Steele  &  Molly Kathleen McCool  Thank you for loving me.  best friends forever.,Dedicated to,,,
OL1290986M,,,by Mary Lyons.,,
OL32150364M,,,Patricia Wilson,eng,Curtain of Stars
OL28200838M,,,,eng,The Apartment
OL26333378M,,,Kelly Hunter,,
OL3283633M,,,Betty Neels.,,
OL14977034M,,,by Flora Kidd.,,
OL14976633M,,,by Janet Dailey.,,
OL1975936M,,,by Betty Neels.,,
OL24229009M,,,Janet Dailey.,,
OL16729147M,,,Flora Kidd.,,
OL26673456M,Mikki Daughtry,Contributor,,,
OL26673456M,Tobias Iaconis,Contributor,,,
OL24222949M,,,Jacqueline Baird.,,
OL18237926M,,,by Betty Neels.,,
OL14979889M,,,by Betty Neels.,,
OL18444471M,,,Mary Stewart.,,
OL17351486M,,,Mary Stewart.,,
OL3492072M,,,Mary Stewart.,,
OL14424493M,,,Mary Stewart.,,
OL20213070M,,,Mary Stewart.,,
OL20651916M,,,(translated by Gioia Angiolillo Zannino).,,
OL47548987M,Verónica Canales Medina,Translator,,,
OL47548988M,Verónica Canales Medina,Translator,,,
OL24931246M,,,Betty Neels,,
OL18630781M,,,by Betty Neels.,,
OL26329437M,,,Mary Stewart,,
OL3565667M,,,Mary Stewart.,,
OL14976715M,,,by Anne Weale.,,
OL26340876M,,,Mary Stewart,,
OL24212075M,,,Mary Stewart,,
OL4409584M,,,Mary Stewart.,,
OL1024918M,,,Mary Stewart.,,
OL24219348M,,,Anne Weale,,
OL29970788M,,,by Anne Mather,,
OL47548986M,Verónica Canales Medina,Translator,,,
OL47548989M,Verónica Canales Medina,Translator,,,
OL27143111M,,,EL James ; traduit de l'anglais par Aurélie Tronchet,,
OL30663015M,,,EL James,,
OL27145386M,,,E L Zhanmusi zhu ; Zhu Liya yi = Fifty shades Darker / E L James,,
OL25427697M,Monste Roca,Translator,,eng,Fifty Shades Darker
OL32714492M,,,Lynne Graham,,
OL39332831M,,,,eng,Hopeless
OL27167499M,,,E.L. James cho ; Ikeda Makiko yaku,,
OL24939373M,,,Flora Kidd,,
OL3548590M,,,Lynsay Sands.,,
OL18687064M,,,by Carole Mortimer.,,
OL27142898M,,,"Ė L Dzheĭms ; [Gil︠i︡arova I., perevod na russkiĭ ︠i︡azyk]",,
OL32763674M,,,E. L. James. Dt. von Andrea Brandl und Sonja Hauser,,
OL25361944M,,,E. L. James ; traducción de Montse Roca,,
OL14977319M,,,Flora Kidd.,,
OL24578094M,,,Lynne Graham,,
OL17431258M,,,by Jane Corrie.,,
OL2384613M,,,Jane Corrie.,,
OL49672019M,,,,eng,Hopeless
OL35651243M,Kübra Tekneci,Translator,,eng,Hopeless
OL32419698M,Maud Desurvire,Translator,Colleen Hoover ; traduit de l'américain par Maud Desurvire,eng,Hopeless
OL31129806M,,,Colleen Hoover,,
OL4588709M,,,by Betty Neels.,,
OL39477733M,,,Christine Feehan; traducción de Montse Florenza Noguera,eng,Magic in the Wind
OL21222407M,,,Jayne Ann Krentz.,,
OL25248385M,,,[Betty Neels],,
OL22726816M,,,(by) Betty Neels.,,
OL2216269M,,,LaVyrle Spencer.,,
OL22409454M,,,LaVyrle Spencer.,,
OL2050543M,,,LaVyrle Spencer.,,
OL22492816M,,,LaVyrle Spencer.,,
OL24770404M,,,LaVyrle Spencer,,
OL24956420M,,,LaVyrle Spencer,,
OL32344395M,,,Lynne Graham,,
OL17415550M,,,by Lynne Graham.,,
OL2039994M,,,Betty Neels.,,
OL24221658M,,,Emma Darcy.,,
OL24712974M,,,LaVyrle Spencer,,
OL17414356M,,,by Lynne Graham.,,
OL32150174M,,,Penny Jordan,,
OL60690907M,Gilat Benṭal,Translator,"G'ain An Ḳrents ; me-Anglit, Gilat Benṭal",,Witchcraft
OL26344146M,,,Jayne Ann Krentz,,
OL24787939M,,,Jayne Ann Krentz,,
OL6784964M,,,Jayne Ann Krentz.,,
OL24934280M,,,Carol Marinelli,,
OL3283641M,,,Georgette Heyer ; with a foreword by Stella Cameron.,,
OL1547089M,,,Georgette Heyer.,,
OL21333882M,,,Johanna Lindsey.,,
OL39866780M,,,,eng,The Starless Sea
OL27637630M,Allan Amato,Author Photographer,,,
OL27637630M,Pei Loi Koay,Book Designer,,,
OL27637630M,"Dan Funderburgh, Debut Art",Cover Art and Illustrations,,,
OL27637630M,John Fontana,Cover Design,,,
OL18657032M,,,by Susan Napier.,,
OL16755608M,,,Georgette Heyer.,,
OL23224228M,,,Georgette Heyer.,,
OL21272594M,,,(by) Georgette Heyer.,,
OL22789217M,,,Johanna Lindsey.,,
OL61148673M,Erin Morgenstern,Author name as appears on this edition,,,
OL61148673M,Dominic Hoffman,Narrator/Reader,,,
OL61148673M,Dion Graham,Narrator/Reader,,,
OL61148673M,Bahni Turpin,Narrator/Reader,,,
OL61148673M,Fiona Hardingham,Narrator/Reader,,,
OL61148673M,Allan Corduner,Narrator/Reader,,,
OL61148673M,Jorjeana Marie,Narrator/Reader,,,
OL37928913M,,,,eng,The starless sea
OL39449177M,Eloisa James,Foreword,,,
OL22341143M,,,Georgette Heyer.,,
OL21648045M,,,Georgette Heyer.,,
OL61041842M,Erin Morgenstern,Author name as appears on this edition,,,
OL61041842M,E. Morgenstern LLC,Copyright,,,
OL61041842M,Dan Funderburgh @ Début Art,Cover Art,,,
OL61041842M,Dan Funderburgh @ Début Art [endpaper art],Drawings,,,
OL61041842M,John Fontana,Cover Design,,,
OL20867774M,,,Helen Bianchin.,,
OL40232570M,,,,eng,It Ends with Us
OL44897339M,Колин Гувер,Translator,,eng,It Ends With Us
OL37048559M,박지선,Translator,,eng,It Ends With Us
OL27213498M,Laywan Kwan,Cover Design,,,
OL27213498M,Jon Shireman,Cover Photographer,,,
OL26604553M,Anna Gralak,Translator,,eng,It Ends With Us
OL17437360M,,,[written by Betty Neels ; art by Kako Itoh ; translation by Ikoi Hiroe ] .,,
OL17412096M,,,Betty Neels.,,
OL18337716M,,,Betty Neels.,,
OL37736394M,Lara Agnelli,Translator,,eng,It ends with us
OL36214401M,Katarina Ganslandt,Translator,,eng,It ends with us
OL35891593M,Priscila Catão,Translator,,eng,It Ends With Us
OL35256642M,Erica van Rijsewijk,Translator,,eng,It ends with us
OL32956533M,Pauline Vidal,Translator,,eng,It Ends With Us
OL38095018M,Lara Agnelli,Translator,,eng,It Ends With Us
OL30570882M,Gözde Soykan,Translator,,eng,It Ends With Us
OL28220059M,Olivia Song,Narrator/Reader,,,
OL1116442M,,,Catherine George.,,
OL24862614M,,,Jacqueline Baird,,
OL21626313M,,,Jessica Steele.,,
OL26445911M,,,Emma Darcy,,
OL40224862M,,,edited by Margarida Ferreira,eng,It Ends With Us
OL35366895M,,,,eng,It Ends With Us
OL32956532M,Priscila Catão,Translator,,eng,It Ends With Us
OL22727032M,,,Catherine George.,,
OL10691874M,,,Jessica Steele,,
OL27329560M,,,[Betty Neels],,
OL3385561M,,,[Betty Neels],,
OL19412215M,,,by Betty Neels.,,
OL39358084M,Constance Black Garnett,Translator,,,
OL39358580M,Constance Black Garnett,Translator,,,
OL39358581M,Constance Black Garnett,Translator,,,
OL39372355M,Constance Black Garnett,Translator,,,
OL39327950M,Constance Black Garnett,Translator,,,
OL39308231M,Constance Black Garnett,Translator,,,
OL39331438M,Constance Black Garnett,Translator,,,
OL45827352M,,,,rus,
OL39336104M,Constance Black Garnett,Translator,,,
OL39329773M,Dragan Nikolic,Editor,,,
OL39329773M,Constance Black Garnett,Translator,,,
OL39335626M,Constance Black Garnett,Translator,,,
OL39341956M,Constance Black Garnett,Translator,,,
OL39336613M,Constance Black Garnett,Translator,,,
OL39298221M,Constance Black Garnett,Translator,,,
OL39330636M,Constance Black Garnett,Translator,,,
OL39327748M,Constance Black Garnett,Translator,,,
OL45785846M,Constance Garnett,Translator,,rus,
OL39357291M,Constance Black Garnett,Translator,,,
OL39357996M,Andronum,Cover Art,,,
OL39357996M,Constance Black Garnett,Translator,,,
OL39335692M,Constance Black Garnett,Translator,,,
OL39298187M,Constance Black Garnett,Translator,,,
OL46718254M,,,,rus,
OL46342831M,Paul Frènzeny,Illustrator,,rus,
OL45849003M,R. Edmonds,Translator,,rus,
OL61112773M,,,,eng,The Reluctant Surrender
OL20652648M,,,Margaret Mayo.,,
OL18948381M,,,by Betty Neels.,,
OL28422440M,,,by Michelle Reid,,
OL40218780M,Kevin T. Collins,Narrator/Reader,,,
OL31937085M,,,Penny Jordan,,
OL21821685M,,,by Penny Jordan.,,
OL24967697M,,,Betty Neels,,
OL24975814M,,,Margaret Way,,
OL22726883M,,,by Charlotte Lamb.,,
OL14980887M,,,Charlotte Lamb.,,
OL29569576M,,,Michelle Reid,,
OL10691637M,,,Margaret Way,,
OL7536269M,,,Sandra Brown,,
OL23541045M,,,Margaret Way.,,
OL24939105M,,,Margaret Way,,
OL25379339M,,,Penny Jordan,,
OL24958683M,,,Charlotte Lamb,,
OL14976908M,,,by Margaret Mayo.,,
OL17500610M,,,by Betty Neels.,,
OL24204844M,,,Anne Hampson,,
OL14975689M,,,by Anne Hampson.,,
OL56884344M,"Tú eres mi creador, pero yo soy tu dueño. - Mary Shelley, Frankenstein",Epigraph,,eng,Corrupt
OL56884344M,A Z. King,Dedicated to,,eng,Corrupt
OL24865688M,,,Michelle Reid,,
OL24388717M,,,Margaret Way,,
OL22727039M,,,Penny Jordan.,,
OL48521613M,Kevin Theis,Editor,,,
OL40735629M,Marco PEDULLA,Translator,,,
OL32123563M,,,by Alexandre Dumas,,
OL31090010M,,,Alexandre Dumas,,
OL43743097M,,,by Alexandre Dumas,,
OL24929613M,,,Alexandre Dumas,,
OL24832025M,,,Alexandre Dumas,,
OL22902997M,,,Dyuma saku ; Shibano Tamizō hencho.,,
OL22318821M,,,by Alexandre Dumas ; a new translation of the latest French edition by Henry L. Williams.,,
OL5936528M,,,With hand-colored illus. by Edy Legrand and an introduction by André Maurois.,,
OL17866366M,,,With sixteen illustrations from the Edward Small motion picture starring Joan Bennett and Louis Hayward.,,
OL22319645M,,,by Alexandre Dumas ; a new translation from the latest French edition by Henry L. Williams.,,
OL22324389M,,,by Alexandre Dumas.,,
OL15096530M,,,Alexandre Dumas.,,
OL385047M,,,Alexandre Dumas.,,
OL14980626M,,,Anne Hampson.,,
OL14977949M,,,by Karen Van Der Zee.,,
OL1480125M,,,by Carole Mortimer.,,
OL22333143M,,,Carole Mortimer.,,
OL25429986M,Simon Vance,Narrator,Alexandre Dumas ; read by Simon Vance,,
OL24638599M,,,Alexandre Dumas,,
OL22952648M,,,Dazhongma zhu.,,
OL23266239M,,,"Alexandre Dumas ; with illustrations by J. A. Beauce Philippoteaux and others, and a foreword by Emile Van Vliet.",,
OL3579092M,,,Alexandre Dumas ; translated by Joachim Neugroschel ; introduction by Francine du Plessix Gray.,,
OL21189531M,,,Illustrated by Malcolm Patterson.,,
OL25084183M,Edmund Th. Kauer,Translator,Alexandre Dumas. Aus dem Franz. von Edmund Th. Kauer,fre,Le vicomte de bragelonne
OL25084183M,Susanne Döbert,Editor,Alexandre Dumas. Aus dem Franz. von Edmund Th. Kauer,fre,Le vicomte de bragelonne
OL6377446M,,,"episode tire du roman d'Alexandre Dumas:  Le vicomte de Bragelonne:  ou, Dix ans plus tard, edited with introduction, notes, exercises, and vocabulary by Henry E. Haxo.",,
OL24510943M,,,by Alexandre Dumas,,
OL22941818M,,,Dazhongma zhu.,,
OL23228448M,,,Alexandre Dumas ; edited with an introduction and notes by David Coward.,,
OL1533052M,,,Alexandre Dumas ; edited with an introduction by David Coward.,,
OL6805973M,,,by Alexandre Dumas.,,
OL22630347M,,,Patricia Wilson.,,
OL16308172M,,,Carole Mortimer.,,
OL53484670M,ארין מורגנסטרן,Author name as appears on this edition,,eng,The Night Circus
OL53484670M,שאול לוין,Translator,,eng,The Night Circus
OL25198252M,,,by Erin Morgenstern ; traducción de Montse Triviño,,
OL14977867M,,,by Sara Craven.,,
OL61106214M,,,,eng,The Spanish Billionaire's Pregnant Wife
OL18817321M,,,by Betty Neels.,,
OL14977524M,,,Anne Weale.,,
OL24513501M,,,Anne Weale,,
OL24514219M,,,Anne Weale,,
OL21821486M,,,by Lindsay Armstrong.,,
OL21222922M,,,Michelle Reid.,,
OL35626585M,ELEONORA GONZALEZ CAPRIA,Translator,,eng,
OL59519295M,Isadora Prospero,Translator,,eng,The Night Circus
OL25368703M,,,Erin Morgenstern,,
OL21309557M,,,by Sara Craven.,,
OL32143546M,,,Lynne Graham,,
OL47305570M,Marinella Magrì,Translator,,eng,The Night Circus
OL47266356M,Esther Roig Giménez,Translator,,eng,The Night Circus
OL27138155M,,,Ailin Mogensitan zhu ; [yi zhe Xie Jingwen] =,,
OL25086657M,,,Erin Morgenstern,,
OL23557050M,,,Lynne Graham.,,
OL1743334M,,,Sandra Brown.,,
OL22628985M,,,Sandra Brown.,,
OL20939100M,,,Sandra Brown.,,
OL22636773M,,,SandraBrown.,,
OL20281122M,,,Judith McNaught.,,
OL17310533M,,,Judith McNaught.,,
OL22926291M,,,"Judith McNaught ; [traducción, Valeria Watson].",,
OL17323049M,,,(by) KathleenWoodiwiss.,,
OL4560925M,,,Kathleen E. Woodiwiss.,,
OL21333932M,,,Kathleen E. Woodiwiss.,,
OL25166086M,,,Jane Porter,,
OL24942853M,,,Susan Fox,,
OL27142615M,,,Sylvia Day,,
OL25317242M,,,Sylvia Day,,
OL24223828M,,,Sandra Brown.,,
OL1414385M,,,Sandra Brown.,,
OL20931601M,,,Judith McNaught.,,
OL22998574M,,,Dzhudit Maknot ; [perevod s angl. T.S. Vybornovoĭ].,,
OL2846864M,,,Kathleen E. Woodiwiss.,,
OL17365252M,,,Kathleen E. Woodiwiss.,,
OL17216033M,,,Kathleen E. Woodiwiss.,,
OL26590354M,,,Jane Porter,,
OL38213585M,Ryta Vinagre,Translator,,eng,Without Merit
OL22404665M,,,Sandra Brown.,,
OL22944397M,,,Sandra Braun ; perevod s angliĭskog Eleonory Piterskoĭ.,,
OL26482808M,,,Jane Porter,,
OL18191460M,,,Kathleen E. Woodiwiss.,,
OL17373681M,,,Kathleen E. Woodiwiss.,,
OL23269537M,,,Kathleen E. Woodiwiss.,,
OL14977328M,,,by Betty Neels.,,
OL24202144M,,,Helen Brooks.,,
OL15061446M,,,Caroline Courtney.,,
OL2205119M,,,Judith McNaught.,,
OL16256315M,,,Judith McNaught,,
OL22958033M,,,Judith McNaught.,,
OL24943054M,,,Judith McNaught,,
OL17444885M,,,Kathleen E. Woodiwiss.,,
OL24376314M,,,by Essie Summers,,
OL20500881M,,,Betty Neels.,,
OL3474591M,,,by Betty Neels,,
OL24934102M,,,Margaret Way,,
OL4104873M,,,Caroline Courtney.,,
OL24377377M,,,Caroline Courtney,,
OL24508883M,,,Caroline Courtney,,
OL17398318M,,,by Penny Jordan.,,
OL23272038M,,,Judith McNaught.,,
OL18869722M,,,Judith McNaught.,,
OL22946904M,,,Dzhudit Maknot ; [perevod s angliĭskogo].,,
OL1088054M,,,Amanda Quick.,,
OL2389430M,,,Kathleen E. Woodiwiss.,,
OL21333814M,,,Kathleen E. Woodiwiss.,,
OL21221952M,,,by Carole Mortimer.,,
OL2865895M,,,Betty Neels.,,
OL18231653M,,,by Betty Neels.,,
OL14978188M,,,by Penny Jordan.,,
OL15103266M,,,Judith McNaught.,,
OL22999873M,,,Judith McNaught ; traducción de Jose M. Pomares.,,
OL47333641M,Anne T. Flosnik,Narrator/Reader,,,
OL12961115M,,,,,Seduction
OL12514652M,,,,,Seduction
OL24877116M,,,Amanda Quick,,
OL23541061M,,,Lindsay Armstrong.,,
OL26255265M,,,Betty Neels,,
OL22111141M,,,Betty Neels.,,
OL37778887M,,,Penny Jordan,,
OL21765871M,,,Penny Jordan.,,
OL10745289M,,,,eng,Marriage Make-up
OL55693120M,Constance Black Garnett,Translator,,,
OL42634730M,,,,rus,
OL40688581M,Émile Faguet,Translator,,rus,
OL40688581M,Sergueï Prokoudine-Gorski,Translator,,rus,
OL46792272M,Richard Pevear,Translator,,,
OL46792272M,Larissa Volokhonsky,Translator,,,
OL58358611M,,,L. N. Tolstoĭ,,
OL52512095M,,,[Leo Tolstoy],rus,
OL54240745M,Constance Black Garnett,Translator,,,
OL52500532M,,,Tarjumah-i Muhammad ʻAlī Shīrāzī,und,
OL55593953M,Constance Black Garnett,Translator,,,
OL57633082M,,,by Leo Tolstoy,,
OL41493221M,,,,rus,
OL57331531M,,,L.N. Ṭolsṭoi ; neʻerakh ṿe-nisdar ʻa.y. D. Ḳimḥi,,
OL42311428M,Constance Garnett,Translator,,rus,
OL42311428M,Constance Black Garnett,Translator,,rus,
OL32638775M,Constance Black Garnett,Translator,,,
OL56186138M,Constance Black Garnett,Translator,,,
OL50255743M,,,tirgem Yitsḥaḳ Shenhar,,
OL50255742M,,,L.N. Ṭolsṭoi ; tirgem Y. A. Ṭriṿush,,
OL57932185M,,,by Lyof N. Tolstoï ; translated from the Russian by Nathan Haskell Dole,rus,
OL58217978M,,,von L. N. Tolstoi ; uebertragen von H. Roehl,,
OL54124041M,,,Lie Tuo'ersitai ; Zhou Yang yi,,
OL42192978M,Constance Black Garnett,Translator,,,
OL57705053M,,,translated by Constance Garnett,,
OL19315034M,,,Leo Tolstoy.,,
OL42929559M,,,,rus,
OL42334727M,Constance Black Garnett,Translator,,,
OL56502773M,G-Ph Ballin,Editor,,,
OL56502773M,Constance Black Garnett,Translator,,,
OL55944331M,Jorge Martinez,Editor,,,
OL43185594M,Fritz Eichberg,Illustrator,,rus,
OL43185594M,Constance Garnett,Translator,,rus,
OL42211506M,Constance Black Garnett,Translator,,,
OL42255497M,Constance Garnett,Translator,,rus,
OL42276380M,Constance Garnett,Translator,,rus,
OL42276380M,Constance Black Garnett,Translator,,rus,
OL41311199M,Constance Garnett,Translator,,rus,
OL41359255M,Constance Garnett,Translator,,rus,
OL41359255M,Constance Black Garnett,Translator,,rus,
OL41409569M,Constance Garnett,Translator,,rus,
OL41409569M,Constance Black Garnett,Translator,,rus,
OL40639821M,Constance Black Garnett,Translator,,,
OL39221414M,Andreu Nin,Translator,,rus,
OL47366117M,Andreu Nin,Translator,,rus,
OL47366116M,Andreu Nin,Translator,,rus,
OL39150614M,Constance Black Garnett,Translator,,,
OL39225983M,Constance Black Garnett,Translator,,,
OL39226671M,Constance Black Garnett,Translator,,,
OL39226741M,Constance Black Garnett,Translator,,,
OL55565229M,G-Ph Ballin,Editor,,,
OL42109733M,Constance Black Garnett,Translator,,,
OL42186310M,Constance Black Garnett,Translator,,,
OL42034543M,Constance Garnett,Translator,,rus,
OL42034543M,Constance Black Garnett,Translator,,rus,
OL42680363M,Constance Garnett,Translator,,rus,
OL42680363M,Constance Black Garnett,Translator,,rus,
OL40914375M,Émile Faguet,Translator,,rus,
OL40917211M,Constance Garnett,Translator,,rus,
OL41304068M,Constance Garnett,Translator,,rus,
OL41304068M,Constance Black Garnett,Translator,,rus,
OL41358078M,Constance Garnett,Translator,,rus,
OL41358078M,Constance Black Garnett,Translator,,rus,
OL41367892M,Constance Garnett,Translator,,rus,
OL41367892M,Constance Black Garnett,Translator,,rus,
OL41479032M,Constance Garnett,Translator,,rus,
OL41479032M,Constance Black Garnett,Translator,,rus,
OL40904075M,Monty,Illustrator,,,
OL40643442M,Constance Black Garnett,Translator,,,
OL40525596M,Constance Black Garnett,Translator,,,
OL39226051M,Constance Black Garnett,Translator,,,
OL39227471M,Constance Black Garnett,Translator,,,
OL42368425M,Constance Black Garnett,Translator,,,
OL41452821M,Constance Black Garnett,Translator,,,
OL40867411M,Constance Garnett,Translator,,rus,
OL40867411M,Constance Black Garnett,Translator,,rus,
OL40917281M,Constance Garnett,Translator,,rus,
OL41454729M,Constance Garnett,Translator,,rus,
OL41454729M,Constance Black Garnett,Translator,,rus,
OL40570823M,Constance Garnett,Translator,,rus,
OL40570823M,Helen Mason Grose,Illustrator,,rus,
OL40570823M,Constance Black Garnett,Translator,,rus,
OL47366373M,Andreu Nin,Translator,,rus,
OL39226175M,Constance Black Garnett,Translator,,,
OL39226367M,Constance Black Garnett,Translator,,,
OL39286148M,Constance Black Garnett,Translator,,,
OL40237457M,,,Warner Bros. presents ; an Icon Production ; a film by Bernard Rose,,
OL45570639M,,,,rus,
OL44576897M,,,by Count Lyof Tolstoi,rus,
OL43981692M,,,"Tuo'ersitai zhu ; Chen Jialin, Chen Dadeng yi",rus,
OL45155425M,Rachelle S. Townsend,Translator,by Count Leo Tolstoy,rus,
OL45022546M,Constance Garnett,Translator,"translated by constance Garnett, the text edited and revised by Gustavus Spett and the translation revised by Bernard Guilbert Guerney; illustrated with lithographs by Barnett Freedman",,
OL44554654M,,,roman traduit du russe,,
OL36376898M,Constance Black Garnett,Translator,,,
OL37068785M,,,Leo Tolstoy ; edited from the translation by Constance Garnett,,
OL39232938M,Constance Black Garnett,Translator,,,
OL39284202M,Constance Black Garnett,Translator,,,
OL39287644M,Constance Black Garnett,Translator,,,
OL39444331M,Constance Black Garnett,Translator,,,
OL39693707M,Constance Black Garnett,Translator,,,
OL39735881M,Constance Black Garnett,Translator,,,
OL38566596M,Constance Black Garnett,Translator,,,
OL40238290M,,,by Leo Tolstoy ; translated from the Russian by Constance Garnett ; ill. by Fritz Eichenberg,,
OL40240001M,,,Przełozyła Kazimiera Iłłakowiczówna,,
OL43738900M,Rochelle S. Townsend,Translator,Leo N. Tolstoy ; translated by Rochelle S. Townsend ; introduction by Nikolay Andreyev ; original ill. and frontispiece by Roland Topor,rus,
OL43981664M,,,Gao Zhi yi,rus,
OL39800439M,Constance Garnett,Translator,,rus,Анна Каренина
OL37833016M,,,Lew Tolstoi. [Aus d. Russ. Übers. von Hermann Asemissen],,
OL37567422M,Constance Black Garnett,Translator,,,
OL38210686M,,,Leo Tolstoy ; [translated by Constance Garnett],,
OL38574615M,,,Lev Tolstoy ; translated by Margaret Wettlin,,
OL40245291M,,,by Leo Tolstoy ; newly translated and with a foreword by David Magarshack,,
OL39201928M,,,fun Leṿ Ṭolsṭoy ; iberzetsṭ oys dem Rusishen original fun M. Ḳaṭts,rus,
OL45545108M,Nakamura Hakuyō,Translator,by Lev Tolstoi ; translated by Nakamura Hakuyō,rus,
OL47077269M,,,by Leo Tolstoy ; translated from the Russian by Constance Garnett ; illustrated by Fritz Eichenberg,rus,
OL43980670M,,,Tuo'ersitai zhu ; Wozinisiji bian ju ; Bei'ou yi,rus,
OL47074859M,,,Count Leo Tolstoy ; translated from the Russian by Constance Garnett,rus,
OL44655868M,,,by Leo Tolstóy. Translated by Louise and Aylmer Maude. With a preface and notes by Aylmer Maude ...,rus,
OL35339369M,,,Lev Tolstoj ; traduzione di Leone Ginzburg ; prefazione di Natalia Ginzburg,,
OL32974109M,,,L.N. Tolstoi ; translated and with an introd. by Rosemary Edmonds,,
OL45307680M,,,Leo N. Tolstoi,rus,Анна Каренина
OL37833015M,,,Lew Tolstoi. [Aus d. Russ. Übers. von Hermann Asemissen],,
OL37673828M,Constance Black Garnett,Translator,,,
OL3598644M,,,Lev Nikolaev.,,
OL32974110M,,,translated by Rochelle S. Townsend ; introduction by Nikolay Andreyev. --,,
OL12325386M,Constance Black Garnett,Translator,,,
OL53593756M,,,L.N. Ṭolsṭoi ; me-Anglit Eṿelin Leṿi,,
OL34198366M,Constance Black Garnett,Translator,,,
OL56208313M,Sheba Blake,Editor,,,
OL54998027M,Sir Angels,Editor,,,
OL40304216M,Arnold Goldman,Editor,,,
OL52968413M,,,by Count Leo Tolstoy ; translated by Constance Garnett ; with an introduction by Henri Troyat,rus,
OL50397709M,,,Yidish: Shlomo Sheynberg,,
OL48798731M,Constance Black Garnett,Translator,,,
OL27016449M,,,Lev Nikolaevich Tolstoï,,
OL28309948M,,,Liefu Tuoersitai zhu ; Cao Ying yi,rus,Анна Каренина
OL28204413M,,,Liefu Tuoersitai zhu ; Yang Nan yi,,
OL3111541M,,,L.N. Tolstoĭ.,,
OL27135679M,,,"Yin Xizhen gai bian ; liefu Tuo'ersitai yuan zhu ; zheng Xuanjing cha hua ; Li Yifang, Zhang Shiyun yi",,
OL24769029M,,,L.N. Tolstoy ; translated and with an introduction by Rosemary Edmonds,,
OL24197455M,,,by Count Lev N. Tolstóy ; translated from the original Russian and edited by Leo Wiener.,,
OL20427575M,,,traduit par Henri Mongault.,,
OL18650184M,,,Leon Tolstoi.,,
OL32338853M,Fega Frisch,Translator,Leo Tolstoj. [Aus d. Russ. übertr. von Fega Frisch].,rus,Анна Каренина
OL32338675M,,,,rus,Анна Каренина
OL31881940M,,,Leo Tolstoy ; translated from the Russian by Constance Garnett,,
OL52968196M,,,Leo Tolstoy ; edited and introduced by Leonard J. Kent and Nina Berberova ; the Constance Garnett translation has been revised throughout by the editors,,
OL50397708M,,,bearbayṭeṭ fun D. M. Hermalin,,
OL48027946M,,,ʻal pi Lev Ṭolsṭoi ; ʻubad ʻal yede Helen Edmunson ; targum Rivḳah Meshulaḥ,,
OL22483389M,,,Lew Tołstoj ; Przełozyła Kazimiera Iłłakowiczówna. Tom 2.,,
OL9145698M,,,,rus,
OL30128516M,,,Leo Tolstoy ; translated from the Russian by Constance Garnett,,
OL27130412M,,,Torusutoi ; Kimura Hiroshi yaku,,
OL26984834M,,,Leo Tolstoj ; paa dansk ved Clara Gulmann,,
OL26793195M,,,(E) Liefu Tuoersitai zhu ; Caoying yi,,
OL20255384M,,,traduction nouvelle de A. Minousky.,,
OL20427576M,,,"traductions et notes de Henri Mongault, Sylvie Luneau et E. Beaux ; introduction de Pierre Pascal.",,
OL18650193M,,,Leon Tolstoi.,,
OL6403836M,,,by Count Leo Tolstoi...translated by A. C. Townsend; illustrations by A. Zaidenberg.,,
OL32160408M,Constance Black Garnett,Translator,,,
OL30941085M,Constance Black Garnett,Translator,,,
OL30516852M,,,Leo Tolstoy ; translated from the Russian by Constance Garnett ; supplementary materials written by Cory Reed,,
OL30001841M,Constance Black Garnett,Translator,,,
OL48351584M,Constance Black Garnett,Translator,,,
OL31236710M,,,"L. Tuoersitai zhu ; Zhou Jian, Luo Jinan yi",,
OL27144011M,,,Liefu Tuo'ersitai zhu ; Cao Ying yi,,
OL19984765M,,,L. Tuo'ersitai yuan zhu ; Huai Bing gai xie.,,
OL23070190M,,,"Liefu Tuo'ersitai zhu ; Zhou Yang, Xie Sutai yi.",,
OL27274853M,,,Liefu Tuo'ersitai zhu ; Yang Nan yi,,
OL27868320M,,,"Liefu Tuo'ersitai ; Frances Johnston, Michael West kai hsieh ; Shi Yanshan yi",,
OL22148916M,,,par Léon Tolstoi. Introduction par Émile Faguet de l'Académie française.,,
OL19974346M,,,Léon Tolstoï ; traduction et notes de Henri Mongault ; préface de Françoise Mallet-Joris,,
OL7225066M,,,by Leo Tolstoi ; translated by A.C. Townsend ; illus. by A. Zaidenberg.,,
OL24197483M,,,by Count Lyof N. Tolstoy ; translated by Nathan Haskell Dole.,,
OL32160407M,Constance Black Garnett,Translator,,,
OL32077398M,,,Leo Tolstoy ; translated by Richard Pevear and Larissa Volokhonsky,,
OL27175679M,,,Leo Tolstoy ; translated from the Russian by Marian Schwartz ; edited with an introduction by Gary Saul Morson,,
OL27175678M,,,Leo Tolstoy ; translated with an introduction and notes by Rosamund Bartlett,,
OL25563444M,,,Lev Nikolayevic ʹ Tolstoy; c ʹev. M. Bahar,rus,
OL7361482M,Richard Pevear,Translator,,rus,
OL7361482M,Larissa Volokhonsky,Translator,,rus,
OL16823785M,,,riduzione lirica italiana e musica di Iginio Robbiani.,rus,
OL8841806M,Sylvie Luneau,Translator,,rus,
OL8841806M,Michel Cadot,Editor,,rus,
OL12393430M,Henri Mongault,Translator,,rus,
OL11652682M,Constance Garnett,Translator,,rus,
OL12577523M,Jill Masters,Lektor,,rus,
OL12581578M,,,,rus,
OL17335932M,George Gibian,Editor,,,
OL7355435M,,,,rus,
OL10601812M,,,,rus,
OL8105228M,,,,rus,
OL7881474M,,,,rus,
OL6890045M,,,L.N. Tolstoĭ.,,
OL14198060M,,,[Illi Łustrat Łsii A. N. Samokhvalova],,
OL20427569M,,,by Count Leo Tolstoi.,,
OL21420498M,,,by Leo Tolstoy ; translated by Constance Garnett ; edited with notes and introductions by William Allan Neilson.,,
OL17975095M,,,von L. N. Tolstoi ; Übertragen von H. Röhl.,,
OL3569193M,,,Leo Tolstoy ; translated by David Magarshack ; with a new introduction by Priscilla Meyer.,,
OL23993123M,,,Leo Tolstoy ; translated by David Magarshack ; with an introduction by Priscilla Meyer.,,
OL3696013M,,,"Leo Tolstoy ; with an introduction and notes by Amy Mandelker ; translated by Constance Garnett ; George Stade, consulting editorial director.",,
OL13927528M,,,"L.N. Tolstoi. [T]1, Ch.1-4.",,
OL30576219M,Constance Black Garnett,Translator,,,
OL22558843M,,,Lew Tołstoj ; Przełozyła Kazimiera Iłłakowiczówna. Tom 1.,,
OL24656369M,,,L.N. Tolstoĭ,,
OL8841805M,Sylvie Luneau,Translator,,rus,
OL8841805M,Michel Cadot,Editor,,rus,
OL12577524M,,,,rus,
OL12577522M,Jill Masters,Lektor,,rus,
OL12033807M,Flo Gibson,Lektor,,rus,
OL9117450M,,,,rus,
OL16563438M,,,L. N. Tolstoi.,,
OL22931616M,,,L.N.Tolstoĭ.,,
OL14179055M,,,by Leo Tolstoi ; illustrated by    Helen Mason Grose ; translated from the Russian by Constance Garnett.,,
OL16176547M,,,by Leo Tolstoy ; translated by Louise and Aylmer Maude ; with an introduction and notes by Aylmer Maude.,,
OL22089626M,,,"newly translated, and with a foreword by David Magarshack.",,
OL26547576M,,,translated by Rochelle S. Townsend ; introduction by Nikolay Andreyev. --,,
OL24798586M,,,Leo Tolstoy ; translated from the Russian by Louise and Aylmer Maude,,
OL24656373M,,,L.N. Tolstoĭ,,
OL19315041M,,,Leo Tolstoy,,
OL11334387M,Irene Worth,Lektor,,rus,
OL11334387M,Constance Garnett,Translator,,rus,
OL11652683M,Constance Garnett,Translator,,rus,
OL7773421M,Constance Garnett,Translator,,rus,
OL7773421M,Ernest J. Simmons,Notes by,,rus,
OL10601814M,Jill Masters,Lektor,,rus,
OL25927193M,Rubens Figueiredo,Translator,,rus,Anna Kariênina
OL25927193M,Rubens Figueiredo,Introduction,,rus,Anna Kariênina
OL24018905M,,,by Leo Tolstoy ; translated by Constance Garnett ; the text edited and revised by Gustavus Spett and the translation revised by Bernard Guilbert Guerney ; illustrated with lithographs by Barnett Freedman.,,
OL6027538M,,,Tr. from the Russian by Constance Garnett. Illus. by Fritz Eichenberg.,,
OL6252109M,,,With an introd. by George Gibian.,,
OL6072398M,,,"translated by Constance Garnett, with an introd. by Henri Troyat.",,
OL19076624M,,,L.N. Tolstoy ; izd. podgotovili V.A. Zhdanov i E.E. Zaĭdenshnur.,,
OL13946741M,,,L.N.Tolstoi. chasti 1-4.,,
OL13962772M,,,"L. Tolstoi . Tom 1, Ch.1-4.",,
OL23158819M,,,Leo Tolstoy ; translated by Louise and Aylmer Maude ; with an introduction and notes by W. Gareth Jones.,,
OL1099343M,,,Leo Tolstoy ; translated by Louise and Aylmer Maude ; with an introduction by W. Gareth Jones.,,
OL469398M,,,by Count Lyof N. Tolstoï ... ; translated by Nathan Haskell Dole.,,
OL6481934M,,,"by Leo Tolstoy, translated from the Russian by Constance Garnett, illustrated by Fritz Eichenberg.",,
OL14189729M,,,by Leo Tolsty  ; translated by Louise and Aylmer Maude.,,
OL4565329M,,,Leo Tolstoy ; translated from the Russian by Constance Garnett.,,
OL22605684M,,,by Leo Tolstoy ; with an introd. by Moreland Perkins.,,
OL117967M,,,Leo Tolstoy ; translated by Louise and Aylmer Maude ; with an introduction by Malcolm Bradbury.,,
OL5951943M,,,Edited and introduced by Leonard J. Kent and Nina Berberova. The Constance Garnett translation has been revised throughout by the editors.,,
OL6748725M,,,by Count Leo Tolstoy ...,,
OL39282233M,Constance Black Garnett,Translator,,,
OL23933841M,,,Leo Tolstoy ; translated by David Magarshack ; with an introduction by Priscilla Meyer.,,
OL23018856M,,,Lev Tolstoĭ.,,
OL17138055M,,,Leo Tolstoy ; translated by Richard Pevear and Larissa Volokhonsky ; with a preface by John Bayley,,
OL6396331M,,,"by Leo Tolstoy; translated from the Russian by Constance Garnett, with an introductory essay by Thomas Mann and illustrations by Philip Reisman ...",,
OL23274401M,,,Leo Tolstoy ; translated from the Russian by Louise and Aylmer Maude ; with an introduction by John Bayley.,,
OL13909164M,,,translated by Constance Garnett ...  ; illustrated with lithographs by Barnett Freedman.,,
OL22063343M,,,L. N. Tolstoĭ.,,
OL18389479M,,,Leo Tolstoy ; translated and edited by Richard Pevear and Larissa Volokhonsky.,,
OL39283110M,Constance Garnett,Translator,,rus,
OL13927524M,,,"L.N. Tolstoi. [T.]2, Ch.5-8.",,
OL5875350M,,,Translated by Constance Garnett.  Authoritative modern abridgment by Edmund Fuller.,,
OL19238928M,,,by Count Lyof N. Tolstoi.,,
OL6599209M,,,by Leo Tolstoy; tr. by Constance Garnett ...,,
OL6323435M,,,[by] Count Leo Tolstoy.,,
OL21429875M,,,L.N. Tolstoy ; translated with an introduction by Rosemary Edmonds.,,
OL5984913M,,,Foreword by E. Hudson Long,,
OL13770119M,,,translated by Constance Garnett ; the text edited and revised by Gustavus Spett ; and the translation revised by Bernard Guilbert Guerney ; illustrated with lithographs by Barnett Freedman.,,
OL5615955M,,,"[by] Leo Tolstoy. The Maude translation, backgrounds and sources, essays in criticism. Edited by George Gibian.",,
OL13927519M,,,"L.N. Tolstoi ; redaktsiya N.K. Gudziya. T.1, Ch.1-4.",,
OL6500515M,,,"translated from the Russian by Constance Garnett, illustrated by Laszlo Matulay; introduction by James T. Farrell.",,
OL3306894M,,,Leo Tolstoy ; translated by Louise and Aylmer Maude.,,
OL13993207M,Nathan Haskell Dole,Translator,by Lyof N. Tolstoï ; translated from the Russian by Nathan Haskell Dole.,rus,
OL1101003M,,,Leo Tolstoy ; the Maude translation revised by George Gibian ; edited by George Gibian.,,
OL19200075M,,,L.N. Tolstoy.,,
OL13927510M,,,"L.N. Tolstoi ; redaktsiya N.K. Gudziya. T.2, Ch.5-8.",,
OL6531262M,,,by Count Leo Tolstoy. Tr. from the Russian by Constance Garnett ...,,
OL13874398M,,,translated by Rochelle S. Townsend.,,
OL14419545M,,,Leo Tolstoi.,,
OL16433584M,,,by Count Leo Tolstoy. Translated from the Russian by Constance Garnett.,,
OL22591809M,,,by Leo Tolstoy ; translated by Constance Garnett ; the text edited and revised by Gustavus Spett and the translation revised by Bernard Guilbert Guerney ; illustrated with lithographs by Barnett Freedman.,,
OL4425427M,,,Leo Tolstoy ; translated by Louise and Aylmer Maude ; with an introd. by John Bayley.,,
OL22345705M,,,introductionby Nikolay Andreyev.,,
OL22646377M,,,L.N. Tolstoĭ.,,
OL19461331M,,,by Leo Tolstoy ; translated by Louis and Aylmer Maude. Vol.2.,,
OL20678568M,,,by! Leo Tolstoy; translated from the Russian by Constance Garnett.,,
OL22265663M,,,Leo Tolstoy ; edited by George Gibian.,,
OL17377333M,,,translated and with an introduction by Rosemary Edmonds.,,
OL22637053M,,,Leo Tolstoy ; translated by Rochelle S. Townsend ; with an introduction by C. Day Lewis.,,
OL14453921M,,,by Lyof N. Tolstoï,,
OL19078721M,,,translated by Louise and Aylmer Maude ; with a pref. and notes by Aylmer Maude.,,
OL13634172M,,,L.N. Tolstoĭ; posleslovie S. Bychkova.,,
OL20210655M,,,Leo Tolstoi.,,
OL13891623M,,,by Count Lyof N. Tolstoi  ; translated by Nathan Haskell Dole.,,
OL14421589M,,,by Leo Tolstoy ; translated from the Russian by Constance Garnett.,,
OL180450M,,,"by Leo Tolstoy. Translated by Constance Garnett, edited by Bernard Guilbert Guerney and Gustavus Spett, with an introduction by Anatole Lunacharsky, and with wood-engravings by Nikolas Piskariov ...",,
OL6787115M,,,Leo Tolstoy ; translated by Richard Pevear and Larissa Volokhonsky.,,
OL1567610M,,,Leo Tolstoy ; translated from the Russian by Louise and Aylmer Maude ; with an introduction by John Bayley.,,
OL13946740M,,,L.N.Tolstoi. Chasti 5-8.,,
OL1432122M,,,Leo Tolstoy ; edited and introduced by Leonard J. Kent and Nina Berberova.,,
OL16500834M,,,L.N. Tolstoĭ.,,
OL17780936M,,,Translated and with an introd. by Rosemary Edmonds.,,
OL14396562M,,,Leo Tolstoj ; mit einem nachwort von Elisabeth Brock-Sulzer ; Fega Frisch [translator].,,
OL20595514M,,,L. N. Tolstoĭ.,,
OL24374308M,,,by Leo Tolstoy ; the modern American translation by Joel Carmichael ; with an introduction by Malcolm Cowley,,
OL20408873M,,,translated from the Russian by Constance Garnett.,,
OL24591944M,,,L.N. Tolstoy ; translated and with an introduction by Rosemary Edmonds,,
OL18983152M,,,L. M. Tolstoĭ ; [pereklad z rosiĭsʹkoï A. Khutorii︠a︡na].,,
OL13961541M,,,translated by Rochelle S. Townsend ; introduction by Nikolay Andreyev ; original illustrations and frontispiece by Roland Topor.,,
OL13901673M,,,L.N. Tolstoi. T.2.,,
OL6792104M,,,Leo Tolstoy ; introduction by Mona Simpson ; edited by Leonard J. Kent and Nina Berberova.,,
OL13578994M,,,L.N. Tolstoy ; translated and with an introduction by Rosemary Edmonds.,,
OL13874399M,,,translated by Rochelle S. Townsend.,,
OL6106729M,,,"translated by Constance Garnett.  The text edited and revised by Gustavus Spett, and the translation revised by Bernard Guilbert Guerney; illustrated with lithographs by Barnett Freedman.",,
OL14842168M,,,Leo Tolstoy ; translated from the Russian by Constance Garnett.,,
OL22494130M,,,by Leo Tolstoi ; [translated by Rochelle S. Townsend],,
OL13962774M,,,"L. Tolstoi . Tom 2, Ch.5-8.",,
OL16995295M,,,"tr. by Louise and Aylmer Maude, with a preface by Aylmer Maude.",,
OL13901682M,,,L.N. Tolstoi. T.1.,,
OL22351447M,,,Leo Tolstoy ; translated by Richard Pevear and Larissa Volokhonsky.,,
OL15987712M,,,L. N. Tolstoĭ ; redak~t¬si~i¬a N. K. Gudzi~i¬a.,,
OL20941560M,,,Leo Tolstoy ; translated from the Russian by Constance Garnett.,,
OL13961540M,,,translated by Rochelle S. Townsend ; introduction by Nikolay Andreyev ; original illustrations and frontispiece by Roland Topor.,,
OL22594085M,,,Leo Tolstoy,,
OL2858955M,,,by Leo Tolstoy ; with an introd. by Moreland Perkins.,,
OL17308834M,,,"a new and complete translation from the Russian, by Constance Garnett.",,
OL22364084M,,,Lev Tolstoy ; [translated from the Russian by Margaret Wettlin]. Bk 2.,,
OL24601510M,,,by Count Leo Tolstoi ; illustrated by Helen Mason Grose ; translated from the Russian by Constance Garnett,,
OL20737958M,,,L.N. Tolstoy ; translated with an introd. by Rosemary Edmonds.,,
OL22509336M,,,L.N. Tolstoy ; translated by Rosemary Edmonds.,,
OL20153880M,,,by Leo Tolstoy ; translated by Louis and Aylmer Maude ; with a preface by Aylmer Maude. Vol.1.,,
OL24417823M,,,Leo Tolstoy ; translated by David Magarshack ; with an introduction by Priscilla Meyer,,
OL15050740M,,,Leo Tolstoy ; translatedfrom Russian. Vol.1.,,
OL21353364M,,,edited by George Gibian.,,
OL21076342M,,,L. N. Tolstoĭ ; redaktsiia N. N. Sakulina i N. K.Gudziia.,,
OL22876225M,,,fun Leo Ṭolsṭoy ; bearbeyṭeṭ fun D. M. Hermalin.,,
OL13993208M,Nathan Haskell Dole,Translator,by Lyof N. Tolstoi ; translated by Nathan Haskell Dole,rus,
OL18192107M,,,by Leo Tolstóy ; translated by Louise and Aylmer Maude ; with an introduction and notes by Aylmer Maude.,,
OL1263410M,,,"Lēon Tʻolstʻoy ; tʻargmanetsʻ, Eruand Ōtean.",,
OL17968311M,,,Leo Ṭolsṭoi ; Yidish: Shelomoh Shaynberg.,,
OL7132264M,Nathan Haskell Dole,Translator,,rus,Anna Karénina
OL22971752M,,,Tuo'ersitai zhu ; Ligang yi.,,
OL7000370M,,,By Count Lyof N. Tolstoï ... Tr. by Nathan Haskell Dole.,,
OL23014529M,,,Sandra Braun ; [perevod s angliĭskogo].,,
OL2053534M,,,Sandra Brown.,,
OL17368229M,,,Nora Roberts.,,
OL1100629M,,,Nora Roberts.,,
OL3390867M,,,Susan Fox.,,
OL22348225M,,,Lyof N. Tolstoi.,,
OL22870299M,,,fun Leṿ N. Ṭolsṭoi ; iberzetsṭ oys dem Rusishen original fun M. Ḳaṭts.,,
OL23000605M,,,Torusutoi ; Nakamura Hakuyō yaku.,,
OL22917251M,,,Leo Tolstoj ; paa dansk ved Clara Gulmann.,,
OL20793259M,,,Tuo'ersitai zhu ; Zhi Liang yi.,,
OL22869852M,,,Leṿ Ṭolsṭoi ; Yidish Shelomoh Sheynberg.,,
OL165236M,,,anuwādika Nānaka Siṅgha.,,
OL21774354M,,,translated by Sylvie Luneau.,,
OL23088814M,,,Sandra Brown.,,
OL17473370M,,,Nora Roberts.,,
OL22646949M,,,Nora Riches.,,
OL1426352M,,,Nora Roberts.,,
OL17310414M,,,LéonTolstoi.,,
OL22917253M,,,Liefu Tuo'er-ssʻu-tai zhu ; Cao Ying yi.,,
OL24942125M,,,Sandra Brown,,
OL3547157M,,,Sandra Brown.,,
OL18086740M,,,Anne Mather.,,
OL17200899M,,,Nora Roberts.,,
OL26335120M,,,Nora Roberts,,
OL27118194M,,,Nora Roberts ; [perevod s angliĭskogo I. Faĭnshteĭn],,
OL21153260M,,,Susan Fox.,,
OL55693859M,Taylor Anderson,Editor,,,
OL56197979M,Raul Bracho,Translator,,,
OL55784488M,Maxim Montoto,Editor,,,
OL56035411M,Brittany Grace,Editor,,,
OL56507526M,S. R. P.,Editor,,,
OL55800563M,Madison Clark,Editor,,,
OL55199692M,Natalie Montoto,Editor,,,
OL56735608M,Alessia Rossi,Editor,,,
OL56119315M,Charles Keller,Prepared by,,,
OL56119315M,David Widger,Prepared by,,,
OL54682879M,Sir Angels,Editor,,,
OL54628293M,Dragan Nikolic,Editor,,,
OL54628293M,Jelena Milic,Editor,,,
OL53657926M,,,by L.M. Montgomery ... with cover in colour by H. Weston Taylor ...,,
OL53709636M,,,by L.M. Montgomery,,
OL54455134M,Richard S. Hartmetz,Editor,,,
OL40682008M,Marco PEDULLA,Translator,,,
OL40258394M,,,L. M. Montgomery ; przełożył Andrzej Magórski,,
OL37871010M,,,F. Scott Fitzgerald,,
OL32146576M,,,F. Scott Fitzgerald,,
OL8122321M,Matthew Joseph Bruccoli,Editor,,,
OL2319640M,,,F. Scott Fitzgerald ; with an introduction by Charles Scribner III and illustrations by Fred Meyer.,,
OL32797779M,,,F. Scott Fitzgerald ; text established by Matthew J. Bruccoli,,
OL33035796M,,,F. Scott Fitzgerald ; edited by Arnold Goldman ; with an introduction and notes by Richard Godden,,
OL28460104M,Arnold Goldman,Editor,,,
OL28361237M,,,F. Scott Fitzgerald ; trad. de l'américain par Jacques Tournier,,
OL25177657M,,,F. Scott Fitzgerald ; edited by James L. W. West III Cambridge,,
OL13905683M,,,with an introduction by Charles Scribner III ; and illustrations by Fred Meyer.,,
OL16074742M,,,By F. Scott Fitzgerald.,,
OL16370013M,,,by F. Scott Fitzgerald,,
OL35323514M,,,F. Scott Fitzgerald ; traduit de l'anglais (États-Unis) par Jacques Tournier,,
OL32146574M,,,F. Scott Fitzgerald,,
OL15396062M,,,Frensis Skott Fit︠s︡dzheralʹd,,
OL2723512M,,,F. Scott Fitzgerald.,,
OL26400273M,,,by L. M. Montgomery,,
OL26328703M,,,L. M. Montgomery,,
OL24375495M,,,by L.M. Montgomery,,
OL24200293M,,,L.M. Montgomery.,,
OL1573962M,,,by L.M. Montgomery ; illustrated by Mark Graham.,,
OL20930730M,,,by L. M. Montgomery.,,
OL14940152M,,,Lucy Maud Montgomery ; traduit de l'anglais par Hélène Rioux.,,
OL17953747M,,,przełozyŁa Janina Zawisza-Krasucka.,,
OL14950852M,,,L. M. Montgomery.,,
OL31937549M,,,L.M. Montgomery,,
OL24638557M,,,by L. M. Montgomery,,
OL18311839M,,,L.M. Montgomery ; på dansk ved Gitte Nordbo.,,
OL19635977M,,,L.M. Montgomery.,,
OL24200294M,,,L.M. Montgomery.,,
OL1078490M,,,L.M. Montgomery.,,
OL15508040M,,,L. M. Montgomery ; with a biography of L. M. Montgomery by Caroline Parry.,,
OL22919811M,,,Luxi Menggemali zhu ; Huang Minglian yi.,,
OL22765825M,,,L.M. Montgomery.,,
OL22211440M,,,by L.M. Montgomery.,,
OL22908066M,,,[Luxi M. Menggemali zhu] ; Li Changchuan yi.,,
OL26915852M,,,L.M. Montgomery,,
OL3315219M,,,L. M. Montgomery.,,
OL11444395M,,,,,Anne of the Island
OL23750327M,,,by L. M. Montgomery.,,
OL19751528M,,,by L.M. Montgomery.,,
OL19690312M,,,L. M. Montgomery.,,
OL23750328M,,,L. M. Montgomery.,,
OL22456440M,,,L.M. Montgomery.,,
OL23750330M,,,L. M. Montgomery.,,
OL23750331M,,,Lucy Maud Montgomery,,Anne of the Island
OL22333199M,,,Patricia Wilson.,,
OL24531938M,,,Anne Mather,,
OL21007395M,,,L.M. Montgomery.,,
OL22457347M,,,L.M. Montgomery.,,
OL21265420M,,,L.M. Montgomery.,,
OL21963236M,,,L. M. Montgomery.,,
OL13312199M,,,,,Anne of the Island
OL10925311M,,,,eng,
OL24830688M,,,by L. M.Montgomery,,
OL16557269M,,,,eng,A Dangerous Magic
OL1446503M,,,Lucy Maud Montgomery.,,
OL6578332M,,,by L. M. Montgomery; with frontispiece and cover in colour by H. Weston Taylor.,,
OL22934395M,,,L.M. Montgomery.,,
OL20948335M,,,by L.M. Montgomery.,,
OL23750329M,,,L. M. Montgomery.,,
OL20934944M,,,L.M. Montgomery.,,
OL51726167M,Mariana Kohnert,Translator,,eng,House of Sky and Breath
OL38066955M,Carolina Alvarado Graef,Translator,,eng,House of Sky and Breath
OL37077455M,,,,eng,House of Sky and Breath
OL17207889M,,,by Michelle Reid.,,
OL22792117M,,,by Anne Mather.,,
OL24737464M,,,Jessica Steele,,
OL1421008M,,,Johanna Lindsey.,,
OL24200189M,,,Johanna Lindsey.,,
OL22443472M,,,Johanna Lindsey.,,
OL24939124M,,,Emma Darcy,,
OL14977901M,,,by Helen Bianchin.,,
OL42987636M,Madeleine Nasalik,Translator,,eng,The Selection
OL27183803M,,,Qila Kaisi zhu ; Lai Tingting yi = The selection / Kiera Cass,,
OL37749260M,"绮拉·凯斯, 李燕霞",Translator,[Mei] Qila Kaisi zhu ; Li Yanxia yi,,The Selection
OL40297278M,Anna Carbone,Translator,Kiera Cass ; traduzione di Anna Carbone,eng,The Selection
OL25138918M,,,by Kiera Cass,,
OL27214743M,,,K'iera K'asŭ chiŭm ; Sin Sŏn-hae omgim,,
OL23081787M,,,Dzhoanna Lindseĭ ; [perevod s angliĭskogo V.D. Kaĭdalova].,,
OL24975909M,,,Emma Darcy,,
OL24218723M,,,Emma Darcy.,,
OL26411505M,Małgorzata Kaczarowska,Translator,,,
OL35351545M,Angela Stein,Translator,Kiera Cass,eng,The Selection
OL27140655M,,,Kiera Cass ; traducción de Jorge Rizzo,,
OL22443473M,,,Johanna Lindsey.,,
OL1982402M,,,by Emma Darcy.,,
OL25138917M,,,by Kiera Cass,,
OL40290097M,,,,eng,Ugly Love
OL35366283M,,,,eng,Ugly Love
OL54215430M,Timeless Classic Books Staff,Editor,,,
OL32672717M,Julie Wolkenstein,Translator,,,
OL27427905M,,,,eng,Ugly Love
OL24510945M,,,F. Scott Fitzgerald,,
OL30392672M,,,Colleen Hoover,,
OL27020231M,,,F. Scott Fitzgerald,,
OL2715211M,,,by F. Scott Fitzgerald.,,
OL23764382M,,,by F. Scott Fitzgerald.,,
OL22903661M,José Luis López Muñoz,Translator,"F. Scott Fitzgerald ; [traducción, José Luis López Muñoz].",eng,The beautiful and damned
OL2203833M,,,introduced and arranged by Alan Margolies.,,
OL694976M,,,F. Scott Fitzgerald ; edited with an introduction and notes by Alan Margolies.,,
OL32731986M,Adam Verner,Narrator/Reader,,,
OL1118852M,,,F. Scott Fitzgerald.,,
OL3557731M,,,F. Scott Fitzgerald.,,
OL7195375M,Anthony Patch,Epigraph,by F. Scott Fitzgerald,,
OL20936664M,,,by F. Scott Fitzgerald,,
OL687496M,,,F. Scott Fitzgerald ; with an introduction by Kermit Vanderbilt.,,
OL32079816M,,,F. Scott Fitzgerald,,
OL25080937M,,,F. Scott Fitzgerald,,
OL19792367M,Fernanda Pivano,Translator,by F. Scott Fitzgerald ; translated from the American by Fernanda Pivano.,,The beautiful and damned
OL23678812M,,,F. Scott Fitzgerald ; edited with an introduction and notes by Alan Margolies.,,
OL23098267M,,,"Shikaote Feizijieluo zhu ; Wang Wenjuan yi = The beautiful and damned, / by F. Scott Fitzgerald.",,
OL7126404M,,,by F. Scott Fitzgerald.,,
OL3951107M,,,F. Scott Fitzgerald ; introduction by Hortense Calisher.,,
OL18661671M,,,(by) F. Scott Fitzgerald.,,
OL6641971M,,,by F. Scott Fitzgerald.,,
OL40903107M,Monty,Illustrator,,,
OL37989931M,William Blazek,Editor,,,
OL18851927M,,,F. Scott Fitzgerald.,,
OL22350405M,,,Kathleen E. Woodiwiss.,,
OL26340215M,,,Hannah Howell,,
OL20932478M,,,Nora Roberts.,,
OL3665071M,,,Nora Roberts.,,
OL3956586M,,,Nora Roberts.,,
OL21220649M,,,by Carole Mortimer.,,
OL56441820M,Reed,Illustrator,,,
OL57634177M,,,Edgar Rice Burroughs,,
OL8109402M,,,Read by William Dufris,,
OL2859770M,,,Kathleen E. Woodiwiss.,,
OL27120483M,,,Nora Roberts ; [perevod s angliĭskogo E. Ka︠t︡sa],,
OL22994432M,,,Nora Roberts.,,
OL23925994M,,,Kim Lawrence.,,
OL24737704M,,,Kim Lawrence,,
OL368638M,,,Kathleen E. Woodiwiss.,,
OL401811M,,,Kathleen E. Woodiwiss.,,
OL3494004M,,,Kathleen Woodiwiss.,,
OL17363129M,,,Kathleen E. Woodiwiss.,,
OL16440085M,,,Kathleen E. Woodiwiss.,,
OL24602330M,,,Kathleen E. Woodiwiss,,
OL23244508M,,,Hannah Howell.,,
OL3384209M,,,Hannah Howell.,,
OL26334643M,,,Nora Roberts,,
OL24550791M,,,Kim Lawrence,,
OL56029271M,Vincent Illustrator,Illustrator,,,
OL24240461M,,,by F. Scott Fitzgerald.,,
OL23012300M,,,Francis Scott Fitzgerald ; [přeložil Lubomír Dorůžka].,,
OL22308658M,,,F. Scott Fitzgerald.,,
OL13880866M,,,introduction by Dennis Potter ; lithographs by Glynn Boyd Harte.,,
OL5234680M,,,F. Scott Fitzgerald ; preface by Malcolm Cowley.,,
OL18441157M,,,F. Scott Fitzgerald.,,
OL15105864M,,,preface by Malcolm Cowley.,,
OL14831777M,,,F. Scott Fitzgerald.,,
OL20669067M,,,F.Scott Fitzgerald.,,
OL4762624M,,,by F. Scott Fitzgerald.,,
OL2226524M,,,introduced and arranged by Matthew J. Bruccoli.,,
OL14819135M,,, F. Scott Fitzgerald.,,
OL1274718M,,,F. Scott Fitzgerald.,,
OL22593914M,,,F. Scott Fitzgerald.,,
OL24622229M,,,Kelly Hunter,,
OL3415540M,,,by Lynne Graham.,,
OL58442581M,,,Ernest Hemingway,,
OL1866875M,,,introduced and arranged by Matthew J. Bruccoli.,,
OL978005M,,,F. Scott Fitzgerald.,,
OL18337526M,,,F. Scott Fitzgerald.,,
OL6095716M,,,With the author's final revisions. Pref. by Malcolm Cowley.,,
OL22760593M,,,F. Scott Fitzgerald ; edited by Arnold Goldman ; with an introduction and notes by Richard Godden.,,
OL17442091M,,,F. Scott Fitzgerald.,,
OL21186546M,,,F. Scott Fitzgerald  ; introduced and arranged by Matthew J. Bruccoli..,,
OL2472201M,,,by F. Scott Fitzgerald ; with the author's final revisions and a preface by Malcolm Cowley.,,
OL6303339M,,,by F. Scott Fitzgerald; decorations by Edward Shenton.,,
OL22830766M,,,(by) F Scott Fitzgerald ; preface by Malcolm Cowley.,,
OL17310133M,,,F. Scott Fitzgerald.,,
OL23925953M,,,Kelly Hunter,,
OL24742364M,,,Kelly Hunter,,
OL1079609M,,,F. Scott Fitzgerald.,,
OL13571352M,,,F. Scott Fitzgerald.,,
OL22217867M,,,F. Scott Fitzgerald ; edited by Jeffrey Meyers.,,
OL23764437M,,,by F. Scott Fitzgerald.,,
OL22985384M,,,F. Scott Fitzgerald ; [traducción de Marcelo Cervelló].,,
OL23248427M,,,With the author's final revisions. Pref. by Malcolm Cowley.,,
OL26333448M,,,Sara Craven,,
OL1343883M,,,by Susan Napier.,,
OL24738893M,,,Kim Lawrence,,
OL23245533M,,,Stephanie Laurens.,,
OL52851360M,,,by Ernest Hemingway ; introduction by Henry Seidel Canby,,
OL55152408M,Dragan Nikolic,Editor,,,
OL55152408M,Jelena Milic,Editor,,,
OL55594516M,J. V. Editors,Editor,,,
OL54552547M,Carol Pentleton,Designer,,,
OL55397792M,Vincent Verret,Editor,,,
OL49629354M,Bruce Pennington,Cover Art,,,
OL31690638M,,,Edgar Rice Burroughs,,
OL49629276M,Roy Carnon,Cover Art,,,
OL32849138M,Brian Holsopple,Narrator,,,
OL25840589M,,,,eng,A Princess of Mars
OL7172526M,,,by Edgar Rice Burroughs ... illustrated by Frank E. Schoonover.,,
OL22401631M,,,Edgar Rice Burroughs.,,
OL6790077M,,,Edgar Rice Burroughs.,,
OL18231471M,Robert Abbett,Cover Art,by Edgar Rice Burroughs.,,
OL32849065M,Richard S. Hartmetz,Editor,,,
OL15465606M,,,Edgar Berrouz ; perevod s angliiskogo Ė.K. Broderson,,
OL22453765M,,,Edgar Rice Burroughs.,,
OL32135163M,,,Edgar Rice Burroughs ; edited by Denton Cairnes ; afterword by Beth Johnson,,
OL23251786M,Frank Frazetta,Cover Art,Illus. by Frank Frazetta.,,
OL17550743M,,,Edgar Rice Burroughs ; introduction by John Seelye.,,
OL17575737M,Frank Frazetta,Cover Art,Illus. by Frank Frazetta.,,
OL9682154M,Michael Whelan,Cover Art,,,
OL52249505M,Jordi Sábat,Cover Art,,,
OL30542818M,,,,spa,El amor en los tiempos del colera
OL30690278M,,,,spa,El amor en los tiempos del colera
OL3565948M,,,Edgar Rice Burroughs ; introduction by Ray Bradbury ; illustrations by Frank E. Schoonover.,,
OL35351683M,,,Gabriel García Márquez,,
OL35657464M,Dagmar Ploetz,Translator,,spa,El amor en los tiempos del cólera
OL32370806M,,,Gabriel Garcia Marquez ; traduzione di Claudio M. Valentinetti,,
OL28292039M,,,,spa,El amor en los tiempos del colera
OL27120504M,,,Gabriel García Márquez ; [přeložila Blanka Stárková],,
OL23077218M,,,Gabrielʹ Garsia Markes ; v perevode Li︠u︡dmily Sini︠a︡nskoĭ].,,
OL24217327M,Robert Abbett,Cover Art,Edgar Rice Burroughs.,,
OL15047460M,Bruce Pennington,Cover Art,,,
OL16418948M,,,by Edgar Rice Burroughs.,,
OL13450595M,,,by Edgar Rice Burroughs ; ilustrated by Frank E. Schoonover.,,
OL3423355M,,,Edgar Rice Burroughs.,,
OL59896793M,,,,eng,Lights Out
OL30116691M,,,Gabriel García Márquez ; traduit de l'espagnol (Colombie) par Annie Morvan,spa,El amor en los tiempos del colera
OL28378625M,,,Gabriel García Márquez ; translated from the Spanish by Edith Grossman,spa,El amor en los tiempos del colera
OL9541768M,,,,spa,El amor en los tiempos del cólera
OL27151683M,,,Jiaxiya Ma'erkesi zhu ; Yang Ling yi,,
OL23024020M,,,Gabriel García Márquez ; Nguynen Trung Đwuc dịch.,,
OL22148225M,,,Gabriel Garcia Marquez.,,
OL19519296M,,,Gabriel Garcia Marquez ; translated by Sadan Karadeniz.,,
OL93954M,,,Gabriel García Márquez ; translated from the Spanish by Edith Grossman.,,
OL2407121M,,,Gabriel García Márquez ; translated from the Spanish by Edith Grossman.,,
OL1672023M,,,Gabriel García Márquez.,,
OL416248M,,,Gabriel García Márquez ; translated from the Spanish by Edith Grossman ; with an introduction by Nicholas Shakespeare.,,
OL20419614M,,,translated from the Spanish by Edith Grossman.,,
OL18819028M,,,Gabriel García Márquez ; translated from the Spanish by Edith Grossman ; with an introduction by Nicholas Shakespeare.,,
OL2050739M,,,Gabriel García Márquez ; translated from the Spanish by Edith Grossman.,,
OL7349334M,,,,spa,
OL7358702M,,,,spa,
OL27181554M,,,Gabriel Garushia Marukesu ; Kimura Eiichi yaku,,
OL8362802M,,,,spa,
OL18435338M,,,Gabriel García Márquez,,
OL18313786M,,,Gabriel García Márquez,,
OL13546359M,,,Gabriel García Márquez,,
OL8886608M,,,,spa,
OL27212977M,,,Sally Thorne,,
OL20781875M,,,traduit de l'américain par Hélène Sevrès.,eng,Remembrance
OL16238408M,,,Gabriel García Márquez ; ftranslated from the Spanish by Edith Grossman.,,
OL18433096M,,,Gabriel García Márquez ; translated from the Spanish by Edith Grossman.,,
OL22453437M,,,Gabriel García Marquez.,,
OL22132438M,,,Gabriel García Márquez,,
OL16830650M,,,Gabriel García Márquez,,
OL22464995M,,,Gabriel García Márquez,,
OL2774756M,,,Gabriel García Márquez,,
OL7675319M,,,,spa,
OL20263344M,,,Gabriel García Márquez,,
OL8887755M,,,,spa,
OL10458491M,,,,spa,
OL22425739M,,,Danielle Steel.,,
OL22333289M,,,Danielle Steel.,,
OL13226683M,,,,eng,
OL25954563M,,,,spa,El amor en los tiempos del cólera
OL26971915M,,,,spa,El amor en los tiempos del cólera
OL2054799M,,,Gabriel García Márquez ; translated from the Spanish by Edith Grossman.,,
OL18009200M,,,Gabriel García Márquez ; translated from the Spanish by Edith Grossman.,,
OL16754543M,,,by Gabriel García Márquez.,,
OL22348940M,,,Gabriel García Márquez.,,
OL2481321M,,,Gabriel García Márquez.,,
OL21826643M,,,[translated by] Dagmar Ploetz.,,
OL24637827M,,,,spa,
OL21399443M,Edith Grossman,Translator,Gabriel García Márquez ; translated from the Spanish by Edith Grossman.,spa,
OL15106606M,Edith Grossman,Translator,Gabriel García Márquez ; translated from the Spanish by Edith Grossman.,spa,
OL9650693M,,,,spa,
OL9303986M,,,,spa,
OL24630333M,,,,spa,
OL16260270M,,,Gabriel García Márquez,,
OL9751792M,,,,spa,
OL18340693M,,,Gabriel Garcia Marquez,,
OL24205973M,,,Gabriel García Márquez,,
OL12708586M,,,,eng,Remembrance
OL13105297M,,,,eng,
OL31915779M,,,Danielle Steel ; traduit de l'américain par Hélène Seyrès,,
OL22959227M,,,Daniėla Stil ; perevod s angl. L. Ruchkinoĭ.,eng,Remembrance
OL12953482M,,,,eng,Remembrance
OL28419498M,,,by Lynne Graham,,
OL26385604M,,,Lynne Graham,,
OL23244201M,,,Johanna Lindsey.,,
OL6778705M,,,Johanna Lindsey.,,
OL24742922M,,,Penny Jordan,,
OL32155522M,,,Lisa Kleypas,,
OL32666747M,,,Danielle Steel ; [trad. de l'américain par Hélène Seyrès],,
OL18938374M,,,traduzione di Grazia Maria Griffini.,eng,
OL16012969M,,,Danielle Steel.,eng,
OL15573347M,,,,eng,Remembrance
OL12506923M,,,,eng,
OL24281358M,,,Danielle Steel.,,
OL4259961M,,,Danielle Steel.,,
OL24955270M,,,Danielle Steel,,
OL22958951M,,,saku Danieru Sutīru ; chōyaku Tenma Ryūkō.,eng,Remembrance
OL22973515M,,,Danielle Steel ; [traduzione di Grazia Maria Graffini].,,
OL25264892M,Griffini,Translator,,,
OL3475064M,,,Julia Quinn.,,
OL3409890M,,,by Julia Quinn.,,
OL24742895M,,,by Penny Jordan,,
OL14979785M,,,Mary Burchell.,,
OL27126265M,,,Danielle Steel ; z angielskiego przełożyła Zofia Kierszys,eng,Remembrance
OL12467785M,,,,eng,Remembrance
OL3180210M,,,Danielle Steel.,,
OL24218233M,,,Danielle Steel.,,
OL21649463M,,,Danielle Steel.,,
OL16179329M,,,Danielle Steel.,,
OL22973555M,,,Danielle Steel ; [traducción de Jordi Arbonés].,eng,Remembrance
OL23273948M,,,Julia Quinn.,,
OL23086500M,,,Qiao'anna Linsai zhu ; Luo Qing yi = The heir / Johanna Lindsey.,,
OL3284026M,,,Lisa Kleypas.,,
OL23237446M,,,Julia James.,,
OL61187538M,,,,eng,The Sheikh's Secret Babies
OL32085599M,,,Penny Jordan,,
OL14977440M,,,by Yvonne Whittal.,,
OL25844106M,,,"Lisa Kleypas ; [traduccio n, Ricard Biel]",,
OL373871M,,,Emilie Loring.,,
OL32104754M,,,Penny Jordan,,
OL22379761M,,,Patricia Wilson.,,
OL24404805M,,,by Flora Kidd,,
OL14975992M,,,by Flora Kidd.,,
OL18598574M,,,Emma Darcy.,,
OL32085600M,,,by Penny Jordan,,
OL24203354M,,,Penny Jordan.,,
OL50979322M,,,,,Stars in my Heart
OL22706593M,,,Barbara Cartland.,,
OL25127134M,,,Barbara Cartland,,
OL14980714M,,,Kay Thorpe.,,
OL3283556M,,,Julia James,,
OL23022127M,,,Lisha Kelaipei zhu ; An Jinqun yi = Worth any price / Lisa Kleypas.,,
OL6337958M,,,by Emilie Loring.,,
OL27184908M,,,Anna Todd,,
OL19999518M,,,by Barbara Cartland.,,
OL14901006M,,,(by) Barbara Cartland.,,
OL15986972M,,,by Julia James.,,
OL28411516M,,,by Lynne Graham,,
OL3388621M,,,Diana Palmer.,,
OL48120727M,,,,eng,Twilight
OL25549892M,,,Stephenie Meyer ; aus dem Amerikanischen von Karsten Kredel,,
OL18817244M,,,by Betty Neels.,,
OL60678228M,,,,eng,Twilight
OL32157263M,,,Stephenie Meyer ; przełożyła Joanna Urban,,
OL32983817M,,,Débora Marín,,Twilight
OL27117232M,,,Stephenie Meyer ; tradução de Ryta Vinagre,,
OL3388431M,,,[Betty Neels].,,
OL38571081M,,,Stephenie Meyer ; Tịnh Th̉uy dịch,,
OL37873620M,,,Stephenie Meyer ; metaphrasē Vasilikē Latsinou,,
OL35324889M,,,"Stīfānī Māyir ; tarjamah Fātin Ṣubḥ, Rahīm Ismāʻīl",,
OL27282010M,Vera Falcão Martins,Translator,,eng,Twilight
OL27109465M,,,Shidifenni Mei'er (Stephenie Meyer) ; [yi zhe Qu Xiuhui],,
OL26693666M,,,Stephenie Meyer. Aus dem Engl. von Karsten Kredel,,
OL25038781M,,,Stephenie Meyer ; Tịnh Thủy dịch,,
OL24659745M,Ilyana Kadushin,Narrator,,,
OL25619943M,,,Stephenie Meyer.,,
OL3298243M,Megan Tingley,Editor,Stephenie Meyer.,,
OL23123056M,,,,eng,
OL3671893M,,,by Janette Oke.,,
OL20501044M,,,Janette Oke.,,
OL28252941M,,,Stephenie Meyer,,
OL26421084M,,,Stefani Maĭer ; [perevod s angliĭskogo A. Akhmerovoĭ],,
OL25038782M,,,Stephenie Meyer ; Tịnh Thủy dịch,,
OL22657908M,,,by Stephenie Meyer.,,
OL25267563M,Beate Peter,Translator,,,
OL24903202M,,,Janette Oke,,
OL20326026M,,,Janette Oke.,,
OL27112068M,,,Stephenie Meyer ; Tịnh Thủy dịch,,
OL25327421M,Ilyana Kadushin,Narrator,Stephenie Meyer ; read by Ilyana Kadushin,,
OL23157407M,Ilyana Kadushin,Narrator,Stephenie Meyer ; read by Ilyana Kadushin,,
OL23110870M,,,Stephenie Meyer.,,
OL29635883M,,,Stephenie Meyer,,
OL47567237M,,,,eng,
OL47567238M,,,,eng,
OL47567235M,Rocío De Meer,Translator,,eng,
OL32767160M,Ruth Ann Phimister,Narrator/Reader,,,
OL2380175M,,,Janette Oke.,,
OL4412757M,,,Janette Oke.,,
OL51567512M,,,,eng,The Sun Also Rises
OL37049727M,,,Ernest Hemingway,,
OL37765546M,,,Ernest Hemingway,,
OL49361459M,Annemarie Horschitz-Horst,Translator,,eng,The Sun Also Rises
OL48111053M,Renato Fratini,Cover Art,,,
OL38449214M,Denise McTighe,Editor,,,
OL38449214M,Randy Sooknanan,Editor,,,
OL19519294M,,,Ernest Hemingway ; translated by Sinan Fisek.,,
OL26888107M,,,Ernest Hemingway,,
OL27457439M,,,Ernest Hemingway,,
OL18360453M,,,Ernest Hemingway.,,
OL25074912M,,,Jenny Han,,
OL14976856M,,,by Jessica Steele.,,
OL16522105M,,,Jessica Steele.,,
OL24212169M,,,Diana Palmer.,,
OL23214813M,,,Helen Bianchin.,,
OL29971184M,T. Querilhac,Translator,Diana Palmer,eng,Friends And Lovers
OL24826607M,,,Lucy Gordon,,
OL24808127M,,,Lucy Gordon,,
OL19997941M,,,Janet Dailey.,,
OL17305259M,,,Janet Dailey.,,
OL24382016M,,,Diana Palmer,,
OL32076940M,,,Helen Bianchin,,
OL32132143M,,,Penny Jordan,,
OL24201789M,,,Marjorie Lewty.,,
OL38344716M,,,,eng,Courting trouble
OL24416632M,,,Daphne Clair,,
OL33337207M,,,Diana Palmer,,
OL35723848M,Alexandra Esteche,Translator,,,
OL35623163M,Isabel Murillo,Translator,,eng,All the Bright Places
OL56900534M,,,,eng,Twisted Hate
OL27193930M,,,Zhennifo Niwen zhu ; Fang Shuhui yi = All the bright places / Jennifer Niven,,
OL57766716M,,,,eng,King of Pride
OL32714409M,,,"Haruki Murakami ; tradução, Maria João Lourenço",,
OL25439874M,Lourdes Porta,Translator,,jpn,
OL25439874M,Junichi Matsuura,Translator,,jpn,
OL12584335M,,,,jpn,
OL9272821M,Philip Gabriel,Translator,,jpn,
OL17014186M,,,by Haruki Murakami ; translated from the Japanese by Philip Gabriel,,
OL14977564M,,,by Penny Jordan.,,
OL18626553M,,,Margaret Way.,,
OL24404115M,,,Michelle Reid,,
OL23541037M,,,Michelle Reid.,,
OL14976329M,,,by Jane Corrie.,,
OL25550378M,Ursula Gräfe,Translator,Haruki Murakami. Aus dem Japan. von Ursula Gräfe,jpn,
OL9144154M,,,,jpn,
OL23004579M,Natalʹi Kunikovoĭ,Translator,Haruki Murakami ; [per. s i︠a︡ponskogo Natalʹi Kunikovoĭ],jpn,
OL23081182M,,,"Haruḳi Muraḳami ; me-Yapanit, ʻEnat Ḳuper",jpn,
OL22977382M,,,Murakami Haruki,,
OL22375873M,,,by Haruki Murakami ; translated from the Japanese by Philip Gabriel.,,
OL20121316M,,,by Penny Jordan.,,
OL18687307M,,,Penny Jordan.,,
OL24934988M,,,Emma Darcy,,
OL24391525M,,,Carole Mortimer,,
OL51726156M,Hélio Guimarães,Preface,,,
OL51726156M,Marta de Senna,Notes by,,,
OL51726156M,Marcelo Diego,Notes by,,,
OL51726156M,Lígia Azevedo,Prepared by,,,
OL51726156M,Carmen T. S. Costa,Revised by,,,
OL51726156M,Ana Maria Barbosa,Revised by,,,
OL40724709M,Jan Oliveira,Editor,,,
OL3687463M,,,Robin McKinley.,,
OL32144703M,,,Penny Jordan,,
OL1307847M,,,by Penny Jordan.,,
OL17403564M,,,by Emma Darcy.,,
OL23842362M,,,Carole Mortimer.,,
OL24204677M,,,Anne Mather,,
OL1977982M,,,by Anne Mather.,,
OL21872669M,,,by Jessica Steele.,,
OL22420308M,,,by Margaret Way.,,
OL2676125M,,,by Margaret Way.,,
OL20026585M,,,Penny Jordan.,,
OL18382948M,,,Emma Darcy.,,
OL61095027M,Kerem Freitas,Illustrator,,,
OL19459001M,,,Machado de Assis.,,
OL17262163M,,,"organização, introdução, revisão de texto e notas de Massaud Moisés.",,
OL1652585M,,,Machado de Assis.,,
OL5837620M,,,Machado de Assis.,,
OL15549397M,,,Machado de Assis.,,
OL21872903M,,,Machado de Assis ; texto integral cotejado com a ed. crítica do Instituto Nacional do Livro.,,
OL17132628M,,,por Joaquin Maria Machado de Assis ; introd. de Lucía Miguel Pereira ; traducción de A. Alatorre ; notas del traductor y de Pero de Botelho.,,
OL27621633M,Candido Portinari,Illustrator,,,
OL6122178M,,,translated from the Portuguese by William L. Grossman. Drawings by Shari Frisch.,,
OL21537523M,,,translated from the Portuguese by William L.Grossman.,,
OL13660755M,,,translated from the Portuguese by William L. Grossman ; drawings by Shari Frisch.,,
OL18667531M,,,Machado de Assis ; translated from Portuguese by William L. Grossman ; drawings by Shari Frisch ; with a new forward by Susan Sontag.,,
OL14498080M,,,Machado de Assis.,,
OL6210446M,,,Translated from the Portuguese by E. Percy Ellis.,,
OL1004410M,,,by Joachim Maria Machado de Assis ; translated from the Portuguese by Gregory Rabassa ; with a foreword by Enylton de Sá Rego and an afterword by Gilberto Pinheiro Passos.,,
OL5959562M,,,[Traducción de A. Alatorre; notas del traductor y de Pero de Botelho.,,
OL28185290M,,,,por,Memórias Póstumas de Brás Cubas
OL23834677M,,,Machado de Assis ; translated from the Portuguese by William L. Grossman ; drawings by Shari Frisch.,,
OL22953349M,,,Machado de Assis ; introdução de Ivan Cavalcanti Proença.,,
OL20041427M,,,por Machado de Assis.,,
OL32667191M,Machado de Assis,Author,,,Memórias Póstumas de Brás Cubas
OL20365939M,,,traducción de A. Alatorre ; notas del tracutor y de Pero de Botelho.,,
OL28186137M,Xavier Pàmies,Translator,,por,Memórias Póstumas de Brás Cubas
OL27646291M,,,,por,Memórias Póstumas de Brás Cubas
OL21399963M,,,"organizacão introdução, revisão de texts e notas de Massaud Moisés.",,
OL14909697M,,,Machado de Assis ; translated andintroduced by William L. Grossman ; with a new foreword by Susan Sontag.,,
OL18923948M,,,"introduction by Louis de Bernir̀es, translated from the Portuguese by William L. Grossman. Drawings by Shari Frisch.",,
OL25565034M,,,by Joachim Maria Machado de Assis ; translated from the Portuguese by Gregory Rabassa ; with a foreword by Enylton de Sá Rego and an afterword by Gilberto Pinheiro Passos,por,As memórias póstumas de Brás Cubas
OL13868489M,,,Machado de Assis.,,
OL14977932M,,,by Marjorie Lewty.,,
OL21439489M,,,Penny Jordan.,,
OL24484970M,,,Robyn Donald,,
OL1113331M,,,Nora Roberts.,,
OL790378M,,,Nora Roberts.,,
OL3384562M,,,Nora Roberts.,,
OL47826576M,Gino D'Achille,Cover Art,,,
OL47826573M,Renato Fratini,Cover Art,,,
OL20706857M,,,Mary Stewart.,,
OL32123968M,,,Penny Jordan,,
OL24202143M,,,Lee Wilkinson.,,
OL32364445M,,,Nora Roberts. Aus dem Amerikan. von Nina Heyer,,
OL32120980M,,,Nora Roberts ; traduit de l'américain par Anne Busnel,,
OL17456702M,,,Nora Roberts.,,
OL23262094M,,,Nora Roberts.,,
OL40234681M,Renato Fratini,Cover Art,,,
OL26338246M,,,Penny Jordan,,
OL23658973M,,,Lee Wilkinson.,,
OL24382049M,,,by Marjorie Lewty,,
OL23025866M,,,Sushan Yilishabai Feilipusi zhu ; Huo Xi'en yi = Kiss an angel / Susan Elizabeth Phillips.,,
OL26259903M,,,Robyn Donald,,
OL24950315M,,,Robyn Donald,,
OL37049192M,,,Nora Roberts,,
OL22959335M,,,Nora Roberts ; traducción Valeria Watson.,,
OL22915663M,,,by Mary Stewart.,,
OL24215409M,Harry Bennett,Cover Art,by Mary Stewart.,,
OL32123969M,,,Penny Jordan,,
OL2673006M,,,by Catherine George.,,
OL47826587M,Renato Fratini,Cover Art,,,
OL17466700M,,,Mary Stewart.,,
OL6219573M,,,by Mary Stewart.,,
OL18993607M,,,by Mary Stewart.,,
OL14980857M,,,by Jessica Steele.,,
OL32142998M,,,by Sarah Morgan,,
OL27140868M,,,Sarah Morgan,,
OL26455030M,,,by Sarah Morgan,,
OL14977882M,,,by JacquelineGilbert.,,
OL24745434M,,,by Jacqueline Gilbert,,
OL16522050M,,,by Catherine George.,,
OL24980108M,,,Catherine George,,
OL24957408M,,,Helen Brooks,,
OL24221933M,,,by Mary Stewart.,,
OL18146301M,,,by Anne Mather.,,
OL21821890M,,,by Anne Mather.,,
OL24269823M,,,by Mary Burchell.,,
OL1823354M,,,by Jessica Steele.,,
OL32142995M,,,by Sarah Morgan,,
OL24935430M,,,Catherine George,,
OL14977940M,,,by Penny Jordan.,,
OL47826588M,Gino D'Achille,Cover Art,,,
OL47826585M,Renato Fratini,Cover Art,,,
OL24474097M,,,by Mary Stewart,,
OL20169670M,,,Mary Stewart.,,
OL32713141M,,,Jane Porter,,
OL14978550M,,,Robyn Donald.,,
OL25104448M,,,Tessa Dare,,
OL24238057M,,,Carole Mortimer.,,
OL32774738M,,,Georgette Heyer,,
OL24936809M,Harry Bennett,Cover Art,by Mary Stewart,,
OL20939079M,Harry Bennett,Cover Art,,,
OL28242008M,,,Tessa Dare,,
OL24578097M,,,Carole Mortimer,,
OL21133199M,,,Georgette Heyer.,,
OL23148072M,,,Georgette Heyer.,,
OL24939174M,,,Georgette Heyer,,
OL39826966M,,,Mėri Sti͡uart ; [perevod s angliĭskogo M. Vinogradovoĭ],,
OL5838816M,,,by Mary Stewart.,,
OL16160251M,,,by Mary Stewart.,,
OL18817752M,,,by Kay Thorpe.,,
OL50548149M,Ivana Marinović,Translator,,,
OL5982987M,,,[by] Georgette Heyer.,,
OL18148375M,,,(by) Georgette Heyer.,,
OL47826570M,Gino D'Achille,Cover Art,,,
OL47826569M,Renato Fratini,Cover Art,,,
OL47826568M,Renato Fratini,Cover Art,,,
OL32092568M,,,[dt. Ubers. von Inge Marten],,
OL27381570M,,,[Betty Neels],,
OL18879260M,,,Betty Neels.,,
OL14977690M,,,by Anne Mather.,,
OL26386317M,,,Betty Neels,,
OL26290199M,,,Betty Neels,,
OL1853087M,,,by Betty Neels.,,
OL22143558M,,,Essie Summers.,,
OL19313516M,,,by Betty Neels,,
OL14977241M,,,by Betty Neels.,,
OL1975815M,,,by Catherine George.,,
OL32713718M,,,Sharon Kendrick,,
OL16522180M,,,AnneMather.,,
OL17212915M,,,by Anne Mather.,,
OL24927897M,,,by Anne Mather,,
OL24928092M,,,Carol Marinelli,,
OL23556066M,,,Abby Green.,,
OL14979260M,,,by Essie Summers.,,
OL26309847M,,,by Betty Neels,,
OL3388432M,,,[Betty Neels],,
OL10745565M,,,,eng,The purchased wife
OL32093693M,,,by Lynne Graham,,
OL24925579M,,,Connie Mason,,
OL3667351M,,,Karla Hocker.,,
OL18915693M,,,Betty Neels.,,
OL26644051M,,,Lynne Graham,,
OL17338824M,,,Sally Wentworth.,,
OL19047839M,,,Sally Wentworth.,,
OL1641194M,,,by Sally Wentworth.,,
OL3557453M,,,Linda Howard.,,
OL22317979M,,,Linda Howard.,,
OL24943652M,,,Patricia Wilson,,
OL1544293M,,,Mary Balogh.,,
OL1716558M,,,Jeanne Savery.,,
OL24930124M,,,Betty Neels,,
OL24633916M,,,Betty Neels,,
OL14975830M,,,by Betty Neels.,,
OL16211557M,,,Betty Neels.,,
OL1280744M,,,by Sophie Weston.,,
OL31925970M,,,by Penny Jordan,,
OL18406544M,,,by Patricia Wilson.,,
OL14977657M,,,by Kerry Allyne.,,
OL17211710M,,,by Anne Mather.,,
OL24934178M,,,Anne Mather,,
OL3473602M,,,[Betty Neels].,,
OL24940745M,,,by Andrea Blake,,
OL16557430M,,,by Carole Mortimer.,,
OL14980558M,,,Anne Mather.,,
OL21648606M,,,Betty Neels.,,
OL18239760M,,,by Patricia Wilson.,,
