edition_key,publish_date,publish_year,publisher,publish_place,publish_country,series
OL29788367M,2018,2018,"Harlequin Enterprises, Limited",,,
OL29264472M,2015,2015,"Harlequin Mills & Boon, Limited",,,
OL10280664M,1987,1987,Harlequin,,,
OL10280664M,1987,1987,Harlequin Mills & Boon,,,
OL9682571M,"December 4, 1992",1992,Harlequin Mills & Boon,,,
OL22612896M,1987,1987,Mills & Boon,"Richmond, Surrey",xxk,Romance
OL9853763M,"January 1, 1988",1988,Harlequin,,,Harlequin Presents No 1050
OL10691112M,1979,1979,Harlequin,,,
OL39576746M,2012,2012,Tyndale House Publishers,,,
OL39581919M,2012,2012,Tyndale House Publishers,,,
OL33470829M,2012,2012,Tyndale House Publishers,,,
OL29873195M,2020,2020,"Crown Publishing Group, The",,,
OL29164291M,2013,2013,Lion Hudson PLC,,,
OL29492164M,2020,2020,Lion Hudson PLC,,,
OL28504945M,2013,2013,Lion Hudson PLC,,,
OL27928962M,2001,2001,Recorded Books,,,
OL9049218M,"January 1, 1998",1998,St.-Johannis-Druckerei,,,
OL8748409M,"May 25, 2001",2001,Multnomah,,,
OL18420160M,2007,2007,Tyndale House Pub.,"Carol Stream, Ill",ilu,
OL24949890M,2007,2007,Multnomah,"Sisters, OR, USA",oru,
OL24389148M,1991 12,1991,Fanfare / Bantam Books,"New York, USA",nyu,
OL1405352M,1993,1993,G.K. Hall,"Thorndike, Me",meu,G.K. Hall large print book series
OL9788228M,February 2001,2001,Recorded Books,,,
OL668881M,1998,1998,Multnomah Women's Fiction,"Chicago, USA",oru,
OL18285347M,2007,2007,Multnomah Books,"Colorado Springs, CO, USA",cou,
OL8748315M,"May 11, 2001",2001,Multnomah,,,
OL24293314M,2009,2009,The Doubleday Religious Publishing Group,New York,nyu,
OL8847745M,"May 9, 2005",2005,Multnomah,,,
OL8875813M,"September 6, 2006",2006,Walker & Company,,,
OL8989263M,"August 20, 2004",2004,Monarch Books,,,
OL24975909M,1990,1990,Harlequin Books,Toronto,onc,Harlequin romance -- 3085
OL24975909M,1990,1990,Harlequin Books,New York,onc,Harlequin romance -- 3085
OL24939124M,1990,1990,Harlequin Books,Toronto,onc,Harlequin romance -- 3085
OL24939124M,1990,1990,Harlequin Books,New York,onc,Harlequin romance -- 3085
OL22618271M,1994,1994,Mills & Boon,Richmond,enk,Duet
OL1982402M,1989,1989,Mills & Boon,"Richmond, Surrey",enk,
OL1982402M,1989,1989,Brand: Mills n Boon,"Richmond, Surrey",enk,
OL17390856M,1990,1990,Mills & Boon,,enk,
OL22415407M,1989,1989,Mills & Boon,"Richmond, Surrey",xxk,
OL10691736M,"October 1, 1990",1990,harlequin,,,"Harlequin Romance, No 3085"
OL10691736M,"October 1, 1990",1990,Harlequin,,,"Harlequin Romance, No 3085"
OL18357600M,1984,1984,Mills & Boon,London,xxk,
OL10239059M,October 1987,1987,Thorndike Pr,,,
OL14978087M,1984,1984,Mills & Boon,London,xxk,
OL10738330M,"January 1, 1985",1985,harlequin,,,
OL10738330M,"January 1, 1985",1985,Harlequin,,,
OL21424688M,1989,1989,Harlequin Holland,Amsterdam,ne ,
OL21424552M,1990,1990,Mondatori,Milan,it ,
OL29734595M,2016,2016,"Harlequin Enterprises, Limited",,,
OL29243038M,2013,2013,"Harlequin Mills & Boon, Limited",,,
OL22384649M,1987,1987,Mills & Boon,Richmond,xxk,
OL9636898M,1998,1998,Mills And Boon,,,
OL20501301M,1991,1991,Chivers,,enk,
OL1882868M,1991,1991,G.K. Hall,"Boston, Mass",mau,A Nightingale romance in large print
OL1882868M,1991,1991,G.K. Hall,"Boston, Mass",mau,G.K. Hall large print book series
OL1882868M,1991,1991,G.K. Hall,"Boston, Mass",mau,A Large print romance
OL9507637M,"September 1, 1988",1988,Harlequin,,,"Harlequin Presents, No 1113"
OL10691234M,1981,1981,Millis and Boon Limited,,,
OL10691234M,1981,1981,Harlequin,,,
OL17215320M,1981,1981,Mills and Boon,London,xxk,
OL28974140M,1991,1991,"Harlequin Mills & Boon, Limited",,,
OL9750982M,"January 1, 1993",1993,Harlequin,,,
OL9748216M,"January 1, 1993",1993,Harlequin,,,
OL9745901M,"January 1, 1993",1993,Harlequin,,,
OL19699246M,1992,1992,Mills & Boon,,enk,
OL1776472M,1991,1991,Mills & Boon,"Richmond, Surrey",enk,Romance ;
OL22619243M,1985,1985,Mills & Boon,London,xxk,Bestseller Romance
OL9587185M,October 1986,1986,G K Hall & Co,,,
OL21220748M,1979,1979,Mills and Boon,London,xxk,
OL9774846M,June 1980,1980,Harlequin Books,Canada,,
OL11658583M,October 1986,1986,G K Hall & Co,,,
OL8926729M,July 2001,2001,Dales Large Print Books,,,
OL8926729M,July 2001,2001,Dales large print Books,,,
OL20161132M,1990,1990,Ballantine Books,New York,nyu,
OL377544M,1998,1998,Ballantine Pub. Group,New York,nyu,
OL10686514M,"December 1, 1999",1999,Ballantine Books,,,
OL15125290M,1988,1988,Futura,,xxk,
OL16771051M,1973,1973,Buccaneer Books,"Cutchogue, N.Y",nyu,
OL7961810M,"January 7, 1999",1999,Bloomsbury Publishing PLC,,,
OL10683605M,"July 12, 1980",1980,Ballantine Books,,,
OL18504626M,2007,2007,Harcourt,Orlando,flu,
OL7973920M,October 1999,1999,Tandem Library,,,
OL9639148M,"June 12, 1981",1981,Ballantine Books,,,
OL11558534M,June 1987,1987,Amereon Ltd,,,
OL8603363M,September 1987,1987,Dove Entertainment Inc,,,
OL22184538M,1974,1974,Ballantine Books,New York,nyu,Del Rey fantasy
OL10682557M,"March 12, 1977",1977,Ballantine Books,,,
OL9682652M,"October 8, 2007",2007,Harvest Books,,,
OL8276771M,June 1991,1991,Buccaneer Books,,,
OL9598700M,"October 8, 2007",2007,Harcourt,,,
OL21920251M,1999,1999,Bloomsbury,London,enk,
OL8845011M,February 2003,2003,New Millennium Audio,,,
OL18587170M,2007,2007,Harcourt,Orlando,flu,
OL7866886M,"July 28, 1988",1988,Severn House Publishers Ltd,,,
OL11000892M,September 1991,1991,Perfection Learning Prebound,,,
OL20947352M,"November, 2000",2000,The Ballantine Publishing Group,"New York, USA",nyu,
OL23273991M,1998,1998,Ballantine Pub. Group,New York,nyu,
OL7961854M,"October 20, 1999",1999,Bloomsbury Publishing PLC,,,
OL10684301M,"March 12, 1984",1984,Del Rey,,,
OL9844175M,"September 12, 1987",1987,Del Rey,,,
OL17892075M,2007,2007,Harcourt,Orlando,flu,
OL3704385M,2003,2003,Ballantine Books,New York,nyu,
OL10682161M,"March 12, 1975",1975,Ballantine Books,,,
OL9738841M,"October 8, 2007",2007,Harvest Books,,,
OL16378884M,1991,1991,Mills & Boon,,enk,
OL16521973M,1995,1995,Mills & Boon,Richmond,enk,Favourites
OL9746575M,December 1991,1991,MacMillan Publishing Company,,,
OL9748768M,December 1991,1991,MacMillan Publishing Company,,,
OL16522155M,1991,1991,Mills & Boon,"Richmond, Surrey",xxk,
OL9751943M,December 1991,1991,MacMillan Publishing Company,,,
OL9737447M,"November 1, 1992",1992,harlequin,,,"Harlequin Presents, No 1518"
OL22326873M,1984,1984,Linford,Leicester,xxk,Linford romance library
OL14979972M,"Feb 04, 1977",1977,Mills & Boon,London,xxk,
OL14979972M,"Feb 04, 1977",1977,Harlequin Mills & Boon,London,xxk,
OL14976354M,1976,1976,Mills and Boon,London,xxk,
OL14980601M,1983,1983,Mills & Boon,London,xxk,Mills & Boon bestseller romance
OL24281415M,2005,2005,ereads.com,New York,nyu,
OL10750217M,"May 1, 1991",1991,harlequin,,,
OL7421869M,"September 1, 1989",1989,harlequin,,,
OL7421869M,"September 1, 1989",1989,Harlequin,,,
OL7421949M,"November 1, 1996",1996,Harlequin,,,
OL11235141M,December 1990,1990,Ulverscroft Large Print,,,
OL21377203M,1980,1980,Harlequin Books,Amsterdam,ne ,BouquetReeks -- 297
OL10692087M,"August 1, 1998",1998,Harlequin,,,"Romance , No 3520"
OL10241180M,April 1999,1999,Harlequin Books,,,
OL28973603M,1981,1981,"Harlequin Mills & Boon, Limited",,,
OL9739293M,1981,1981,Harlequin,,,
OL20937110M,1981,1981,Mills and Boon,London,eng,
OL10238995M,January 1984,1984,Harlequin Mills & Boon,,,
OL18356685M,1981,1981,Mills & Boon,London,xxk,
OL24404777M,1982,1982,Harlequin,Toronto,onc,Harlequin romance
OL24404777M,1982,1982,Harlequin,Los Angeles,onc,Harlequin romance
OL24404777M,1982,1982,Harlequin Books,Toronto,onc,Harlequin romance
OL24404777M,1982,1982,Harlequin Books,Los Angeles,onc,Harlequin romance
OL29243052M,2013,2013,"Harlequin Mills & Boon, Limited",,,
OL29020961M,2010,2010,"Harlequin Mills & Boon, Limited",,,
OL28973870M,1984,1984,"Harlequin Mills & Boon, Limited",,,
OL14977908M,1984,1984,Mills & Boon,London,xxk,
OL20130251M,1998,1998,Mills & Boon,London,xxk,Collector's edition
OL12053381M,May 2000,2000,Soundings,,,
OL10738297M,"July 15, 1984",1984,harlequin,,,Harlequin Presents # 713
OL10738297M,"July 15, 1984",1984,Harlequin,,,Harlequin Presents # 713
OL61375849M,28 January 2015,2015,Blossom Books B.V.,,,Shatter Me
OL37330446M,2022,2022,Farshore,,,
OL39221697M,1st November 2013,2013,Allen and Unwin,,,
OL29651281M,2012,2012,HarperCollins Publishers Limited,,,
OL10738099M,1981,1981,Harlequin Books,,,
OL61516905M,,,,,,
OL53379022M,2024,2024,"Bloom Books, Incorporated",,,
OL52946971M,2021,2021,Oxford University Press,"Sydney, Australia",,
OL47276158M,"Feb 01, 2023",2023,Crossbooks,,,
OL47806732M,28.04.2023,2023,LYX,,,Twisted
OL49295009M,2023,2023,"Editorial Planeta, S. A.",,,
OL42621549M,2021,2021,Independently Published,,,
OL35082870M,2021,2021,Indy Pub,,,
OL35082870M,2021,2021,Boba Press,,,
OL38152029M,2021,2021,Ana Huang,,,
OL38010864M,2022,2022,"Little, Brown Book Group Limited",,,
OL34224724M,2021,2021,Ana Huang,,,
OL38268897M,2013,2013,Harlequin Enterprises ULC,,,
OL37392566M,2012,2012,Harlequin Enterprises ULC,,,
OL29127319M,2012,2012,"Harlequin Mills & Boon, Limited",,,
OL9741616M,"December 5, 1997",1997,Harlequin Mills & Boon,,,
OL24975387M,1993,1993,Magna Large Print Books,"North Yorkshire, Eng",enk,
OL24964296M,1993,1993,Magna Large Print Books,"North Yorkshire, Eng",enk,
OL9608917M,December 1998,1998,Harlequin Books,,,
OL14976091M,1974,1974,Mills and Boon,London,xxk,
OL14980305M,1981,1981,Mills & B.,,xxk,
OL9634468M,September 1993,1993,Ulverscroft Large Print,,,
OL9611184M,November 2007,2007,Ulverscroft Large Print,,,
OL9770302M,"December 4, 2007",2007,Harlequin,,,
OL9770302M,"December 4, 2007",2007,Harlequin Readers' Choice,,,
OL38294416M,2011,2011,Harlequin Enterprises ULC,,,
OL29632106M,2011,2011,"Harlequin Enterprises, Limited",,,
OL29127381M,2012,2012,"Harlequin Mills & Boon, Limited",,,
OL29106556M,2011,2011,"Harlequin Mills & Boon, Limited",,,
OL10280561M,1983,1983,Mills & Boon,,,
OL18293262M,1997,1997,Mills & Boon,Richmond,enk,Collector's edition -- 23
OL17151468M,1979,1979,Mills and Boon,London,xxk,
OL10748313M,September 1999,1999,Harlequin Books,,,
OL23168142M,1979,1979,Harlequin,Toronto,onc,Best of Betty Neels
OL23168142M,1979,1979,Harlequin,New York,onc,Best of Betty Neels
OL10691122M,1979,1979,Harlequin,,,
OL10280367M,October 2006,2006,Ulverscroft Large Print,,,
OL10746574M,"August 8, 2006",2006,Harlequin,,,
OL10748936M,"July 11, 2006",2006,Harlequin,,,
OL10239030M,January 1987,1987,MacMillan Publishing Company,,,
OL14977704M,1983,1983,Mills & Boon,London,xxk,
OL21222186M,1985,1985,Mills & Boon,London,xxk,
OL10738255M,"November 1, 1983",1983,harlequin,,,Harlequin Presents # 654
OL10738255M,"November 1, 1983",1983,Harlequin,,,Harlequin Presents # 654
OL29758385M,2017,2017,"Harlequin Enterprises, Limited",,,
OL29264351M,2015,2015,"Harlequin Mills & Boon, Limited",,,
OL14977598M,December 1982,1982,Mills & Boon,UK,xxk,
OL18596961M,January 1989,1989,Mills & Boon,UK,xxk,
OL14980553M,February 1983,1983,Mills and Boon,London,xxk,
OL9741953M,April 1983,1983,Harlequin,Canada,,
OL24943438M,April 1983,1983,Harlequin,UK,onc,
OL61188557M,2009,2009,Harlequin Books Brasil,,,Rainhas Do Romance
OL29663909M,2011,2011,"Harlequin Enterprises, Limited",,,
OL29243056M,2013,2013,"Harlequin Mills & Boon, Limited",,,
OL29106576M,2011,2011,"Harlequin Mills & Boon, Limited",,,
OL24333336M,1981,1981,Mills & Boon,,,
OL24333338M,November 2009,2009,Harlequin Mills & Boon,,,
OL2726049M,1987,1987,J. Curley,"Bath, England",enk,Atlantic large print
OL2726049M,1987,1987,J. Curley,"South Yarmouth, Mass., U.S.A",enk,Atlantic large print
OL14977285M,1981,1981,Mills & Boon,London,xxk,
OL18050045M,1998,1998,Mills & Boon,Richmond,xxk,Collector's Edition
OL21366179M,1987,1987,Chivers,Bath,xxk,Atlantic large print
OL24333337M,1999,1999,Mills & Boon,,,
OL22321605M,1987,1987,Curley,"South Yarmouth, Ma",xxu,
OL9752646M,1981,1981,Harlequin,,,
OL54181319M,2013,2013,CreateSpace Independent Publishing Platform,,,
OL47391457M,"Jan 12, 2023",2023,DEBOLSILLO,,,
OL47391456M,"Jan 12, 2023",2023,DEBOLSILLO,,,
OL49672019M,2022,2022,Moondrive,"Polska, Kraków",,
OL49672018M,2022,2022,Moondrive,,,
OL39765219M,2022,2022,Atria Books,,,
OL39332831M,2022,2022,Penguin Random House Grupo Editorial,,,
OL35651243M,"Nov 07, 2013",2013,Epsilon Yayıncılık,,,
OL32419698M,2014,2014,Fleuve éditions,"Paris, France",fr,Territoires #1
OL33023688M,"Sep 17, 2013",2013,Brilliance Audio,,,
OL31870730M,"Oct 08, 2013",2013,Simon & Schuster UK,"London, UK",,Hopeless Vol.1
OL31129806M,2013,2013,Atria Paperback,"New York City, USA",nyu,Hopeless. #1
OL29173419M,2013,2013,"Simon & Schuster, Limited",,,
OL27809972M,2014,2014,Wydawnictwo Otwarte,"Kraków, Poland",,
OL38278522M,2011,2011,Harlequin Enterprises ULC,,,
OL37388997M,2011,2011,Harlequin Enterprises ULC,,,
OL31882114M,2012,2012,Mills & Boon,"Richmond, Surrey",enk,
OL29263659M,2015,2015,"Harlequin Mills & Boon, Limited",,,
OL28950684M,1998,1998,"Harlequin Mills & Boon, Limited",,,
OL28950902M,1998,1998,"Harlequin Mills & Boon, Limited",,,
OL28950902M,1998,1998,Harlequin Mills & Boon,,,
OL24929928M,1998,1998,Mills & Boon,"Richmond, Surrey",enk,
OL9747915M,October 1998,1998,Harlequin Books,,,
OL9750627M,October 1998,1998,Harlequin Books,,,
OL9745793M,October 1998,1998,Harlequin Books,,,
OL9739060M,"July 1, 1998",1998,Harlequin,,,
OL38386758M,1979,1979,Harlequin Enterprises ULC,,,
OL38291056M,2014,2014,Harlequin Enterprises ULC,,,
OL34872146M,2014,2014,Harlequin Enterprises ULC,,,
OL29247921M,2014,2014,"Harlequin Mills & Boon, Limited",,,
OL16522180M,1983,1983,Mills & Boon,London,xxk,Mills & Boon best seller romance
OL14976194M,1975,1975,Mills & Boon,London,xxk,
OL17212915M,1975,1975,Mills and Boon,London,xxk,
OL17212915M,1975,1975,harlequin books,London,xxk,
OL24927897M,1976,1976,Harlequin Books,USA,onc,
OL29264333M,2015,2015,"Harlequin Mills & Boon, Limited",,,
OL28951071M,1998,1998,"Harlequin Mills & Boon, Limited",,,
OL18308656M,1989,1989,Mills & Boon,,xxk,
OL9805839M,"October 1, 1989",1989,Harlequin,,,"Harlequin Presents, No 1216"
OL7421983M,"April 1, 1999",1999,harlequin,,,
OL21439489M,1992,1992,Harlequin Mondadori,Milan,it ,Collezione Harmony
OL28310441M,"Aug 09, 2016",2016,HarperCollins Publishers and Blackstone Audio,,,
OL29731467M,2016,2016,HarperCollins Publishers,,,
OL29985498M,2021,2021,HarperCollins Publishers,,,
OL31967469M,"Aug 09, 2016",2016,HarperCollins Publishers and Blackstone Audio,,,
OL31967469M,"Aug 09, 2016",2016,Avon Books,,,
OL32220697M,"Apr 18, 2017",2017,PIATKUS,,,
OL32220696M,"Apr 18, 2017",2017,PIATKUS,,,
OL33555204M,2016,2016,"Little, Brown Book Group Limited",,,
OL34621338M,2016,2016,"Little, Brown Book Group Limited",,,
OL36097786M,2022,2022,HarperCollins Publishers,,,
OL27212977M,2016,2016,"William Morrow Paperbacks, an imprint of HarperCollinsPublishers",,nyu,
OL14980575M,1983,1983,Mills & Boon,London,xxk,
OL10239018M,January 1987,1987,Macmillan Publishing Company,,,
OL14977571M,1982,1982,Mills & Boon,London,xxk,
OL10691327M,"May 1, 1983",1983,harlequin,,,
OL10691327M,"May 1, 1983",1983,Harlequin,,,
OL38274819M,2014,2014,Harlequin Enterprises ULC,,,
OL37388634M,2011,2011,Harlequin Enterprises ULC,,,
OL29151702M,2012,2012,"Harlequin Mills & Boon, Limited",,,
OL28951716M,1999,1999,"Harlequin Mills & Boon, Limited",,,
OL18598574M,1999,1999,Mills & Boon,Richmond,enk,Presents -- P314
OL9567614M,May 2000,2000,Thorndike Press,,,
OL9737119M,"November 6, 1998",1998,Harlequin Mills & Boon,,,
OL9644193M,December 2000,2000,Soundings,,,
OL9904143M,"November 1, 1999",1999,Harlequin,,,"Harlequin Presents, No. 2069"
OL17216230M,1988,1988,Mills & Boon,Richmond,xxk,
OL10239435M,May 1992,1992,John Curley & Assoc,,,
OL10691657M,"April 1, 1989",1989,Harlequin Books,Toronto,onc,"Harlequin Romance, No 2982"
OL10691657M,"April 1, 1989",1989,Harlequin,Toronto,onc,"Harlequin Romance, No 2982"
OL21626261M,1989,1989,Harlequin Española,Madrid,sp ,
OL21376202M,1988,1988,Harlequin Holland,Amsterdam,ne ,
OL44177240M,2016,2016,"Harlequin Mills & Boon, Limited",,,
OL43642300M,2006-01-01,2006,Harlequin Mills & Boon,,,
OL29573546M,2006,2006,"Harlequin Enterprises, Limited",,,
OL25414034M,2006,2006,mills and boon,,,
OL9676949M,"June 1, 2006",2006,Harlequin,,,Wedlocked!
OL9676949M,"June 1, 2006",2006,Harlequin Presents,,,Wedlocked!
OL9744160M,October 2006,2006,Mills & Boon,,,
OL24251009M,2010,2010,Harlequin,"Toronto, Ontario",nyu,
OL7416546M,"February 13, 2007",2007,Harlequin,,,
OL10239517M,September 1992,1992,Chivers North Amer,,,
OL24937157M,1993,1993,Harlequin Books,Toronto,onc,Harlequin presents -- 1578
OL24937157M,1993,1993,Harlequin Books,New York,onc,Harlequin presents -- 1578
OL17125057M,1992,1992,Mills & Boon,Richmond,xxk,
OL17125057M,1992,1992,Harlequin Mills & Boon,Richmond,xxk,
OL10280802M,1992,1992,Mills and Boon,,,
OL10280802M,1992,1992,Harlequin Mills & Boon,,,
OL10738945M,"July 1, 1993",1993,Harlequin,,,"Harlequin Presents, No 11578"
OL9599269M,"September 1, 1988",1988,Harlequin,,,"Harlequin Presents, No 1111"
OL17465055M,1987,1987,Mills & Boon,Richmond,enk,
OL17465055M,1987,1987,Harlequin Mills & Boon,Richmond,enk,
OL9740707M,June 1989,1989,MacMillan Publishing Company,,,
OL14978548M,1987,1987,Mills & Boon,London,xxk,
OL17359659M,1987,1987,Mills & Boon,,xxk,Mills & Boon Romance - 2811
OL26001087M,2010,2010,Mills & Boon,,,
OL29797992M,2018,2018,"Harlequin Enterprises, Limited",,,
OL29243039M,2013,2013,"Harlequin Mills & Boon, Limited",,,
OL14978188M,1985,1985,Mills & Boon,London,xxk,
OL17398318M,1985,1985,Mills & Boon,London,xxk,
OL10738362M,August 1985,1985,Harlequin Books,Canada,,
OL10738362M,August 1985,1985,Harlequin,Canada,,
OL61516907M,2026-05-26,2026,Piatkus Books,,,
OL38446297M,2022,2022,Bloom Books,"Naperville, Illinois, USA",,"Twisted, 4"
OL56904047M,2024,2024,Editorial Planeta Mexicana,,,
OL52564084M,"Jan 31, 2024",2024,Crossbooks,,,
OL51006348M,2022-06-24,2022,Ana Huang,,,
OL42830813M,June 24 2022,2022,Oxford university press,,,
OL39730646M,2022,2022,Ana Huang,,,
OL38574449M,"Jun 24, 2022",2022,Ana Huang,,,
OL39441146M,2022,2022,Ana Huang,,,
OL38010863M,2022,2022,"Little, Brown Book Group Limited",,,
OL38275167M,2011,2011,Harlequin Enterprises ULC,,,
OL37388599M,2011,2011,Harlequin Enterprises ULC,,,
OL10739302M,"June 1, 1999",1999,Harlequin,,,"Harlequin Presents, 2039"
OL29151676M,2012,2012,"Harlequin Mills & Boon, Limited",,,
OL28951147M,1998,1998,"Harlequin Mills & Boon, Limited",,,
OL9622099M,May 2000,2000,Soundings,,,
OL12053383M,"May 30, 2000",2000,Soundings,,,
OL18344871M,1998,1998,Mills & Boon,Richmond,enk,Presents -- P225
OL18344871M,1998,1998,Mills & Boon,Richmond,enk,Bachelor brothers -- 1
OL10241223M,May 1999,1999,Thorndike Press,,,Bachelor Brothers
OL22305558M,1989,1989,Mills & Boon,"Richmond, Surrey",xxk,
OL22330308M,1987,1987,Mills & Boon,Richmond,xxk,Romance
OL10738580M,"August 1, 1988",1988,Harlequin,,,"Harlequin Presents, No 1106"
OL12053339M,October 1999,1999,Soundings,,,
OL10739716M,1990,1990,Harlequin Books,,,
OL10239259M,"July 13, 1990",1990,Harlequin Mills & Boon,,,
OL10239263M,"January 11, 1991",1991,Harlequin Mills & Boon,,,
OL10280696M,1990,1990,Mills And Boon,,,
OL10691770M,"April 1, 1991",1991,Harlequin,,,"Harlequin Romance, No 3126"
OL24617972M,1991,1991,Harlequin Books,Toronto,onc,Easyread print Harlequin romance -- 16
OL21376216M,1992,1992,Harlequin Holland,,ne ,
OL15236069M,1991,1991,Harlequin,,fr ,
OL21626306M,1994,1994,Harlequin Ibérica,Lisboa,po ,
OL20583136M,1991,1991,Harlequin Mondadori,Milano,it ,
OL21626291M,1993,1993,Harlequin Ibérica,Madrid,sp ,Jazmin
OL20583210M,1991,1991,Ekdoseis Bianca,Athens,gr ,
OL29264373M,2015,2015,"Harlequin Mills & Boon, Limited",,,
OL14980434M,1982,1982,Mills & B.,,xxk,
OL14977513M,1982,1982,Mills and Boon,London,xxk,
OL14977513M,1982,1982,Harlequin Mills & Boon,London,xxk,
OL10738248M,"October 1, 1983",1983,harlequin,,,
OL10738248M,"October 1, 1983",1983,Harlequin,,,
OL14981750M,1989,1989,Mills & Boon,,xxk,
OL11946196M,April 1990,1990,G K Hall & Co,,,
OL61578578M,2026,2026,Penguin Publishing Group,,,
OL60989359M,"June 15, 2022",2022,The House of Books,,,
OL52455847M,2023,2023,Contraluz Editorial,,,
OL40232607M,Octubre 2021,2021,Contraluz,,,
OL44945594M,2022,2022,Desrotina,,,
OL57520854M,2025,2025,"Little, Brown Book Group Limited",,,
OL44767085M,2021,2021,Penguin Random House LLC,,,
OL38628096M,2022,2022,Sperling & Kupfer,Milano,,
OL37803633M,"September 14, 2021",2021,Berkley Books,,,
OL36010073M,2021,2021,Berkley Books,,,
OL35582292M,2021,2021,"Little, Brown Book Group Limited",,,
OL35469268M,"Feb 01, 2022",2022,Center Point,,,
OL35469268M,"Feb 01, 2022",2022,Center Point Pub,,,
OL31917995M,"Sep 14, 2021",2021,Berkley,,,
OL14977532M,1982,1982,Mills & Boon,London,xxk,
OL20652785M,1983,1983,Chivers,Bath,xxk,Atlantic large print
OL20652785M,1983,1983,Chivers,Bath,xxk,A Seymour large print romance
OL10280621M,1982,1982,Mills and Boon,,,
OL24940339M,1982,1982,Harlequin Books,Toronto,onc,Harlequin presents
OL24940339M,1982,1982,Harlequin Books,New York,onc,Harlequin presents
OL10738180M,January 1982,1982,Harlequin Books,,,Harlequin Presents No 554
OL11900295M,February 2001,2001,Dales Large Print,,,
OL11658471M,June 1984,1984,L P Books,,,
OL21224157M,1981,1981,Mills and Boon,,xxk,
OL21221097M,1981,1981,Mills & Boon,London,xxk,
OL21221097M,1981,1981,Harlequin Mills & Boon,London,xxk,
OL9743312M,1981,1981,Harlequin,,,"Harlequin Romance, 442"
OL9743312M,1981,1981,Harlequin Books,,,"Harlequin Romance, 442"
OL21224336M,1983,1983,Mills and Boon,London,xxk,
OL21221546M,1982,1982,Mills & Boon,London,xxk,
OL21221546M,1982,1982,Harlequin Mills & Boon,London,xxk,
OL10691328M,May 1983,1983,Harlequin,,,
OL10807049M,July 1992,1992,Ulverscroft Large Print,,,
OL14978295M,1985,1985,Mills & Boon,London,xxk,
OL14978295M,1985,1985,Harlequin Mills & Boon,London,xxk,
OL17309835M,September 1985,1985,Mills & Boon,England,xxk,
OL10738381M,"October 1, 1985",1985,Harlequin,,,Harlequin Presents #837
OL10239236M,"May 11, 1990",1990,Harlequin Mills & Boon,,,
OL10280690M,1990,1990,Mills and Boon,,,
OL10239225M,"November 9, 1990",1990,Harlequin Mills & Boon Ltd (Large Print Books),,,
OL10691758M,"February 1, 1991",1991,Harlequin,,,"Harlequin Romance, No 3114"
OL24737464M,1991,1991,Harlequin Books,Toronto,onc,Harlequin romance -- 3114
OL21376214M,1992,1992,Harlequin Holland,,nl ,
OL21626275M,,,Harlequin Iberica,Madrid,sp ,
OL14978690M,1990,1990,Mills & Boon,Richmond,xxk,
OL17380494M,1989,1989,Mills & Boon,,xxk,
OL17380494M,1989,1989,Mills and Boon,,xxk,
OL10281526M,"February 10, 1995",1995,Harlequin Mills & Boon,,,
OL1975549M,1989,1989,Mills & Boon,"Richmond, Surrey",enk,
OL10691702M,"February 1, 1990",1990,Harlequin,,,"Harlequin Romance, 3041"
OL24943721M,1990,1990,Harlequin Books,Toronto,onc,"Harlequin Romance - 3041, Mills & Boon Romance - 3131"
OL20583160M,1992,1992,Harlequin,Lisboa,po ,
OL21424648M,1990,1990,Harlequin Española,Madrid,sp ,
OL21424562M,1991,1991,Mondatori,Milan,it ,
OL20582985M,,,Harlequin Enterprises,,ko ,
OL29264362M,2015,2015,"Harlequin Mills & Boon, Limited",,,
OL28973644M,1984,1984,"Harlequin Mills & Boon, Limited",,,
OL14978035M,1984,1984,Mills & Boon,London,xxk,
OL9735945M,"November 1, 1984",1984,Harlequin,,,
OL1641193M,1990,1990,Mills & Boon,"Richmond, Surrey",enk,Romance ;
OL1641193M,1990,1990,Mills & Boon,"Richmond, Surrey",enk,3416
OL14981892M,1991,1991,Mills & Boon,,enk,
OL10738849M,"March 1, 1992",1992,Harlequin,,,"Harlequin Presents, No 449"
OL14977398M,1982,1982,Mills & Boon,London,xxk,
OL14977398M,1982,1982,Harlequin Mills & Boon,London,xxk,
OL10280610M,1982,1982,Harlequin Books,,,
OL10280610M,1982,1982,Harlequin,,,
OL10738160M,June 1982,1982,Harlequin Books,,,Harlequin Presents - 524
OL10738160M,June 1982,1982,Harlequin Books (Mm),,,Harlequin Presents - 524
OL52236850M,2024,2024,Alfaguara,"Barcelona, España",,Ciudad Medialuna 1
OL46573795M,2023,2023,Bloomsbury Publishing Plc,,,
OL45128496M,"Aug 03, 2021",2021,Audible Studios on Brilliance Audio,"Grand Haven, Michigan, USA",,"Crescent City, Book 1"
OL35618229M,"Feb 18, 2021",2021,Alfaguara,,,Ciudad Medialuna 1
OL35361326M,"Oct 28, 2021",2021,Dex Yayinevi,İstanbul,,
OL28562969M,"Jan 01, 2020",2020,Uroboros,"Warszawa, Poland",,
OL35866018M,2021,2021,Bloomsbury,"London, UK",,"A Crescent City novel, Book 1"
OL32388174M,1. Juni 2020,2020,Audible Studios,,,"Crescent City, Book 1"
OL32388173M,"June 1, 2020",2020,Audible Studios,,,"Crescent City, Book 1"
OL32388170M,"December 1, 2021",2021,Bloomsbury,"London, UK",,"Crescent City, Book 1"
OL34724098M,2019,2019,Bloomsbury,"London, UK",,"Crescent City, Book 1"
OL30342532M,2020,2020,Alfaguara,"Ciudad de México, México",,Ciudad Medialuna
OL30157071M,"March 3, 2020",2020,Bloomsbury,"London, UK",,
OL31979042M,"May 12, 2020",2020,BrillianceAudio,"Grand Haven, Michigan, USA",,Crescent City
OL27925074M,"January 6, 2021",2021,Könyvmolyképző,,,
OL28343065M,"Mar 02, 2021",2021,Bloomsbury Publishing,"New York City, USA",,"Crescent City, Book 1"
OL27925078M,2020,2020,Bloomsbury Publishing,New York,,Crescent City
OL27924119M,2020,2020,Bloomsbury Publishing,"New York City, USA",,"Crescent City, Book 1"
OL38352639M,2011,2011,Harlequin Enterprises ULC,,,
OL29802508M,2019,2019,"Harlequin Enterprises, Limited",,,
OL29151880M,2012,2012,"Harlequin Mills & Boon, Limited",,,
OL28953437M,1996,1996,"Harlequin Mills & Boon, Limited",,,From Here to Paternity
OL9569343M,"October 1, 1997",1997,Harlequin,,,"Harlequin Presents, No 1917"
OL9742514M,July 1997,1997,Thorndike Press,,,
OL9561823M,1980,1980,Harlequin Mills & Boon,,,
OL24238814M,1980,1980,Harlequin,Toronto,onc,Harlequin romance
OL24238814M,1980,1980,Harlequin,New York,onc,Harlequin romance
OL14980183M,1980,1980,Mills & B.,,xxk,
OL14976844M,1979,1979,Mills and Boon,London,xxk,
OL14976844M,1979,1979,Harlequin Mills & Boon,London,xxk,
OL11235259M,November 1985,1985,Ulverscroft Large Print,,,
OL17330896M,1992,1992,Mills & Boon,Richmond,xxk,
OL1343883M,1991,1991,Mills & Boon,"Richmond, Surrey",enk,
OL9743108M,"January 1, 1993",1993,harlequin,,,"Harlequin Presents, No 1531"
OL18406513M,1995,1995,Mills & Boon,Richmond,enk,
OL10240389M,June 1996,1996,Harlequin Mills & Boon,,,
OL10281731M,"December 8, 1995",1995,Harlequin Mills & Boon,,,
OL45650119M,1991-07-01,1991,FLAMMARION QUEBEC,,,
OL38481543M,2022,2022,Independently Published,,,
OL52070693M,2019,2019,Blurb,,,
OL52176980M,2023,2023,"Sterling Publishing Co., Inc.",,,
OL52185147M,2024,2024,Mint Editions,,,
OL51128368M,2024,2024,"Literary Book Club, The",,,
OL51133569M,2024,2024,"Literary Book Club, The",,,
OL50453514M,2023,2023,[publisher not identified],,,
OL48967223M,2020,2020,Independently Published,,,
OL49132718M,2021,2021,Independently Published,,,
OL48767515M,2021,2021,Independently Published,,,
OL49088870M,2020,2020,Independently Published,,,
OL49088919M,2021,2021,Independently Published,,,
OL49114124M,2021,2021,Independently Published,,,
OL49118561M,2020,2020,Independently Published,,,
OL49148166M,2021,2021,Independently Published,,,
OL49177628M,2021,2021,Independently Published,,,
OL49179177M,2021,2021,Independently Published,,,
OL48591623M,2012,2012,Popular Classics Publishing Co.,,,
OL48432425M,2021,2021,Independently Published,,,
OL48528323M,2021,2021,Independently Published,,,
OL51627348M,2024,2024,"Nimbus Publishing, Limited",,,
OL48328499M,2020,2020,Independently Published,,,
OL48386433M,2021,2021,Independently Published,,,
OL48387758M,2021,2021,Independently Published,,,
OL48397648M,2021,2021,Independently Published,,,
OL48176521M,2023,2023,"Sterling Publishing Co., Inc.",,,
OL48282353M,2020,2020,Independently Published,,,
OL48282387M,2020,2020,Independently Published,,,
OL48295143M,2023,2023,WordFire Press LLC,,,
OL48326431M,2023,2023,WordFire Press LLC,,,
OL48337086M,2023,2023,WordFire Press LLC,,,
OL46930495M,/1993,1993,[publisher not identified],,,
OL46776834M,2022,2022,Independently Published,,,
OL46730496M,2022,2022,Independently Published,,,
OL46650744M,2022,2022,Independently Published,,,
OL46625241M,2022,2022,Independently Published,,,
OL46673214M,2021,2021,Independently Published,,,
OL46703777M,2022,2022,Independently Published,,,
OL47269657M,2019,2019,Tundra Books,,,
OL46474612M,2022,2022,Independently Published,,,
OL46401036M,2022,2022,Warbler Press,,,
OL46494887M,2022,2022,Warbler Press,,,
OL46289146M,2022,2022,Independently Published,,,
OL46514802M,2014,2014,Read Books,,,
OL46675618M,2021,2021,Independently Published,,,
OL46123118M,2022,2022,Murine Publications,,,
OL46158576M,2022,2022,Independently Published,,,
OL44289585M,2022,2022,Independently Published,,,
OL43376919M,2018,2018,[publisher not identified],,,
OL8075060M,1988,1988,Bantam Seal,,,
OL43025732M,2013-07-02,2013,Important Books,,,
OL42798320M,2022,2022,Independently Published,,,
OL42618077M,2022,2022,Independently Published,,,
OL42341405M,2020,2020,Independently Published,,,
OL42345219M,2019,2019,Independently Published,,,
OL42466114M,2020,2020,Independently Published,,,
OL42475222M,2019,2019,Independently Published,,,
OL42094570M,2020,2020,Independently Published,,,
OL41988248M,2020,2020,Independently Published,,,
OL42131194M,2020,2020,Independently Published,,,
OL42267740M,2021,2021,Independently Published,,,
OL41869111M,2020,2020,Independently Published,,,
OL41904646M,2020,2020,Independently Published,,,
OL42180447M,2020,2020,Independently Published,,,
OL42201236M,2020,2020,Independently Published,,,
OL42207204M,2020,2020,Independently Published,,,
OL42209548M,2020,2020,Independently Published,,,
OL42229628M,2020,2020,Independently Published,,,
OL42337277M,2019,2019,Independently Published,,,
OL41771554M,2019,2019,Independently Published,,,
OL41842916M,2019,2019,Independently Published,,,
OL41931022M,2020,2020,Independently Published,,,
OL41021946M,2019,2019,Independently Published,,,
OL41036726M,2019,2019,Independently Published,,,
OL41187607M,2019,2019,Independently Published,,,
OL41195720M,2019,2019,Independently Published,,,
OL41210794M,2019,2019,Independently Published,,,
OL41241089M,"Jun 07, 2022",2022,Dreamscape Media,,,
OL41241694M,2019,2019,Independently Published,,,
OL41296251M,2019,2019,Independently Published,,,
OL41320228M,2019,2019,Independently Published,,,
OL41570716M,2019,2019,Independently Published,,,
OL41603034M,2019,2019,Independently Published,,,
OL40888130M,2019,2019,Independently Published,,,
OL40960708M,2019,2019,Independently Published,,,
OL41037507M,2019,2019,Independently Published,,,
OL41037856M,2019,2019,Independently Published,,,
OL41079796M,2018,2018,Independently Published,,,
OL41083306M,2019,2019,Independently Published,,,
OL41135368M,2019,2019,Independently Published,,,
OL41149501M,2019,2019,Independently Published,,,
OL41150606M,2019,2019,Independently Published,,,
OL41151918M,2019,2019,Independently Published,,,
OL41165264M,2019,2019,Independently Published,,,
OL41197260M,2019,2019,Independently Published,,,
OL41215909M,2019,2019,Independently Published,,,
OL41241084M,"Aug 28, 2022",2022,Indoeuropeanpublishing.com,,,
OL40798457M,2017,2017,Independently Published,,,
OL40874175M,2018,2018,Independently Published,,,
OL40877725M,2018,2018,Independently Published,,,
OL40878358M,2018,2018,Independently Published,,,
OL40883989M,2018,2018,Independently Published,,,
OL40934960M,2018,2018,Independently Published,,,
OL40717023M,2018,2018,Independently Published,,,
OL40658878M,2018,2018,Independently Published,,,
OL40666130M,2018,2018,Independently Published,,,
OL40553870M,2018,2018,Independently Published,,,
OL40554042M,2018,2018,Independently Published,,,
OL40604783M,2018,2018,Independently Published,,,
OL40607906M,2018,2018,Independently Published,,,
OL40130462M,2022,2022,Independently Published,,,
OL40155009M,2022,2022,Independently Published,,,
OL40471869M,2014,2014,"Sourcebooks, Incorporated",,,
OL40478226M,2014,2014,"Sourcebooks, Incorporated",,,
OL39783219M,2022,2022,Independently Published,,,
OL39675563M,2021,2021,Independently Published,,,
OL38559029M,2022,2022,Independently Published,,,
OL38553648M,2022,2022,Independently Published,,,
OL38545000M,2021,2021,Independently Published,,,
OL38537632M,2021,2021,Independently Published,,,
OL38529941M,2021,2021,Independently Published,,,
OL38527987M,2021,2021,Independently Published,,,
OL38523570M,2022,2022,Independently Published,,,
OL38506400M,2022,2022,Independently Published,,,
OL38503176M,2022,2022,Independently Published,,,
OL38498652M,2019,2019,Independently Published,,,
OL38512856M,2022,2022,Independently Published,,,
OL38518967M,2022,2022,Independently Published,,,
OL38530504M,2021,2021,Independently Published,,,
OL38530998M,2022,2022,Independently Published,,,
OL38548543M,2021,2021,Independently Published,,,
OL38550552M,2019,2019,Independently Published,,,
OL39176886M,2015,2015,Read Books,,,
OL38479757M,2021,2021,Independently Published,,,
OL38486949M,2021,2021,Independently Published,,,
OL38492609M,2022,2022,Independently Published,,,
OL38467859M,2021,2021,Independently Published,,,
OL38462604M,2021,2021,Independently Published,,,
OL38474713M,2022,2022,Independently Published,,,
OL38462304M,2022,2022,Independently Published,,,
OL38467768M,2021,2021,Independently Published,,,
OL38493906M,2022,2022,Independently Published,,,
OL38501619M,2021,2021,Independently Published,,,
OL38503532M,2022,2022,Independently Published,,,
OL38548514M,2021,2021,Independently Published,,,
OL38438132M,2022,2022,Independently Published,,,
OL38443781M,2021,2021,Independently Published,,,
OL38444353M,2021,2021,Independently Published,,,
OL38435685M,2022,2022,Independently Published,,,
OL38414633M,2021,2021,Independently Published,,,
OL38415839M,2021,2021,Independently Published,,,
OL38421174M,2022,2022,Independently Published,,,
OL38189675M,2022,2022,Independently Published,,,
OL38165273M,2021,2021,Independently Published,,,
OL38170264M,2021,2021,Independently Published,,,
OL38143518M,2021,2021,Independently Published,,,
OL38133361M,2021,2021,Independently Published,,,
OL38106735M,2022,2022,Independently Published,,,
OL38108712M,2022,2022,Independently Published,,,
OL37749967M,1988,1988,McClelland-Bantam,Toronto,onc,
OL37729084M,2022,2022,Digireads.com Publishing,,,
OL37729451M,2022,2022,Digireads.com Publishing,,,
OL37710476M,2021,2021,Independently Published,,,
OL37702994M,2021,2021,Independently Published,,,
OL38198710M,2021,2021,Independently Published,,,
OL37630060M,2020,2020,Independently Published,,,
OL37727167M,2020,2020,Independently Published,,,
OL37516823M,2022,2022,Independently Published,,,
OL37485229M,2020,2020,Independently Published,,,
OL37008904M,2021,2021,Independently Published,,,
OL37002149M,2021,2021,Independently Published,,,
OL36980071M,2021,2021,Independently Published,,,
OL36979981M,2021,2021,Independently Published,,,
OL37004211M,2020,2020,Independently Published,,,
OL36965726M,2021,2021,Independently Published,,,
OL36987497M,2021,2021,Independently Published,,,
OL36993945M,2021,2021,Independently Published,,,
OL36912483M,2021,2021,Independently Published,,,
OL36901439M,2021,2021,Independently Published,,,
OL36888633M,2021,2021,Independently Published,,,
OL36897594M,2021,2021,Independently Published,,,
OL36856307M,2021,2021,Independently Published,,,
OL36853095M,2021,2021,Independently Published,,,
OL36503508M,2021,2021,Independently Published,,,
OL35717544M,1992,1992,France loisirs,Paris,fr,
OL35330489M,2015,2015,Ulverscroft,,enk,
OL29072077M,"Jan 11, 2020",2020,Independently published,,,
OL27688125M,2010,2010,Oxford City Press,,,
OL27160911M,2014,2014,Sourcebooks Fire,,ilu,
OL8547796M,2006,2006,Dundurn Press,,,
OL7824443M,"March 1, 1989",1989,Starfire,,,
OL52248106M,1926,1926,A. L. Burt Company,,,
OL22921691M,1992,1992,Ke zhu shu fang,Taibei Shi,ch ,Luxi M Menggemali zuo pin ji -- 21
OL37723059M,2022,2022,Independently Published,,,
OL37695223M,2021,2021,Independently Published,,,
OL37656292M,2021,2021,Independently Published,,,
OL37663250M,2021,2021,Independently Published,,,
OL37668867M,2021,2021,Independently Published,,,
OL37591864M,2021,2021,Independently Published,,,
OL37608040M,2021,2021,Independently Published,,,
OL37548645M,2022,2022,Independently Published,,,
OL37528995M,2021,2021,Independently Published,,,
OL37518255M,2021,2021,Independently Published,,,
OL37522875M,2021,2021,Independently Published,,,
OL37523668M,2021,2021,Independently Published,,,
OL37523741M,2021,2021,Independently Published,,,
OL37516984M,2021,2021,Independently Published,,,
OL37524351M,2021,2021,Independently Published,,,
OL37528616M,2021,2021,Independently Published,,,
OL36987236M,2021,2021,Independently Published,,,
OL36964460M,2021,2021,Independently Published,,,
OL36486651M,2022,2022,MiraVista Press,,,
OL36486652M,2022,2022,MiraVista Press,,,
OL36719800M,2007,2007,Dundurn Press,,,
OL36776178M,2022,2022,"Open Road Integrated Media, Inc.",,,
OL36085169M,2021,2021,Independently Published,,,
OL36115757M,2021,2021,Independently Published,,,
OL36334826M,2016,2016,"Rehak, David",,,
OL35503359M,2014,2014,"Sourcebooks, Incorporated",,,
OL36035450M,2021,2021,Independently Published,,,
OL34817704M,1993,1993,Perfection Learning Corporation,,,
OL33467124M,2014,2014,"Little, Brown Book Group Limited",,,
OL34125258M,2021,2021,Independently Published,,,
OL36601113M,2021,2021,Independently Published,,,
OL36594695M,2021,2021,Independently Published,,,
OL36494660M,2021,2021,Independently Published,,,
OL36494671M,2020,2020,Independently Published,,,
OL36508198M,2021,2021,Independently Published,,,
OL36511489M,2021,2021,Independently Published,,,
OL36463509M,2021,2021,Independently Published,,,
OL36473533M,2021,2021,Independently Published,,,
OL36496937M,2021,2021,Independently Published,,,
OL36366758M,2021,2021,Independently Published,,,
OL36388502M,2021,2021,Independently Published,,,
OL36449356M,2021,2021,Independently Published,,,
OL36164531M,2021,2021,Independently Published,,,
OL36123559M,2020,2020,Independently Published,,,
OL36173474M,2021,2021,Independently Published,,,
OL36117787M,2021,2021,Independently Published,,,
OL36116168M,2021,2021,Independently Published,,,
OL36121113M,2021,2021,Independently Published,,,
OL36125456M,2021,2021,Independently Published,,,
OL36148760M,2021,2021,Independently Published,,,
OL36112487M,2021,2021,Independently Published,,,
OL36120568M,2021,2021,Independently Published,,,
OL36076192M,2021,2021,Independently Published,,,
OL36033247M,2021,2021,Independently Published,,,
OL36033160M,2021,2021,Independently Published,,,
OL35973962M,2019,2019,Independently Published,,,
OL35222165M,2021,2021,Independently Published,,,
OL35121412M,2021,2021,Independently Published,,,
OL35064630M,2021,2021,Independently Published,,,
OL35180289M,2021,2021,Independently Published,,,
OL35192408M,2021,2021,Independently Published,,,
OL35041920M,2021,2021,Independently Published,,,
OL34347964M,2021,2021,Independently Published,,,
OL34349410M,2021,2021,Independently Published,,,
OL34307879M,2021,2021,Independently Published,,,
OL34290658M,2021,2021,Independently Published,,,
OL34294054M,2021,2021,Independently Published,,,
OL34314453M,2021,2021,Independently Published,,,
OL34261768M,2021,2021,Independently Published,,,
OL34279982M,2021,2021,Independently Published,,,
OL34252853M,2021,2021,Independently Published,,,
OL34244747M,2021,2021,Independently Published,,,
OL34288533M,2021,2021,Independently Published,,,
OL34201054M,2021,2021,Independently Published,,,
OL32734086M,"Feb 01, 2009",2009,Kadokawa Shoten/Tsai Fong Books,,,
OL31853905M,"Jan 06, 2020",2020,Bibliotech Press,,,
OL30744945M,"Feb 07, 2017",2017,CreateSpace Independent Publishing Platform,,,
OL30275467M,2020,2020,Independently Published,,,
OL30221213M,2020,2020,Independently Published,,,
OL30240049M,2020,2020,Independently Published,,,
OL30190568M,2020,2020,Arcturus Publishing,,,
OL30357114M,2020,2020,Independently Published,,,
OL27594308M,"Jul 01, 2013",2013,Hesperus Press,,,
OL25648985M,1926,1926,Mass Market Paperback,,,
OL15388701M,1926,1926,Frederick A. Stokes Co.,New York,nyu,
OL14584199M,1940,1940,McClelland & Stewart,Toronto,onc,
OL18119812M,1926,1926,McClelland and Stewart,Toronto,onc,
OL23750346M,1989,1989,McClelland and Stewart,Toronto,onc,
OL16236596M,1975,1975,Harrap,London,xxk,
OL19889860M,1947,1947,McClelland & Stewart,Toronto,onc,The Cavendish library
OL19746209M,1972,1972,McClelland and Stewart,"Toronto, Ont",onc,Canadian favourites
OL23750345M,1926,1926,McClelland and Stewart,Toronto,onc,
OL23247589M,1989,1989,Bantam Books,New York,nyu,
OL8258400M,September 1999,1999,Amereon Limited,,,
OL17421552M,1980,1980,Angus & Robertson,London,xxk,
OL8188838M,October 1999,1999,Tandem Library,,,
OL8076176M,"July 1, 1989",1989,McClelland & Stewart,,,
OL22098412M,1926,1926,McClelland & Stewart Limited,Toronto,onc,
OL22146128M,1988,1988,Bantam Books,,xxk,
OL8076181M,"July 1, 1989",1989,McClelland & Stewart,,,
OL32144703M,2010,2010,Mills & Boon,Richmond,enk,
OL10748302M,1997,1997,Harlequin,,,
OL29243029M,2013,2013,"Harlequin Mills & Boon, Limited",,,
OL10738963M,"October 1, 1993",1993,Harlequin,,,"Harlequin Presents Plus, No 1599"
OL20130357M,1998,1998,Mills & Boon,Richmond,enk,Penny Jordan : collector's edition -- 33
OL18687307M,1991,1991,Mills & Boon,Richmond,enk,Romance
OL18687307M,1991,1991,HARLEQUIN MILLS BOON,Richmond,enk,Romance
OL1307847M,1991,1991,Mills & Boon,"Richmond, Surrey",enk,Romance ;
OL1307847M,1991,1991,Mills & Boon,"Richmond, Surrey",enk,3596
OL12053357M,January 2000,2000,Soundings,,,
OL20026585M,1992,1992,Harlequin,,gr ,
OL37815228M,2020,2020,OMG Books,,,
OL37815228M,2020,2020,Znak,,,
OL30600896M,"Nov 18, 2014",2014,imusti,,,
OL30600896M,"Nov 18, 2014",2014,Simon & Schuster,,,
OL29427102M,2019,2019,Gallery Books,,,
OL29249952M,2014,2014,"Simon & Schuster, Limited",,,
OL29236910M,2014,2014,"Simon & Schuster, Limited",,,
OL28279108M,2014,2014,Anna Todd,,,
OL28278745M,2020,2020,Anna Todd,,,
OL27184908M,2014,2014,Gallery Books,,nyu,After Series
OL9738681M,January 1995,1995,Ulverscroft Large Print,,,
OL17359484M,1987,1987,Mills & Boon,,xxk,
OL9734607M,"October 9, 1992",1992,Harlequin Mills & Boon,,,
OL22379761M,1994,1994,Magna,Long Preston,enk,
OL9614536M,"February 1, 1988",1988,harlequin,,,"Harlequin Presents, No 1062"
OL16522168M,1990,1990,Mills & Boon,London,xxk,
OL16522168M,1990,1990,Harlequin Mills & Boon,London,xxk,
OL10239227M,February 1991,1991,Thorndike Pr,,,
OL10280691M,1990,1990,Mills and Boon,,,
OL10280691M,1990,1990,Harlequin Mills & Boon,,,
OL10738835M,"December 2, 1991",1991,Harlequin,,,"Harlequin Presents - 1430, Mills & Boon Romance - 3299"
OL10738835M,"December 2, 1991",1991,Harlequin Books,,,"Harlequin Presents - 1430, Mills & Boon Romance - 3299"
OL32132143M,2010,2010,Mills & Boon,Richmond,enk,
OL29243000M,2013,2013,"Harlequin Mills & Boon, Limited",,,
OL9750450M,1992,1992,Mills and Boon,,,
OL9747758M,1992,1992,Mills and Boon,,,
OL21272914M,1998,1998,Mills & Boon,Richmond,xxk,
OL9749242M,August 1992,1992,MacMillan Publishing Company,,,
OL9749741M,August 1992,1992,MacMillan Publishing Company,,,
OL9746686M,August 1992,1992,MacMillan Publishing Company,,,
OL9745567M,1992,1992,Mills and Boon,,,
OL9737071M,"May 1, 1994",1994,Harlequin,,,"Harlequin Presents Plus, No 1655"
OL9750265M,November 1999,1999,Magna Large Print Books,,,
OL9749331M,November 1999,1999,Magna Large Print Books,,,
OL17411916M,1995,1995,Mills & Boon,Richmond,enk,
OL18051267M,1992,1992,Mills & Boon,Richmond,enk,
OL9749069M,"September 1, 1992",1992,harlequin,,,
OL9751910M,"September 1, 1992",1992,harlequin,,,
OL9746549M,"September 1, 1992",1992,harlequin,,,
OL9746549M,"September 1, 1992",1992,Harlequin,,,
OL9621410M,"June 1, 1999",1999,Harlequin,,,"Harlequin Presents, 2037"
OL28951466M,1999,1999,"Harlequin Mills & Boon, Limited",,,
OL28951466M,1999,1999,Mills & Boon,,,
OL28951394M,1999,1999,"Harlequin Mills & Boon, Limited",,,
OL28951394M,1999,1999,Harlequin Mills & Boon,,,
OL29263501M,2014,2014,"Harlequin Mills & Boon, Limited",,,
OL9643887M,"October 1, 1999",1999,Thorndike Press,,,
OL10738310M,"September 1, 1984",1984,harlequin,,,
OL10738310M,"September 1, 1984",1984,Harlequin,,,
OL11966304M,April 1990,1990,Thorndike Pr (Largeprint),,,
OL14977954M,1984,1984,Mills and Boon,London,xxk,
OL17214495M,1984,1984,Mills & Boon,London,xxk,
OL9745249M,March 1993,1993,MacMillan Publishing Company,,,
OL9747335M,March 1993,1993,MacMillan Publishing Company,,,
OL9750014M,March 1993,1993,MacMillan Publishing Company,,,
OL18879270M,1992,1992,Mills & Boon,Richmond,enk,
OL16522153M,1992,1992,Mills & Boon,,enk,
OL9744332M,"February 1, 1995",1995,Harlequin,,,"Harlequin Romance, No 3354"
OL22400323M,1985,1985,Linford,Leicester,xxk,Linford romance library
OL14977519M,1982,1982,Mills and Boon,London,xxk,
OL10691317M,"February 1, 1983",1983,harlequin,,,
OL10691317M,"February 1, 1983",1983,Harlequin,,,
OL11235181M,June 1985,1985,Ulverscroft Large Print,,,
OL43581194M,2017,2017,ISIS,,,
OL52982047M,2017-03-10,2017,dtv,,,
OL57743660M,2025,2025,"Simon & Schuster, Limited",,,
OL60629690M,"June 1, 2017",2017,Z&K,,,
OL43407856M,2016-10-01,2016,Ulverscroft,,,
OL36858187M,2022,2022,Cengage Gale,,,
OL36858187M,2022,2022,Thorndike Press Large Print,,,
OL38862658M,"Apr 09, 2019",2019,Simon & Schuster Audio and Blackstone Audio,,,
OL38862658M,"Apr 09, 2019",2019,Simon & Schuster Audio,,,
OL33498539M,2015,2015,"Simon & Schuster, Limited",,,
OL33498539M,2015,2015,Simon & Schuster,,,
OL35499270M,2015,2015,"Simon & Schuster, Limited",,,
OL27824009M,2016,2016,Wydawnictwo Otwarte,"Kraków, Poland",,
OL29273817M,2015,2015,"Simon & Schuster, Limited",,,
OL27440166M,"Oct 04, 2016",2016,Crave LLC,,,
OL27198876M,"November 10, 2015",2015,Atria Paperback,"New York City, USA",nyu,
OL27198876M,"November 10, 2015",2015,Atria Books,"New York City, USA",nyu,
OL29243019M,2013,2013,"Harlequin Mills & Boon, Limited",,,
OL9741286M,"June 1, 1990",1990,harlequin,,,"Harlequin Presents, 1282"
OL20501381M,1991,1991,Chivers,Bath,enk,
OL14981600M,1989,1989,Mills & Boon,Richmond,xxk,
OL9747731M,August 1991,1991,G K Hall & Co,,,
OL9746097M,August 1991,1991,G K Hall & Co,,,
OL9751253M,August 1991,1991,G K Hall & Co,,,
OL29264414M,2015,2015,"Harlequin Mills & Boon, Limited",,,
OL17214476M,1987,1987,Mills & B.,,xxk,
OL14978532M,1987,1987,Mills & Boon,London,xxk,
OL14978532M,1987,1987,Harlequin Mills & Boon,London,xxk,
OL9754135M,"May 1, 1988",1988,Harlequin,,,"Harlequin Romance Subscription - 15, Mills & Boon Romance - 2791"
OL38280428M,2014,2014,Harlequin Enterprises ULC,,,
OL34412821M,2007,2007,"Harlequin Mills & Boon, Limited",,,
OL53832955M,2009,2009,Harlequin,,,
OL24375627M,2009,2009,Harlequin,Toronto,onc,
OL24375627M,2009,2009,Harlequin,New York,onc,
OL29671278M,2013,2013,"Harlequin Enterprises, Limited",,,
OL29671682M,2010,2010,"Harlequin Enterprises, Limited",,,
OL29687232M,2014,2014,"Harlequin Enterprises, Limited",,,
OL29263505M,2014,2014,"Harlequin Mills & Boon, Limited",,,
OL28988882M,2007,2007,"Harlequin Mills & Boon, Limited",,,
OL28741427M,2007,2007,"Harlequin Enterprises, Limited",,,
OL9736765M,August 2007,2007,Mills & Boon,,,
OL24265169M,2007,2007,Harlequin,"Toronto, Ontario",nyu,
OL9675337M,"April 1, 2007",2007,Harlequin,,,
OL9675337M,"April 1, 2007",2007,Harlequin Presents,,,
OL29242984M,2013,2013,"Harlequin Mills & Boon, Limited",,,
OL29053848M,2010,2010,"Harlequin Mills & Boon, Limited",,,
OL28973668M,1988,1988,"Harlequin Mills & Boon, Limited",,,
OL14978632M,1988,1988,Mills & Boon,,xxk,
OL14982026M,1993,1993,Mills & Boon,Richmond,enk,Best seller romance
OL9570177M,"August 1, 1989",1989,Harlequin,,,"Harlequin Presents, 1201"
OL1980277M,1989,1989,Mills & Boon,"Richmond, Surrey",enk,
OL17299110M,1989,1989,Mills & Boon,,xxk,
OL9735986M,January 1990,1990,MacMillan Publishing Company,,,
OL9735986M,January 1990,1990,Mills & Boon Limited,,,
OL9647420M,"December 1, 1990",1990,harlequin,,,"Harlequin Romance, No 3102"
OL9647420M,"December 1, 1990",1990,Harlequin,,,"Harlequin Romance, No 3102"
OL24787705M,1989,1989,Mills & Boon,"Richmond, Surrey",enk,
OL38466569M,2022,2022,Blue Box Press,,,
OL38057296M,2021,2021,Blue Box Press,,,
OL38055215M,2020,2020,Blue Box Press,,,
OL38052515M,2020,2020,Blue Box Press,,,
OL38047166M,2020,2020,Blue Box Press,,,
OL38047123M,2020,2020,"Evil Eye Concepts, Incorporated",,,
OL38045834M,2020,2020,"Evil Eye Concepts, Incorporated",,,
OL38353888M,2011,2011,Harlequin Enterprises ULC,,,
OL29773711M,2017,2017,"Harlequin Enterprises, Limited",,,
OL29691188M,1998,1998,"Harlequin Enterprises, Limited",,,
OL29263658M,2015,2015,"Harlequin Mills & Boon, Limited",,,
OL29033593M,2008,2008,"Harlequin Mills & Boon, Limited",,,
OL28950780M,1998,1998,"Harlequin Mills & Boon, Limited",,,
OL10743019M,1999,1999,Harlequin,,,
OL10241081M,December 1998,1998,Chivers North America,,,
OL18768923M,1998,1998,Mills & Boon,Richmond,enk,Mills & Boon presents -- P171
OL38386868M,1979,1979,Harlequin Enterprises ULC,,,
OL38386868M,1979,1979,Harlequin Books,,,
OL24238949M,1973,1973,Harlequin Books,Toronto,onc,
OL21223496M,1970,1970,Mills & Boon,London,xxk,
OL10691082M,1979,1979,Harlequin,,,
OL14981161M,1985,1985,Mills & Boon,London,xxk,Best seller romance
OL22726885M,1978,1978,Mills and Boon,London,xxk,
OL10690365M,1977,1977,Harlequin,"Toronto, Canada",,Harlequin Romance #1067
OL37821190M,December 1966,1966,Harlequin,"Winnipeg, Canada",,Harlequin Romance #1067
OL37821158M,April 1966,1966,Mills & Boon,"London, UK",,Mills & Boon Romance #204
OL19036585M,1966,1966,Mills & Boon,"London, UK",xxk,
OL20775343M,1977,1977,Lythway Press,Bath,xxk,
OL1873986M,1990,1990,Curley,"South Yarmouth, Ma",mau,
OL22824453M,1991,1991,Atlantic large print,,enk,
OL17221799M,1977,1977,Mills & Boon,London,xxk,Mills & Boon Classics #121
OL10691427M,"May 1, 1985",1985,Harlequin,,,"Yesterday - 11, Harlequin Romance - 2696,Mills & Boon Romance - 3545"
OL14976436M,1977,1977,Mills & Boon,London,xxk,
OL14981962M,1991,1991,Mills & Boo,,enk,
OL59468778M,"Nov 01, 2013",2013,dtv Verlagsgesellschaft,,,
OL40218490M,"Sep 20, 2022",2022,Simon & Schuster Audio and Blackstone Publishing,,,
OL27165844M,2014,2014,南海出版公司,Haikou Shi,cc,Du ke. Quan qiu ding ji chang xiao xiao shuo wen ku -- 119
OL36712634M,2015,2015,"Simon & Schuster, Limited",,,
OL36802306M,2015,2015,"Editorial Planeta, S. A.",,,
OL35455551M,"Nov 02, 2014",2014,Epsilon Yayinevi,,,
OL27809970M,2014,2014,Wydawnictwo W.A.B.,"Warszawa, Poland",,
OL37747470M,2012,2012,[CreateSpace],"Charleston, South Carolina]",scu,Slammed series -- [1]
OL33987816M,2012,2012,Atria Books,,,
OL34478506M,2013,2013,"Simon & Schuster, Limited",,,
OL27929153M,2018,2018,YA!-Grupa Wydawnicza Foksal,,,
OL27144896M,2012,2012,Atria Paperback,New York,nyu,
OL20717821M,1987,1987,Bianca,Athena,gr ,Arlekin -- 854
OL29243014M,2013,2013,"Harlequin Mills & Boon, Limited",,,
OL9513552M,January 2002,2002,Soundings,,,
OL9513552M,January 2002,2002,Soundings Ltd,,,
OL10280658M,1987,1987,Mills And Boon,,,
OL9697441M,September 1989,1989,MacMillan Publishing Company,,,
OL9438938M,1998,1998,Mills And Boon,,,
OL7421985M,"June 1, 1999",1999,harlequin,,,
OL9361564M,"February 1, 1988",1988,harlequin,,,"Harlequin Presents, No 1057"
OL9361564M,"February 1, 1988",1988,Harlequin,,,"Harlequin Presents, No 1057"
OL24381749M,1988,1988,Harlequin,Toronto,onc,
OL22380110M,1993,1993,Magna Large Print Bks.,Long Preston,enk,
OL10738477M,April 1987,1987,Harlequin Books,America,,
OL10738477M,April 1987,1987,Harlequin,America,,
OL14981209M,June 1986,1986,Mills & Boon,London,xxk,
OL10807106M,May 1993,1993,Ulverscroft Large Print,,,
OL10807106M,May 1993,1993,Magna Large Print Books,,,
OL38270779M,2013,2013,Harlequin Enterprises ULC,,,
OL38357220M,2012,2012,Harlequin Enterprises ULC,,,
OL29783129M,2018,2018,"Harlequin Enterprises, Limited",,,
OL29152053M,2012,2012,"Harlequin Mills & Boon, Limited",,,
OL28950418M,1995,1995,"Harlequin Mills & Boon, Limited",,,
OL9747566M,"October 1, 1995",1995,Harlequin,,,
OL9750254M,"October 1, 1995",1995,Harlequin,,,
OL9745419M,"October 1, 1995",1995,Harlequin,,,
OL9750790M,November 1995,1995,Thorndike Pr,,,
OL17207889M,1995,1995,Mills &Boon,Richmond,enk,
OL9748049M,November 1995,1995,Thorndike Pr,,,
OL31992151M,2000,2000,Harlequin,Paris,fr,Collection Azur -- 2016
OL9752090M,1991,1991,Mills and Boon,,,
OL9749227M,1991,1991,Mills and Boon,,,
OL16522162M,1991,1991,Mills & Boon,London,xxk,
OL9750733M,September 1991,1991,MacMillan Publishing Company,,,
OL9748521M,September 1991,1991,MacMillan Publishing Company,,,
OL9750715M,"May 1, 1992",1992,harlequin,,,
OL9745722M,"May 1, 1992",1992,harlequin,,,
OL9747979M,"May 1, 1992",1992,harlequin,,,
OL31910825M,1985,1985,,Mills and Boon,xx,
OL29264343M,2015,2015,"Harlequin Mills & Boon, Limited",,,
OL16830116M,1991,1991,Mills & Boon,London,xxk,Bestseller Romance Series
OL17363570M,1985,1985,Mills & Boon,Richmond,xxk,
OL17363570M,1985,1985,Harlequin Mills & Boon,Richmond,xxk,
OL10738391M,"January 1, 1986",1986,Harlequin,,,"Harlequin Presents, No 850"
OL44175236M,2016,2016,"Harlequin Mills & Boon, Limited",,,
OL22568185M,1992,1992,Magna,Long Preston,enk,
OL17371302M,1988,1988,Mills & Boon,Richmond,xxk,
OL10738607M,"January 1, 1989",1989,Harlequin,,,"Harlequin Presents, No 1143"
OL10807085M,August 1992,1992,Ulverscroft Large Print,,,
OL17255651M,1987,1987,Mills & Boon,Surrey,xxk,
OL9747434M,"October 1, 1988",1988,Harlequin,,,
OL9746776M,"October 1, 1988",1988,Harlequin,,,
OL9752238M,"October 1, 1988",1988,Harlequin,,,
OL27180374M,2015,2015,Hugo et compagnie,Paris,fr,New romance
OL28125626M,"Mar 12, 2019",2019,Gallery Books,,,
OL28125628M,"Mar 12, 2019",2019,Simon & Schuster Audio and Blackstone Audio,,,
OL30786654M,"Apr 04, 2019",2019,Simon and Schuster UK,,,
OL30786654M,"Apr 04, 2019",2019,Gallery Books,,,
OL30786655M,"Apr 04, 2019",2019,Simon and Schuster UK,,,
OL30786655M,"Apr 04, 2019",2019,Gallery Books,,,
OL31853390M,"Oct 21, 2014",2014,Gallery Books,,,
OL31853389M,"Oct 21, 2014",2014,Gallery Books,,,
OL31853818M,"Jun 05, 2018",2018,Booket,,,
OL31853819M,"Jun 05, 2018",2018,Booket,,,
OL37815226M,2019,2019,OMG Books,,,
OL26320905M,2014,2014,,,nyu,After Series
OL18817745M,1986,1986,Mills & Boon,London,xxk,
OL21310545M,1988,1988,Mills and Boon,,xxk,
OL10239116M,June 1988,1988,MacMillan Publishing Company,,,
OL10738506M,"August 1, 1987",1987,harlequin,,,"Harlequin Presents, No 1010"
OL14978606M,1988,1988,Mills & Boon,,xxk,
OL14981545M,1988,1988,Mills & B.,,xxk,
OL24215468M,1989,1989,Harlequin Books,Toronto,onc,Harlequin presents -- 1170
OL10738627M,"April 1, 1989",1989,harlequin,,,"Harlequin Presents, No 1170"
OL10738627M,"April 1, 1989",1989,Harlequin,,,"Harlequin Presents, No 1170"
OL29559097M,1993,1993,"Harlequin Enterprises, Limited",,,
OL18422297M,1993,1993,Mills & Boon,Richmond,enk,
OL18422297M,1993,1993,HARLEQUIN MILLS BOON,Richmond,enk,
OL10239725M,September 1993,1993,MacMillan Publishing Company,,,
OL17411507M,1993,1993,Mils& Boon,"Richmond, Surrey",enk,
OL9744237M,April 1990,1990,Thorndike Pr,,,(Harlequin Large Print Series)
OL9573269M,"September 1, 1990",1990,Harlequin Books,Toronto,onc,"Harlequin Presents, No 1310"
OL9573269M,"September 1, 1990",1990,Harlequin,Toronto,onc,"Harlequin Presents, No 1310"
OL9734207M,1989,1989,Mills And Boon,,,
OL10738115M,1981,1981,Harlequin,,,
OL10738115M,1981,1981,Mills And Boon,,,
OL14977254M,1981,1981,Mills & Boon,London,xxk,
OL14980278M,1981,1981,Mills & Boon,London,xxk,
OL14981361M,1987,1987,Mills & B.,,xxk,
OL14981361M,1987,1987,Harlequin Mills & Boon,,xxk,
OL35887226M,1991,1991,Thorndike Press,,,
OL28974110M,1991,1991,"Harlequin Mills & Boon, Limited",,,
OL18053351M,1994,1994,Mills & Boon,"Richmond, Surrey",enk,Favourites
OL1648661M,1991,1991,Mills & Boon,"Richmond, Surrey",enk,Romance ;
OL10738857M,"April 1, 1992",1992,harlequin,,,"Harlequin Presents, No. 1458"
OL10738857M,"April 1, 1992",1992,Harlequin,,,"Harlequin Presents, No. 1458"
OL29264439M,2015,2015,"Harlequin Mills & Boon, Limited",,,
OL10738648M,"July 1, 1989",1989,Harlequin,,,"Harlequin Presents, No 1193"
OL17236886M,1988,1988,Mills & Boon,Richmond,xxk,
OL38275638M,2014,2014,Harlequin Enterprises ULC,,,
OL38353157M,2011,2011,Harlequin Enterprises ULC,,,
OL29798343M,2018,2018,"Harlequin Enterprises, Limited",,,
OL29151912M,2012,2012,"Harlequin Mills & Boon, Limited",,,
OL28950431M,1995,1995,"Harlequin Mills & Boon, Limited",,,
OL28950431M,1995,1995,Harlequin Mills & Boon,,,
OL24843170M,1996,1996,Harlequin Books,Toronto,onc,Wedlocked!
OL24843170M,1996,1996,Harlequin Books,New York,onc,Wedlocked!
OL24755934M,1996,1996,Harlequin Books,Toronto,onc,Wedlocked!
OL24755934M,1996,1996,Harlequin Books,New York,onc,Wedlocked!
OL17404380M,1995,1995,Mills & Boon,Richmond,enk,
OL10240316M,October 1996,1996,Thorndike Press,,,
OL10739112M,"February 1, 1996",1996,Harlequin,,,Harlequin Presents No 1799
OL14977575M,1982,1982,Mills & Boon,London,xxk,
OL17434943M,1983,1983,Mills & Boon,London,xxk,Mills & Boon romance
OL14981585M,1988,1988,Mills & B.,,xxk,
OL9604150M,"January 1, 1983",1983,Harlequin,,,
OL29784098M,2018,2018,"Harlequin Enterprises, Limited",,,
OL29264502M,2015,2015,"Harlequin Mills & Boon, Limited",,,
OL9599446M,1980,1980,Harlequin Books,,,
OL14976827M,1979,1979,Mills and Boon,London,xxk,
OL14976827M,1979,1979,Harlequin Mills & Boon,London,xxk,
OL11383501M,June 1989,1989,G K Hall Audio Books,,,
OL38271705M,2011,2011,Harlequin Enterprises ULC,,,
OL29663919M,2011,2011,"Harlequin Enterprises, Limited",,,
OL29127386M,2012,2012,"Harlequin Mills & Boon, Limited",,,
OL29106550M,2011,2011,"Harlequin Mills & Boon, Limited",,,
OL25016349M,2011,2011,Thorndike Press,"Waterville, Me",meu,Thorndike Press large print clean reads
OL9415471M,December 1982,1982,Harlequin,,,"Harlequin Romance, 2520"
OL9420828M,October 2006,2006,Ulverscroft Large Print,,,
OL14977436M,1982,1982,Mills & Boon,London,xxk,
OL19412265M,1997,1997,Mills & Boon,Richmond,enk,Betty Neels -- 25
OL9378907M,September 1999,1999,Harlequin Books,,,
OL9636933M,October 1984,1984,Thorndike Pr (Largeprint),,,
OL7416954M,"August 8, 2006",2006,Harlequin,,,
OL29264357M,2015,2015,"Harlequin Mills & Boon, Limited",,,
OL28973771M,1982,1982,"Harlequin Mills & Boon, Limited",,,
OL28973771M,1982,1982,London : Mills & Boon,,,
OL9566454M,June 1991,1991,Thorndike Pr,,,
OL18361887M,1988,1988,Mills & Boon,London,xxk,Bestseller Romance
OL18361887M,1988,1988,Harlequin Mills & Boon,London,xxk,Bestseller Romance
OL14977564M,1982,1982,Mills & Boon,London,xxk,
OL20121316M,1982,1982,Mills and Boon,,xxk,
OL9315113M,January 1983,1983,Harlequin Books,Canada,,
OL9315113M,January 1983,1983,Harlequin,Canada,,
OL9740569M,September 2001,2001,Ulverscroft Large Print,,,
OL9740569M,September 2001,2001,Brand: Dales Large Print,,,
OL9740569M,September 2001,2001,Dales large print Books,,,
OL10239196M,February 1990,1990,MacMillan Publishing Company,,,
OL14981635M,1989,1989,Mills & Boon,,xxk,
OL10691680M,"September 1, 1989",1989,Harlequin,,,"Harlequin Romance, No 3011"
OL15315164M,1992,1992,Harlequin,Toronto,pl ,
OL15315164M,1992,1992,Harlequin,Warszawa,pl ,
OL21376207M,1991,1991,Harlequin Holland,,ne ,
OL21424536M,1990,1990,Mondatori,Milan,it ,
OL21893165M,1990,1990,Harlequin,Tokyo,ch ,
OL21259243M,1991,1991,Harlekin Kirjat,Stockholm,sw ,
OL21626286M,1993,1993,Sabrina Harlequin,Lisboa,po ,
OL21626272M,1990,1990,Harlequin Española,Madrid,sp ,
OL29763354M,2017,2017,"Harlequin Enterprises, Limited",,,
OL29242971M,2013,2013,"Harlequin Mills & Boon, Limited",,,
OL22221985M,1989,1989,Mills & Boon,Richmond,xxk,
OL10239203M,"February 10, 1990",1990,Harlequin Mills & Boon Ltd (Large Print Books),,,
OL10280681M,1989,1989,Harlequin Books,,,
OL18107578M,1989,1989,Mills & Boon,Richmond,xxk,Collector's edition
OL10738635M,"May 1, 1989",1989,harlequin,,,"Harlequin Presents, No 1180"
OL10738635M,"May 1, 1989",1989,Harlequin,,,"Harlequin Presents, No 1180"
OL24947317M,1989,1989,Harlequin Books,Toronto,onc,Harlequin presents -- 1180
OL29758381M,2017,2017,"Harlequin Enterprises, Limited",,,
OL29264507M,2015,2015,"Harlequin Mills & Boon, Limited",,,
OL17892830M,1986,1986,Mills & Boon,London,xxk,
OL17892830M,1986,1986,Harlequin Mills & Boon,London,xxk,
OL9750869M,January 1992,1992,G K Hall & Co,,,
OL18521289M,1992,1992,Mills & Boon,Richmond,enk,Bestseller Romance series
OL18521289M,1992,1992,Harlequin Mills & Boon,Richmond,enk,Bestseller Romance series
OL9747631M,January 1992,1992,G K Hall & Co,,,
OL18425894M,1992,1992,Chivers Press,Bath,enk,A Lythway book
OL18425894M,1992,1992,Chivers Press,Bath,enk,Lythway Large Print Books
OL9745935M,January 1992,1992,G K Hall & Co,,,
OL9745935M,January 1992,1992,Brand: G K Hall n Co,,,
OL9741352M,"November 1, 1986",1986,Harlequin,,,"Harlequin Presents, No 939"
OL29264481M,2015,2015,"Harlequin Mills & Boon, Limited",,,
OL14977653M,February 1983,1983,Mills & Boon,London,xxk,
OL14981685M,1989,1989,Mills & Boon,UK,xxk,
OL9623680M,April 1983,1983,Mills & Boon,UK,,
OL24950263M,June 1983,1983,Harlequin,Canada,onc,
OL38290807M,2014,2014,Harlequin Enterprises ULC,,,
OL34872133M,2014,2014,Harlequin Enterprises ULC,,,
OL29247535M,2014,2014,"Harlequin Mills & Boon, Limited",,,
OL10738274M,"March 15, 1984",1984,harlequin,,,
OL10738274M,"March 15, 1984",1984,Harlequin,,,
OL14977837M,1983,1983,Mills & Boon,London,xxk,
OL10239046M,"February 14, 1986",1986,Harlequin Mills & Boon,,,
OL14980839M,1984,1984,Mills & Boon,London,xxk,
OL24411167M,1984,1984,Harlequin,Toronto,onc,Harlequin presents
OL24411167M,1984,1984,Harlequin,New York,onc,Harlequin presents
OL16521982M,May 1986,1986,Mills & Boon,England,xxk,
OL9736426M,"October 1, 1986",1986,Harlequin,,,
OL17433641M,1988,1988,Mills & Boon,Surrey,xxk,ROmance
OL24951976M,1990,1990,Harlequin Books,Toronto,onc,Harlequin Presents -- 1238
OL24951976M,1990,1990,Harlequin Books,New York,onc,Harlequin Presents -- 1238
OL24951976M,1990,1990,Harlequin,Toronto,onc,Harlequin Presents -- 1238
OL24951976M,1990,1990,Harlequin,New York,onc,Harlequin Presents -- 1238
OL24972260M,1990,1990,Harlequin Books,Toronto,onc,Harlequin Presents -- 1238
OL24972260M,1990,1990,Harlequin Books,New York,onc,Harlequin Presents -- 1238
OL9746982M,"December 1, 1989",1989,harlequin,,,
OL9752526M,"December 1, 1989",1989,harlequin,,,
OL9749628M,"December 1, 1989",1989,harlequin,,,
OL9747240M,"October 8, 1993",1993,Harlequin Mills & Boon,,,
OL9749920M,"October 8, 1993",1993,Harlequin Mills & Boon,,,
OL10738837M,"January 1, 1992",1992,Harlequin,,,"Harlequin Presents, No 1433"
OL10280988M,1993,1993,Mills And Boon,,,
OL10239724M,September 1993,1993,MacMillan Publishing Company,,,
OL10239724M,September 1993,1993,Thorndike Press,,,
OL44096885M,1998,1998,"Harlequin Mills & Boon, Limited",,,
OL38352156M,2011,2011,Harlequin Enterprises ULC,,,
OL29800729M,2019,2019,"Harlequin Enterprises, Limited",,,
OL29151671M,2012,2012,"Harlequin Mills & Boon, Limited",,,
OL28950958M,1998,1998,"Harlequin Mills & Boon, Limited",,,
OL9613118M,"May 1, 1999",1999,Harlequin,,,"Harlequin Presents, 2033"
OL9742610M,April 1999,1999,Harlequin Books,,,
OL38344800M,2001,2001,Harlequin Enterprises ULC,,,
OL38271588M,2013,2013,Harlequin Enterprises ULC,,,
OL38357055M,2012,2012,Harlequin Enterprises ULC,,,
OL29793484M,2018,2018,"Harlequin Enterprises, Limited",,,
OL29151999M,2012,2012,"Harlequin Mills & Boon, Limited",,,
OL28974638M,1994,1994,"Harlequin Mills & Boon, Limited",,,
OL28974638M,1994,1994,Mills & Boon,,,
OL9752484M,October 1994,1994,MacMillan Publishing Company,,,"Harlequin Presents - 1695, Mills & Boon Modern (Australia), Mills & Boon Romance - 4062"
OL9749585M,October 1994,1994,MacMillan Publishing Company,,,
OL9746950M,October 1994,1994,MacMillan Publishing Company,,,
OL9742578M,"October 1, 1994",1994,Harlequin,,,"Harlequin Presents Plus, No 1695"
OL17413527M,1994,1994,Mills & B.,,enk,
OL48764246M,2023,2023,HarperCollins Publishers,,,
OL32342708M,"Sep 14, 2021",2021,HarperCollins,,,
OL45054105M,"November 15, 2011",2011,HarperCollins Publishers Publication date,,,
OL29697592M,2014,2014,HarperCollins Publishers Limited,,,
OL39819953M,"Mar 15, 2022",2022,Bloom Books,,,
OL39958356M,2022,2022,"Sourcebooks, Incorporated",,,
OL37427842M,2015,2015,CreateSpace Independent Publishing Platform,,,
OL35031609M,2022,2022,No Bird Press,,,
OL29755235M,"Jun 29, 2015",2015,Sierra Simone,,,
OL9751897M,"February 1, 1984",1984,harlequin,,,
OL9749057M,"February 1, 1984",1984,harlequin,,,
OL9746541M,"February 1, 1984",1984,harlequin,,,
OL9746541M,"February 1, 1984",1984,Harlequin,,,
OL17396879M,1984,1984,Mills & Boon,London,xxk,
OL2704114M,1983,1983,Mills & Boon,London,enk,
OL49346577M,2022,2022,Unknown,,,
OL48577313M,2022,2022,Gu Linfgfei,,,
OL47774735M,2015,2015,Create space publishing,,,
OL47620937M,2022,2022,Unknown,,,
OL47620785M,2022,2022,Unknown,,,
OL2675938M,1982,1982,Mills & Boon,London,enk,
OL14980480M,1982,1982,Mills & Boon,London,xxk,
OL10738193M,"January 1, 1983",1983,harlequin,,,
OL10738193M,"January 1, 1983",1983,Harlequin,,,
OL24941013M,1983,1983,Harlequin Books,Toronto,onc,
OL24941013M,1983,1983,Harlequin Books,New York,onc,
OL28973935M,1979,1979,"Harlequin Mills & Boon, Limited",,,
OL31986854M,April 1985,1985,Mills & Boon,London,,
OL31986851M,June 1979,1979,Mills & Boon,London,,
OL24382038M,September 1979,1979,Harlequin Books,Toronto,onc,
OL21220705M,April 1979,1979,Mills & Boon,London,xxk,
OL29589204M,2007,2007,"Harlequin Enterprises, Limited",,,
OL29135944M,2012,2012,"Harlequin Mills & Boon, Limited",,,
OL28954515M,2002,2002,"Harlequin Mills & Boon, Limited",,,
OL9747151M,March 2003,2003,Harlequin Books,,,
OL9749830M,March 2003,2003,Harlequin Books,,,
OL9745102M,March 2003,2003,Harlequin Books,,,
OL9749482M,"August 2, 2002",2002,Harlequin Mills & Boon,,,
OL9749482M,"August 2, 2002",2002,Harlequin Mills & Boon Ltd,,,
OL9752374M,"August 2, 2002",2002,Harlequin Mills & Boon,,,
OL9743008M,"July 1, 2003",2003,Harlequin,,,Greek Tycoons
OL9858486M,"July 10, 2007",2007,Harlequin,,,
OL9858486M,"July 10, 2007",2007,Harlequin Readers' Choice,,,
OL60840262M,2025,2025,Hodder & Stoughton,,,
OL40033160M,"January 12, 2022",2022,Bloom Books,,,Knockemout
OL46528929M,"May 01, 2023",2023,Center Point,,,Knockemout
OL52216508M,"December 25, 2024",2024,Bloom Books,,,Knockemout
OL38337597M,"July 14, 2022",2022,Hodder & Stoughton,,,Knockemout
OL37535002M,"January 13, 2022",2022,"That's What She Said Publishing, Incorporated",,,Knockemout
OL36542796M,"January 12, 2022",2022,"That's What She Said Publishing, Incorporated",,,Knockemout
OL51330501M,2013,2013,Atria Books,,,
OL47324904M,"Sep 15, 2014",2014,"Recorded Books, Inc. and Blackstone Publishing",,,
OL49799723M,2022,2022,Moondrive,Kraków,,
OL49799720M,2022,2022,Moondrive,Kraków,,
OL35651308M,"Jan 03, 2017",2017,Epsilon Yayınları,,,
OL27727196M,"Apr 01, 2015",2015,dtv Verlagsgesellschaft,,,
OL33439293M,2013,2013,"Simon & Schuster, Limited",,,
OL35773013M,2013,2013,"Simon & Schuster, Limited",,,
OL27809975M,2015,2015,Wydawnictwo Otwarte,"Kraków, Poland",,
OL27809975M,2015,2015,Otwarte,"Kraków, Poland",,
OL26918886M,2013,2013,Atria Paperback,"New York City, USA",nyu,
OL22166304M,1995,1995,Mills & Boon,Richmond,enk,Favourites
OL1612903M,1989,1989,Mills & Boon,"Richmond, Surrey",enk,Romance ;
OL1612903M,1989,1989,Mills & Boon,"Richmond, Surrey",enk,3122
OL10807204M,July 1994,1994,Ulverscroft Large Print,,,
OL10807204M,July 1994,1994,Magna Large Print Books,,,
OL22593817M,1989,1989,Mills & Boon,,xxk,
OL10738735M,"September 1, 1990",1990,Harlequin,,,"Harlequin Presents - 1309, Mills & Boon Best Seller (reissues) - 775, Mills & Boon Romance - 3114"
OL38371832M,2015,2015,Harlequin Enterprises ULC,,,Greek Tycoons
OL38368111M,2014,2014,Harlequin Enterprises ULC,,,Greek Tycoons
OL38291165M,2014,2014,Harlequin Enterprises ULC,,,Greek Tycoons
OL29596541M,2010,2010,"Harlequin Enterprises, Limited",,,
OL29245103M,2014,2014,"Harlequin Mills & Boon, Limited",,,Greek Tycoons
OL28953298M,2002,2002,"Harlequin Mills & Boon, Limited",,,Greek Tycoons
OL28953335M,2002,2002,"Harlequin Mills & Boon, Limited",,,Greek Tycoons
OL9750474M,"February 1, 2003",2003,harlequin,,,Greek Tycoons
OL9745581M,"February 1, 2003",2003,harlequin,,,Greek Tycoons
OL9747778M,"February 1, 2003",2003,Harlequin,,,Greek Tycoons
OL9752564M,February 2003,2003,Thorndike Press,,,Greek Tycoons
OL9749664M,February 2003,2003,Thorndike Press,,,Greek Tycoons
OL56884344M,2024,2024,Editorial Planeta Mexicana,,,Devil's Night 1
OL52553172M,2024,2024,"Little, Brown Book Group Limited",,,
OL47691497M,"November 13, 2015",2015,‎CreateSpace Independent Publishing Platform,,,
OL48447846M,2023,2023,Penguin Publishing Group,,,
OL32499504M,"Mar 22, 2016",2016,Tantor Audio,,,
OL28300621M,"Nov 13, 2015",2015,CreateSpace Independent Publishing Platform,,,
OL1610727M,1989,1989,Mills & Boon,"Richmond, Surrey [England]",enk,Romance ;
OL1610727M,1989,1989,Mills & Boon,"Richmond, Surrey [England]",enk,3155
OL17370211M,1989,1989,Mills & Boon,,xxk,
OL17370211M,1989,1989,Harlequin Mills & Boon,,xxk,
OL17300186M,1990,1990,Mills & Boon,Richmond,xxk,
OL17300186M,1990,1990,Harlequin Mills & Boon Ltd,Richmond,xxk,
OL24939200M,1990,1990,Harlequin Books,Toronto,onc,Harlequin presents -- 1278
OL24939200M,1990,1990,Harlequin Books,New York,onc,Harlequin presents -- 1278
OL24974171M,1990,1990,Harlequin Books,Toronto,onc,Harlequin presents -- 1278
OL24974171M,1990,1990,Harlequin Books,New York,onc,Harlequin presents -- 1278
OL10738712M,"May 1, 1990",1990,harlequin,,,"Harlequin Presents, No 1278"
OL24976491M,1990,1990,Harlequin Books,Toronto,onc,Harlequin presents -- 1278
OL24976491M,1990,1990,Harlequin Books,New York,onc,Harlequin presents -- 1278
OL28973600M,1980,1980,Mills & Boon Limited,London,,
OL10280580M,1981,1981,Mills & Boon,London,,Mills & Boon Romance - 1741
OL10691226M,1981,1981,Harlequin Mills & Boon,,,
OL10738553M,"April 1, 1988",1988,Harlequin,,,
OL14981397M,1987,1987,Mills & Boon,,xxk,
OL14981397M,1987,1987,Harlequin Mills & Boon,,xxk,
OL14978485M,1987,1987,Mills & Boon Ltd,Surrey,xxk,
OL28002476M,"March 1, 2020",2020,Boekerij,,,The Folk of the Air
OL59126422M,2021,2021,Modan,Ben Shemen,is,Bene ha-ʻarafel -- 1
OL48258839M,2023,2023,"Little, Brown Books for Young Readers",,,
OL38538688M,2023,2023,LitJoy Crate,,,
OL39633592M,2018,2018,"Little, Brown Books for Young Readers",,,
OL32234215M,"Jan 02, 2018",2018,"Little, Brown Young Readers",,,
OL28682069M,2020,2020,Hidra,,,
OL46528859M,2018,2018,Hot Key Books,Kindle,,The Folk of the Air
OL28292985M,2018,2018,"Little, Brown and Company",,,
OL26940602M,2018,2018,"Little, Brown Young Readers",,nyu,Folk of the air -- 1
OL26694821M,2018,2018,"Little, Brown Books for Young Readers",,,
OL26782186M,"Jul 26, 2018",2018,Hot Key Books,,,
OL27099606M,"Dec 04, 2018",2018,"Little, Brown Books for Young Readers",,,
OL27292928M,,,Hot Key Books,,,
OL28153628M,"Jan 02, 2018",2018,"Little, Brown Young Readers",,,
OL28478001M,"Jan 02, 2018",2018,Bolinda/Bonnier audio,Great Britain,,The folk of the Air
OL42225095M,2018,2018,Holly black,,,
OL26435884M,2018,2018,"Little, Brown and Company","New York, USA",,The Folk of the Air
OL29242975M,2013,2013,"Harlequin Mills & Boon, Limited",,,
OL28973754M,1982,1982,"Harlequin Mills & Boon, Limited",,,
OL2738323M,1987,1987,Chivers Press,"Bath, England",enk,Atlantic large print
OL2738323M,1987,1987,Chivers Press,"South Yarmouth, Mass., USA",enk,Atlantic large print
OL2738323M,1987,1987,J. Curley,"Bath, England",enk,Atlantic large print
OL2738323M,1987,1987,J. Curley,"South Yarmouth, Mass., USA",enk,Atlantic large print
OL18427250M,1982,1982,Mills & Boon,London,xxk,Collector's edition
OL20130268M,1998,1998,Mills & Boon,London,xxk,Collector's edition
OL14977422M,1982,1982,Mills & Boon,London,xxk,
OL9396517M,"July 1, 1982",1982,Harlequin Books,,,Harlequin Presents # 517
OL9396517M,"July 1, 1982",1982,Harlequin Books (Mm),,,Harlequin Presents # 517
OL24934924M,1982,1982,Harlequin,Toronto,nyu,
OL24934924M,1982,1982,Harlequin,New York,nyu,
OL24934924M,1982,1982,"Harlequin Enterprises, Limited",Toronto,nyu,
OL24934924M,1982,1982,"Harlequin Enterprises, Limited",New York,nyu,
OL37755966M,1975,1975,Harlequin Books,Toronto,onc,Harlequin Presents #81
OL38386625M,1979,1979,Harlequin Enterprises ULC,,,
OL10280500M,1974,1974,Mills & Boon,,,
OL14975934M,1974,1974,Mills and Boon,London,xxk,
OL24238836M,1979,1979,Harlequin Books,Toronto,onc,
OL24238836M,1979,1979,Harlequin Books,London,onc,
OL24238836M,1979,1979,Harlequin,Toronto,onc,
OL24238836M,1979,1979,Harlequin,London,onc,
OL14980255M,1980,1980,Mills & B.,,xxk,
OL24554218M,1979,1979,Harlequin Books,Toronto,onc,
OL24554218M,1979,1979,Harlequin Books,London,onc,
OL11585382M,1977,1977,Harlequin,,,"Harlequin Presents, 81"
OL29763294M,2017,2017,"Harlequin Enterprises, Limited",,,
OL29264363M,2015,2015,"Harlequin Mills & Boon, Limited",,,
OL27923306M,March 1982,1982,Mills & Boon,UK,,Mills & Boon Romance #1885
OL18356833M,January 1982,1982,Mills & Boon,UK,enk,
OL17476629M,March 1988,1988,Mills & Boon,UK,xxk,Mills & Boon Best Seller Romance #600
OL20121410M,March 1982,1982,Mills and Boon,UK,xxk,Mills & Boon Romance #1885
OL10738150M,June 1982,1982,Harlequin Books,Canada,,Harlequin Presents #510
OL57388938M,14 of May 2019,2019,St. Martin's Griffin,,,
OL37811712M,2019,2019,SEGUINTE,,,
OL37811705M,2019,2019,Shwarcz S.A.,,,
OL52332504M,2022-04-19,2022,Penguin Random House Grupo Editorial,,,
OL51089078M,2022,2022,St. Martin's Press,,,
OL51509404M,May 2019,2019,st. martin's publishing group,,,
OL51152917M,2023,2023,Knaur Taschenbuch,,,
OL50539885M,2020,2020,Knaur,,,
OL48197722M,2023,2023,Pan Macmillan,,,
OL40235172M,"May 14, 2019",2019,St Martin's Griffin,,,
OL36639394M,"Mar 22, 2022",2022,Molino,,,
OL47765088M,14 May 2019,2019,St. Martin's Griffin,,,
OL47317897M,Mart 2022,2022,Ephesus Yayınları,,,
OL47317897M,Mart 2022,2022,Ephesus Yayinlari,,,
OL40201479M,2023,2023,St. Martin's Press,,,
OL40201479M,2023,2023,St. Martin's Griffin,,,
OL37986306M,2022,2022,Pan Macmillan,,,
OL37329271M,2022,2022,Pan Macmillan,,,
OL36884024M,2022,2022,St. Martin's Press,,,
OL36357162M,"Jun 01, 2021",2021,Turtleback,,,
OL31895535M,2019,2019,St. Martins Press,,,
OL32642974M,"Jun 17, 2020",2020,Proszynski,,,
OL30767344M,"May 14, 2019",2019,Macmillan Audio,,,
OL27632309M,2019 05,2019,St. Martin's Griffin,"New York, USA",,
OL27270721M,2019,2019,St. Martin's Griffin,"New York, USA",,
OL29755787M,2017,2017,"Harlequin Enterprises, Limited",,,
OL29264347M,2015,2015,"Harlequin Mills & Boon, Limited",,,
OL14977608M,1982,1982,Mills & Boon,London,xxk,
OL22394557M,1990,1990,Magna,Long Preston,xxk,
OL20121426M,1982,1982,Mills and Boon,,xxk,
OL22835446M,1983,1983,Mills and Boon,London,xxk,
OL24206331M,February 1983,1983,Harlequin Books,USA,onc,
OL24206331M,February 1983,1983,Harlequin,USA,onc,
OL14981682M,1989,1989,Mills & B.,,xxk,Bestseller RomanceS
OL14981682M,1989,1989,Harlequin Mills & Boon,,xxk,Bestseller RomanceS
OL11946253M,June 1982,1982,Thorndike Pr (Largeprint),,,
OL11900306M,May 2001,2001,Thorndike Press,,,Harlequin
OL37392594M,2012,2012,Harlequin Enterprises ULC,,,
OL38268326M,2013,2013,Harlequin Enterprises ULC,,,
OL29127329M,2012,2012,"Harlequin Mills & Boon, Limited",,,
OL28950989M,1998,1998,"Harlequin Mills & Boon, Limited",,,
OL26112068M,2010,2010,Harlequin,,,
OL10691244M,November 1981,1981,Pocket Books,,,
OL24967698M,1981,1981,Mills & Boon,London,xxk,
OL10280582M,1981,1981,Harlequin Books,,,
OL10282771M,"July 5, 2002",2002,Harlequin Mills & Boon,,,
OL14977156M,1981,1981,Mills & Boon,London,xxk,
OL10280402M,January 2007,2007,Ulverscroft Large Print,,,
OL10746962M,"June 1, 2001",2001,Harlequin,,,"Harlequin Romance,  2440"
OL29264477M,2015,2015,"Harlequin Mills & Boon, Limited",,,
OL18352249M,1988,1988,Mills & Boon,Richmond,xxk,
OL9418489M,"July 1, 1988",1988,harlequin,,,"Harlequin Presents, No 1100"
OL24936582M,1988,1988,Harlequin Books,Toronto,onc,Harlequin presents
OL24936582M,1988,1988,Harlequin Books,New York,onc,Harlequin presents
OL24980949M,1988,1988,Harlequin Books,Toronto,onc,
OL24980949M,1988,1988,Harlequin Books,New York,onc,
OL37438695M,2016,2016,Harlequin Enterprises ULC,,,
OL29592696M,2011,2011,"Harlequin Enterprises, Limited",,,
OL29136677M,2012,2012,"Harlequin Mills & Boon, Limited",,,
OL9636194M,March 2007,2007,Ulverscroft Large Print,,,
OL9306847M,"March 1, 2003",2003,Harlequin,,,
OL18138181M,1990,1990,Mills & Boon,,enk,
OL24208250M,1991,1991,Harlequin Books,Toronto,onc,Harlequin Romance -- 3105
OL24208250M,1991,1991,Harlequin Books,New York,onc,Harlequin Romance -- 3105
OL24208250M,1991,1991,Harlequin,Toronto,onc,Harlequin Romance -- 3105
OL24208250M,1991,1991,Harlequin,New York,onc,Harlequin Romance -- 3105
OL14978700M,1990,1990,Mills & Boon,Richmond,xxk,
OL10282198M,"November 5, 1999",1999,Harlequin Mills & Boon,,,
OL9743615M,December 1990,1990,MacMillan Publishing Company,,,(Large Print Harlequin Romance Series)
OL10691074M,1979,1979,Harlequin,,,"Harlequin Romance, #2249"
OL10691074M,1979,1979,Harlequin Books,,,"Harlequin Romance, #2249"
OL60364625M,2024-07-23,2024,"Simon & Schuster, Limited",,,
OL40232570M,2016,2016,dtv,,,
OL60493763M,2016,2016,Atria,,,
OL47328533M,1/2/2022,2022,ccrv,,,
OL44897339M,"Dec 24, 2022",2022,Эксмо,,,
OL49294668M,2023,2023,Atria Books,,,
OL49829791M,2016,2016,Atria Paperback,,,
OL49829792M,2016,2016,Atria Paperback,,,
OL49829793M,2016,2016,Atria Paperback,,,
OL49829794M,2016,2016,Atria Paperback,,,
OL49829795M,2016,2016,Atria Paperback,,,
OL49829796M,2016,2016,Atria Paperback,,,
OL49829797M,2016,2016,Atria Paperback,,,
OL49829798M,2016,2016,Atria Paperback,,,
OL49829799M,2016,2016,Atria Paperback,,,
OL49351534M,29 February 2015,2015,Atria books,,,
OL49646684M,2016,2016,Atria Books,,,
OL40224862M,2017,2017,TopSeller,"New York,USA",,
OL46524413M,2017,2017,TOPseler,,,
OL46524413M,2017,2017,TopSeller,,,
OL51108597M,2024,2024,Atria Books,,,
OL50525389M,2020,2020,Colleen Hoover,,,
OL47323735M,2012,2012,Penguin,,,
OL49230721M,2016,2016,Simon & Shuster,,,
OL48596657M,11/07/2023,2023,Athreya,,,
OL48596656M,11/07/2023,2023,Athreya,,,
OL48596655M,11/07/2023,2023,Athreya,,,
OL48596654M,11/07/2023,2023,Athreya,,,
OL48596653M,11/07/2023,2023,Athreya,,,
OL47323734M,2012,2012,Penguin,,,
OL46849212M,2016,2016,Atria,,,
OL42883035M,2016,2016,Simon & Schuster,,,
OL40233705M,2022,2022,Atria Paperback,,,
OL39816056M,2016,2016,Colleen Hoover,,,
OL37736394M,"May 04, 2022",2022,Editorial Planeta,,,
OL35366895M,"Oct 28, 2021",2021,Epsilon Yayinevi,,,
OL36214401M,"Nov 10, 2017",2017,dtv Verlagsgesellschaft,München,,
OL35891593M,2018,2018,Galera Record,"Rio de Janeiro, Brazil",,
OL35256642M,March 20th 2018,2018,Uitgeverij Zomer & Keuning,"Utrecht, Netherlands",,
OL35256642M,March 20th 2018,2018,Z&K,"Utrecht, Netherlands",,
OL32956533M,"April 5th, 2018",2018,Hugo Poche,"Paris, France",,New romance (Éd. de poche)
OL32956532M,5 fevereiro 2018,2018,Galera Record,"Rio de Janeiro, Brazil",,
OL39223386M,"Aug 10, 2022",2022,Thorndike Press,"Waterville, Maine, USA",,Thorndike Press Large Print softcover romance and women's fiction
OL39479218M,"Aug 02, 2016",2016,Atria Paperback,"New York City, USA",,
OL38095018M,2022,2022,"Editorial Planeta, S. A.",Barcelona,,Planeta Internacional
OL35799667M,"August 2, 2016",2016,Simon & Schuster UK Ltd.,London,,
OL36137916M,"Aug 02, 2016",2016,Atria Books,"New York City, USA",,
OL37048559M,"May 25, 2022",2022,위즈덤 하우스,"고양시, Korea",,
OL35292977M,"Feb 29, 2016",2016,Atria Books,"New York City, USA",,
OL34033919M,"August 2, 2016",2016,Simon & Schuster UK Ltd.,London,,
OL29729888M,2016,2016,Atria Books,"New York City, USA",,
OL29837601M,28 July 2020,2020,Pocket Books,"New York City, USA",,
OL30570882M,1. Januar 2021,2021,Epsilon Yayınevi,İstanbul,,
OL30570883M,2021,2021,Simon & Schuster,"Sydney, Australia",,
OL27213498M,"August 2nd, 2016",2016,Simon & Schuster UK Ltd.,London,nyu,Part 1
OL27213498M,"August 2nd, 2016",2016,Simon & Schuster Ltd,London,nyu,Part 1
OL28220059M,"Feb 04, 2020",2020,Simon & Schuster Audio,"New York City, USA",,
OL26604553M,"October 10th, 2017",2017,Otwarte,"Kraków, Poland",,It ends with us (tom 1)
OL46526687M,"Jan 11, 2023",2023,Hugo Roman,,,
OL40208522M,"Jan 18, 2023",2023,Editorial Planeta,Barcelona,,
OL47067014M,2022,2022,"Great Britain by Simon & Schuster UK Ltd, 2022",,,
OL47067013M,2022,2022,"Great Britain by Simon & Schuster UK Ltd, 2022",,,
OL46256805M,2023,2023,"Editorial Planeta, S. A.",,,
OL40729418M,18/10/2022,2022,Galera Record,,,
OL40234145M,"October 18, 2022",2022,Atria Books,,,
OL48198961M,2023,2023,"Simon & Schuster, Limited",,,
OL49140417M,2023,2023,Thorndike Press,,,
OL46526659M,2022,2022,Otwarte,,,
OL43624118M,2022,2022,Atria,,,
OL41889877M,"October , 18 2022",2022,Atria Books,New york,,
OL41889781M,2022,2022,Simon & Schuster,,,
OL40231682M,2022,2022,Colleen Hoover,,,
OL40207502M,"October 18, 2022",2022,Collen Hoover,,,
OL40005138M,18 October 2022,2022,Atria,,,
OL37050436M,"Oct 18, 2022",2022,Atria Books,,,
OL41353147M,2022,2022,Colleen Hoover,,,
OL41089127M,18 October 2022,2022,Atria Books,,,
OL40234146M,"October 18, 2022",2022,Atria Books,,,
OL39651255M,2022,2022,Cengage Gale,,,
OL39209653M,"Oct 18, 2022",2022,Simon & Schuster Audio and Blackstone Publishing,,,
OL38323115M,2022,2022,"Simon & Schuster, Limited",,,
OL38059274M,2022,2022,Atria Books,,,
OL37857529M,2022 ,2022,Simon & Schuster,,,
OL37857529M,2022 ,2022,Simon & Schuster Ltd,,,
OL49950513M,2019,2019,Niezwykłe,Oświęcim,,
OL43363145M, 2016,2016,W.W. Norton,,,
OL43363112M, 2016,2016,W.W. Norton,,,
OL42024692M,2016,2016,Penelope Douglas LLC,,,
OL48903613M,2023,2023,Penguin Publishing Group,,,
OL39272166M,2022,2022,"Little, Brown Book Group Limited",,,
OL43363137M, 2016,2016,W.W. Norton,,,
OL43363133M, 2016,2016,W.W. Norton,,,
OL43363129M, 2016,2016,W.W. Norton,,,
OL43363126M, 2016,2016,W.W. Norton,,,
OL43363120M, 2016,2016,W.W. Norton,,,
OL43363118M, 2016,2016,W.W. Norton,,,
OL40234444M,21 October 2016,2016,New York Times,,,
OL39203166M,"Jun 29, 2022",2022,Crossbooks,,,
OL32560275M,"Jun 02, 2019",2019,NieZwykle,,,
OL31924968M,"Sep 12, 2017",2017,Audible Studios on Brilliance Audio,,,
OL31924968M,"Sep 12, 2017",2017,Audible Studios on Brilliance,,,
OL28169596M,"Oct 18, 2016",2016,CreateSpace Independent Publishing Platform,,,
OL10691179M,1980,1980,Harlequin,,,
OL10280745M,"September 13, 1991",1991,Harlequin Mills & Boon,,,
OL21220907M,1980,1980,Mills and Boon,London,xxk,
OL21084927M,1993,1993,Harmex,Mexico,mx ,Jazmin
OL10691218M,1981,1981,Harlequin,,,
OL10691218M,1981,1981,Harlequin Books,,,
OL14981752M,1989,1989,Mills & Boon,Richmond,xxk,Bestseller Romance
OL14980741M,1983,1983,Mills & Boon,London,xxk,
OL2704113M,1983,1983,Mills & Boon,London,enk,
OL9679787M,"December 15, 1983",1983,harlequin,,,Harlequin Presents # 658
OL9679787M,"December 15, 1983",1983,Harlequin,,,Harlequin Presents # 658
OL61638992M,2025,2025,Alfaguara,"Barcelona, España",,"Powerless, 1; Sin límites"
OL52654002M,2024,2024,"Bookish Box & Shop, The",,,
OL59414384M,"Oct 17, 2024",2024,OLYMPE,,,
OL52556338M,2024,2024,"Simon & Schuster, Limited",,,
OL51621343M,2024,2024,Penguin Random House Grupo Editorial,,,
OL49297283M,2023,2023,Lauren Roberts,,,
OL49296355M,2023,2023,"Roberts, Lauren",,,
OL48369768M,2023,2023,Simon & Schuster Books For Young Readers,,,
OL48316907M,2023,2023,Simon & Schuster Books For Young Readers,,,
OL48262168M,2023,2023,"Simon & Schuster, Limited",,,
OL48199602M,2023,2023,"Simon & Schuster, Limited",,,
OL51098487M,2023,2023,Simon & Schuster Books For Young Readers,,,
OL47124583M,1/31/2023,2023,Lauren Roberts,,,
OL14977904M,1984,1984,Mills & Boon,London,xxk,
OL10280695M,"March 9, 1990",1990,Harlequin Mills & Boon,,,
OL10239055M,"June 13, 1986",1986,Harlequin Mills & Boon,,,
OL10738301M,"July 15, 1984",1984,harlequin,,,Harlequin Presents No. 718
OL14976197M,1980,1980,Harlequin,,xxk,
OL14976197M,1980,1980,Harlequin Books,,xxk,
OL14980268M,1981,1981,Mills & B.,,xxk,
OL14979815M,1975,1975,Mills & Boon,London,xxk,
OL24372658M,1975,1975,Harlequin Books,Toronto,onc,Harlequin presents -- 109
OL24372658M,1975,1975,Harlequin Books,Winnipeg,onc,Harlequin presents -- 109
OL62083534M,17/03/2026,2026,Always Publishing,,,
OL61864918M,,,Unknown,,,
OL61802567M,,,Ingram Book Company,,,
OL61638446M,2026-02-24,2026,Montena,"Barcelona, España",,"Game Changers, 2"
OL48806102M,2023,2023,Rachel Reid,,,"Game Changers, 2"
OL39194216M,2023,2023,Harlequin Enterprises ULC,,,
OL34101901M,2019,2019,Harlequin Enterprises ULC,,,Game Changers
OL61516909M,,,,,,
OL38429115M,2022,2022,"Sourcebooks, Incorporated",,,
OL38429115M,2022,2022,Bloom Books,,,
OL56900534M,2024,2024,Editorial Planeta Mexicana,,,"Twisted, 3"
OL36978097M,2022,2022,Ana Huang,,,
OL37998217M,2022,2022,"Little, Brown Book Group Limited",,,
OL38183720M,2022,2022,Ana Huang,,,
OL36978096M,2022,2022,Ana Huang,,,
OL17558866M,1990,1990,Mills & Boon,,enk,
OL22727034M,1990,1990,Mills & Boon,"Richmond, Surrey",xxk,
OL21222645M,1990,1990,Mills & Boon,Richmond,xxk,
OL1646145M,1990,1990,Mills & Boon,"Richmond, Surrey",enk,Romance ;
OL1646145M,1990,1990,Mills & Boon,"Richmond, Surrey",enk,3294
OL10738804M,"August 1, 1991",1991,Harlequin,,,"Harlequin Presents, No 1393"
OL57760120M,2025,2025,Pocket Books,,,
OL58689742M,2018,2018,,,,
OL51334480M,2018,2018,Atria Books,,,
OL46835146M,17/07/2018,2018,Mondadori,,,
OL38565190M,24 julho 2019,2019,Galera,,,
OL37746151M,25. Oktober 2019,2019,dtv,,,
OL26963844M,2018,2018,Wydawnictwo Otwarte,"Kraków, Poland",,
OL38325202M,2022,2022,"Simon & Schuster, Limited",,,
OL34076180M,2018,2018,Simon & Schuster Australia,,,
OL34912092M,2018,2018,Atria Books,,,
OL28418464M,"Oct 17, 2018",2018,Thorndike Press Large Print,,,
OL28688758M,2018,2018,Simon & Schuster Australia,,,
OL32191856M,"Jul 17, 2018",2018,Atria Books,,,
OL32191857M,"Jul 17, 2018",2018,Simon & Schuster Audio,,,
OL32191857M,"Jul 17, 2018",2018,Simon & Schuster Audio and Blackstone Audio,,,
OL26961022M,2018,2018,,,nyu,
OL29264483M,2015,2015,"Harlequin Mills & Boon, Limited",,,
OL14978502M,1987,1987,Mills & Boon Ltd,Surrey,xxk,
OL22426445M,1987,1987,Mills & Boon,London,xxk,
OL9635064M,"August 1, 1988",1988,Harlequin,,,Harlequin Presents # 1105
OL17338824M,1994,1994,Mills & Boon,Richmond,enk,Favourites
OL19047839M,1991,1991,Mills & Boon,Richmond,enk,
OL19047839M,1991,1991,Harlequin Mills & Boon,Richmond,enk,
OL1641194M,1990,1990,Mills & Boon,"Richmond, Surrey",enk,Romance ;
OL1641194M,1990,1990,Mills & Boon,"Richmond, Surrey",enk,3426
OL10738884M,"August 1, 1992",1992,Harlequin,,,"Harlequin Presents, No 1494"
OL27071881M,1986,1986,Harlequin,,,
OL17309819M,1985,1985,Mills & Boon,"Richmond, Surrey",xxk,
OL14981977M,1991,1991,Mills & Boon,,enk,
OL14978360M,1985,1985,Mills & Boon,London,xxk,
OL10738453M,"November 1, 1986",1986,harlequin,,,"Harlequin Presents, No 935"
OL10738453M,"November 1, 1986",1986,Harlequin,,,"Harlequin Presents, No 935"
OL60769352M,2010,2010,Harlequin Books Brasil,,,Harlequin Paixão
OL44177429M,2012,2012,"Harlequin Mills & Boon, Limited",,,
OL29028525M,2009,2009,"Harlequin Mills & Boon, Limited",,,
OL37174975M,2010,2010,Harlequin Enterprises ULC,,,
OL24499080M,2010,2010,Harlequin,Toronto,onc,Pregnant Brides
OL32139109M,2010,2010,M & B,Richmond,enk,Mills & Boon romance
OL29583894M,2010,2010,"Harlequin Enterprises, Limited",,,
OL29020828M,2009,2009,"Harlequin Mills & Boon, Limited",,,Pregnant Brides
OL29020828M,2009,2009,Mills & Boon S/O,,,Pregnant Brides
OL24303400M,2010,2010,Harlequin,"Toronto, Ontario",nyu,
OL24308580M,2010,2010,Harlequin Mills & Boon Ltd.,Surrey,nyu,
OL58114645M,"Jun 11, 2010",2010,Bragelonne,,,"La Confrérie de la dague noire, T1"
OL58114645M,"Jun 11, 2010",2010,Milady,,,"La Confrérie de la dague noire, T1"
OL53484656M,2012,2012,ענתות ספרים,תל אביב?],is,
OL33428668M,2011,2011,"Little, Brown Book Group Limited",,,
OL32037491M,"Mar 13, 2007",2007,PIATKUS BOOKS,,,
OL32037490M,"Oct 04, 2011",2011,New American Library,,,
OL28107930M,"May 18, 2011",2011,imusti,,,
OL28107930M,"May 18, 2011",2011,Piatkus Books,,,
OL32037489M,"Aug 04, 2015",2015,Recorded Books on Brilliance Audio,,,
OL32037492M,"Feb 12, 2009",2009,"Recorded Books, Inc. and Blackstone Publishing",,,
OL32037493M,"Mar 13, 2009",2009,Recorded Books,,,
OL27549830M,"Feb 19, 2014",2014,Berkley,,,
OL26209899M,2005,2005,Penguin,,,
OL26004944M,"Oct 02, 2007",2007,Signet Book,,,
OL26004944M,"Oct 02, 2007",2007,Signet,,,
OL9522109M,October 2007,2007,Signet,,,Black Dagger Brotherhood (1)
OL3475143M,2005,2005,New American Library,New York,nyu,"Black Dagger Brotherhood, 1"
OL24604795M,September 6th 2005 ,2005,Signet Eclipse,,,
OL24265453M,2008,2008,"Penguin Group USA, Inc.",New York,nyu,
OL10273554M,"October 2, 2007",2007,Signet,,,Black Dagger Brotherhood - 1
OL10690923M,1977,1977,Harlequin Romance,,,
OL10690923M,1977,1977,Harlequin,,,
OL10749883M,"March 1, 1985",1985,harlequin,,,
OL14979987M,1977,1977,Mills & Boon,London,xxk,
OL26419013M,1980,1980,Harlequin Books,,,
OL26419013M,1980,1980,396 edition (1980),,,
OL10738070M,1980,1980,Harlequin Books,,,
OL1560669M,1992,1992,Chivers Press,"Bath, England",mau,Large print romance
OL1560669M,1992,1992,Chivers Press,"South Yarmouth, Mass., USA",mau,Large print romance
OL1560669M,1992,1992,Curley,"Bath, England",mau,Large print romance
OL1560669M,1992,1992,Curley,"South Yarmouth, Mass., USA",mau,Large print romance
OL21366017M,1980,1980,Mills & Boon,United Kingdom,enk,Atlantic Large Print Books
OL14977002M,1980,1980,Mills and Boon,London,xxk,
OL9827465M,1980,1980,Harlequin Books,,,
OL10691603M,"May 1, 1988",1988,harlequin,,,
OL10691603M,"May 1, 1988",1988,Harlequin,,,
OL17310803M,1987,1987,Mills & Boon,,xxk,
OL17310803M,1987,1987,Harlequin Mills & Boon,,xxk,
OL10239142M,June 1989,1989,MacMillan Publishing Company,,,
OL21424683M,1987,1987,Harlequin Holland,Amsterdam,ne ,
OL20583155M,1991,1991,Nova Cultural,Sao Paulo,bl ,
OL21376209M,1991,1991,Harlequin Holland,Amsterdam,ne ,
OL21795599M,1991,1991,Harlequin,Paris,fr ,
OL21424445M,1990,1990,Mondatori,Milan,it ,
OL28973807M,1983,1983,Mills & Boon,London,,
OL9745124M,"August 1, 1983",1983,Harlequin,"Toronto, Canada",,Harlequin Presents #623
OL9747177M,"August 1, 1983",1983,harlequin,,,
OL9749853M,"August 1, 1983",1983,harlequin,,,
OL14977691M,1983,1983,Mills & Boon,London,xxk,Mills & Boon Romance - 2082
OL26335728M,1976,1976,Harlequin Books,Toronto,onc,A Harlequin romance -- 1956
OL14979995M,1977,1977,Mills and Boon,London,xxk,
OL14976258M,1975,1975,Mills and Boon,London,xxk,
OL44177351M,2016,2016,"Harlequin Mills & Boon, Limited",,,
OL47042348M,1988-01-29,1988,Harlequin Mills & Boon,,,
OL28973611M,1982,1982,"Harlequin Mills & Boon, Limited",,,
OL28973611M,1982,1982,Harlequin Mills & Boon,,,
OL10738185M,June 1983,1983,Harlequin Books,,,
OL10738185M,June 1983,1983,Harlequin Books (Mm),,,
OL14980492M,1982,1982,Mills & Boon,London,xxk,
OL7661727M,"April 1, 1988",1988,Pocket,,,
OL9441025M,February 1989,1989,Severn House Pub Ltd,,,
OL22293916M,1985,1985,Pocket Books,New York,xxu,Westmoreland Saga
OL22293916M,1985,1985,Pocket,New York,xxu,Westmoreland Saga
OL7649506M,"January 1, 1985",1985,Pocket,,,
OL7664734M,"June 1, 2000",2000,Pocket,,,Westmoreland Saga #2
OL1093010M,1994,1994,Wheeler Pub.,"Hingham, MA",mau,
OL7645046M,"August 1, 1999",1999,Atria,,,
OL7663758M,"January 1, 1991",1991,Pocket,,,
OL11074983M,"January 2, 1990",1990,Pocket,,,
OL7790387M,March 1987,1987,Corgi Adult,,,
OL38452M,2008,2008,Pocket Books,New York,nyu,
OL22945990M,1997,1997,Izd-vo AST,Moskva,ru ,Otkrovenie
OL24947383M,1988,1988,Severn House,,enk,
OL24947383M,1988,1988,Severn House Pub Ltd,,enk,
OL23064070M,2002,2002,AST,Moskva,ru ,
OL14976737M,1979,1979,Mills and Boon,London,xxk,
OL14980462M,1982,1982,Mills & B.,,xxk,
OL10691123M,1979,1979,Harlequin Books,,,"Harlequin Romance, #2302"
OL31856717M,January 1979,1979,Mills & Boon,London,,
OL31856717M,January 1979,1979,Harlequin Books,London,,
OL31856620M,October 1979,1979,Mills & Boon,London,,Mills & Boon Romance #1566
OL9564707M,1980,1980,Harlequin Books,,,"Harlequin Romance, No. 2322"
OL12043679M,July 1996,1996,Story Sound,,,
OL14976794M,March 1980,1980,Harlequin,,xxk,Harlequin Romance 2322
OL43577331M,1996-12-06,1996,Harlequin Mills & Boon,,,
OL28953433M,1996,1996,"Harlequin Mills & Boon, Limited",,,
OL37929391M,May 22 2022,2022,Roseanna banbury,,,
OL10739841M,"April 1, 1997",1997,harlequin,,,
OL10240674M,May 1997,1997,Ulverscroft Large Print,,,
OL10692034M,"April 1, 1997",1997,Harlequin,,,"Harlequin Romance, No 3458"
OL41377728M,"Feb 25, 2012",2012,Brand: CreateSpace Independent Publishing Platform,,,
OL41377728M,"Feb 25, 2012",2012,CreateSpace Independent Publishing Platform,,,
OL47638007M,2012,2012,Colleen Hoover,,,
OL47638005M,2012,2012,Colleen Hoover,,,
OL40297638M,2014,2014,Dt. Taschenbuch-Verl.,München,gw,dtv -- 71584
OL26040729M,2012,2012,Atria Paperback,"New York City, USA",,Slammed #2
OL27929152M,2018,2018,YA!-Grupa Wydawnicza Foksal,,,
OL35304095M,"Oct 18, 2016",2016,Epsilon Yayinlari,,,
OL27809971M,2015,2015,Wydawnictwo W.A.B.,"Warszawa, Poland",,
OL27428109M,"Aug 26, 2016",2016,dtv Verlagsgesellschaft,,,
OL27157205M,2013,2013,San cai wen hua chu ban shi ye you xian gong si,Taibei Shi,ch,iRead -- 75
OL29134756M,2012,2012,"Simon & Schuster, Limited",,,
OL33993307M,2012,2012,Atria Books,,,
OL26028407M,2012,2012,Simon & Schuster Ltd,,,
OL14978382M,1985,1985,Mills & Boon,London,xxk,
OL22839393M,1986,1986,Mills & Boon,London,xxk,
OL10738416M,"May 1, 1986",1986,Harlequin,,,
OL29242968M,2013,2013,"Harlequin Mills & Boon, Limited",,,
OL9895090M,"September 1, 1986",1986,harlequin,,,Harlequin Presents # 931
OL18357894M,1986,1986,Mills & Boon,London,xxk,
OL24943429M,1986,1986,Harlequin,Toronto,onc,Harlequin presents
OL24943429M,1986,1986,Harlequin,New York,onc,Harlequin presents
OL29152288M,2012,2012,"Harlequin Mills & Boon, Limited",,,
OL28990644M,2007,2007,"Harlequin Mills & Boon, Limited",,,
OL28363959M,"Aug 01, 2007",2007,Harlequin Mills & Boon Ltd (Large Print Books),,,
OL24260394M,2007,2007,Harlequin,"Toronto, Ontario",nyu,
OL9562522M,"April 1, 2007",2007,Harlequin,,,
OL9741669M,"April 1, 2007",2007,Harlequin,,,
OL10239079M,April 1987,1987,Harlequin,UK,,
OL27717863M,June 1985,1985,Mills & Boon,UK,,
OL17317527M,March 1991,1991,Mills & Boon,Chatswood NSW,xxk,
OL21309872M,April 1987,1987,Mills & Boon,UK,xxk,
OL18357744M,August 1985,1985,Mills & Boon,UK,xxk,
OL10738392M,December 1985,1985,Harlequin,,,
OL24767736M,December 1985,1985,Harlequin,USA,onc,
OL60736045M,12 August 2021,2021,Hailey Carlton,,,
OL60825897M,2025,2025,Zando,,,
OL57485885M,2023,2023,Adeline Levine,,,
OL55327356M,22 feb 2023,2023,Montena,,,
OL55327364M,22 feb 2023,2023,Montena,,,
OL59046646M,August 12 2021,2021,Zando,,,
OL59046647M,August 12 2021,2021,Zando,,,
OL53340128M,2024,2024,Zando,,,
OL52256408M,2021,2021,Carlton,,,
OL50524432M,2022-11-21,2022,Independently published,,,
OL48812423M,2021,2021,Independently Published,,,
OL46776502M,2021,2021,H. D. Carlton,,,
OL46535310M,"Feb 23, 2023",2023,MONTENA,,,
OL46535310M,"Feb 23, 2023",2023,Penguin Random House Grupo Editorial,,,
OL46495064M,2021,2021,Independently Published,,,
OL42788780M,2021,2021,H. D. Carlton,,,
OL37077814M,"Aug 12, 2021",2021,Hailey Carlton,,,
OL58498674M,"November 15, 2011",2011,Harper Collins,,,
OL41347527M,"Nov 25, 2011",2011,,,,
OL61366359M,"June 1, 2015",2015,Blossom Books,,,Shatter Me
OL52742994M,2011,2011,McPherson’s Printing Group,Allen & Unwin 83 Alexander Street Crows Nest NSW 2065 Australia,,Shatter Me
OL48152017M,2013,2013,Allen & Unwin,,,
OL48675455M,2023,2023,Farshore,,,
OL49511303M,2023,2023,Farshore,,,
OL50655522M,2024,2024,HarperCollins Publishers Limited,,,
OL51095009M,2024,2024,Cengage Gale,,,
OL37401548M,2011,2011,HarperCollins Publishers,,,
OL47985949M,09/06/2016,2016,Rizzoli,,,
OL32216971M,"Apr 17, 2018",2018,Harpercollins,,,
OL32216971M,"Apr 17, 2018",2018,HarperCollins and Blackstone Audio,,,
OL28907014M,2019,2019,HarperCollins Publishers,,,
OL27277806M,2018-04-05,2018,Electric Monkey,,,Shatter Me (#1)
OL34115689M,2012,2012,HarperCollins Publishers,,,
OL35813696M,2018,2018,Farshore,,,
OL27105656M,"Nov 15, 2011",2011,HarperCollins,,,
OL27350901M,"Jan 09, 2018",2018,HarperCollins,,,
OL27781701M,"Apr 17, 2018",2018,HarperCollins and Blackstone Audio,,,
OL28286358M,"Oct 02, 2012",2012,Turtleback Books,,,
OL28769199M,2018,2018,HarperCollins Publishers,,,
OL24917781M,2011,2011,HarperTeen,"New York, NY",nyu,
OL25114382M,2011,2011,Harper Audio,,,
OL29264413M,2015,2015,"Harlequin Mills & Boon, Limited",,,
OL9698566M,"February 15, 2000",2000,Harlequin Romance Audio,,,
OL9825424M,"September 1, 1984",1984,harlequin,,,Harlequin Presents # 728
OL10282162M,1998,1998,Mills And Boon,,,
OL9425484M,"June 1, 1999",1999,harlequin,,,
OL9425484M,"June 1, 1999",1999,Harlequin,,,
OL14977940M,1984,1984,Mills and Boon,London,xxk,
OL10280636M,1984,1984,Harlequin,,,
OL10690366M,June 1984,1984,harlequin,,,
OL29727781M,2015,2015,"Harlequin Enterprises, Limited",,,
OL29264353M,2015,2015,"Harlequin Mills & Boon, Limited",,,
OL28973898M,1984,1984,"Harlequin Mills & Boon, Limited",,,
OL21309593M,1986,1986,Mills and Boon,,xxk,
OL14978000M,1984,1984,Mills & Boon,London,xxk,
OL9750386M,"September 12, 1986",1986,Harlequin Mills & Boon,,,
OL9747694M,"September 12, 1986",1986,Harlequin Mills & Boon,,,
OL9734801M,"October 1, 1984",1984,harlequin,,,
OL9745519M,"September 12, 1986",1986,Harlequin Mills & Boon,,,
OL29264469M,2015,2015,"Harlequin Mills & Boon, Limited",,,
OL18213797M,1985,1985,Mills & Boon,London,xxk,
OL10738442M,"August 1, 1986",1986,harlequin,,,Harlequin Presents # 916
OL24938967M,1985,1985,Mills & Boon,London,xxk,
OL24975286M,1985,1985,Mills & Boon,London,xxk,
OL29263506M,2014,2014,"Harlequin Mills & Boon, Limited",,,
OL28953646M,1997,1997,"Harlequin Mills & Boon, Limited",,,
OL28953646M,1997,1997,Harlequin Mills & Boon,,,
OL28953738M,1997,1997,"Harlequin Mills & Boon, Limited",,,
OL9514642M,"May 1, 1998",1998,Harlequin Books,,,
OL9514642M,"May 1, 1998",1998,Harlequin,,,
OL10745264M,"November 1, 1998",1998,Harlequin,,,"Bianca, 136"
OL9562756M,November 1997,1997,Thorndike Press,,,
OL37655917M,1988,1988,Mills & Boon,,,
OL14982019M,1993,1993,Mills & B.,,enk,Bestseller Romance Series
OL14982019M,1993,1993,Harlequin Mills & Boon,,enk,Bestseller Romance Series
OL9752685M,"November 9, 1990",1990,Harlequin Mills & Boon,,,
OL9752685M,"November 9, 1990",1990,Mills & Boon,,,
OL18210485M,1988,1988,Mills & Boon,Richmond,xxk,
OL9750345M,"October 1, 1988",1988,harlequin,,,"Harlequin Romance, No 1119"
OL60908554M,2022,2022,"Blackthorn Books, LLC",,,
OL52624087M,2024,2024,"Sourcebooks, Incorporated",,,
OL52618059M,2024,2024,Penguin Random House Grupo Editorial,,,
OL51637606M,2024,2024,"Sourcebooks, Incorporated",,,
OL57537271M,2024,2024,"Penguin Books, Limited",,,
OL39723915M,2022,2022,"Blackthorn Books, LLC",,,
OL39567977M,"Jul 14, 2022",2022,Blackthorn Books,,,
OL39160439M,"Jul 10, 2022",2022,"Blackthorn Books, LLC",,,
OL38579685M,"Jul 14, 2022",2022,Blackthorn Books,,,
OL61071797M,1996,1996,Editora Nova Cultural,,,Julia Cartão Postal
OL44170990M,2016,2016,"Harlequin Mills & Boon, Limited",,,
OL17384310M,1993,1993,Mills & Boon,,enk,
OL17179427M,1988,1988,Mills and Boon,Richmond,xxk,
OL9748351M,"July 1, 1988",1988,Harlequin,,,
OL9751128M,"July 1, 1988",1988,Harlequin,,,
OL18521257M,1992,1992,Mills & Boon,UK,enk,
OL22824869M,May 1986,1986,Mills & Boon,London,xxk,Mills and Boon Romance #2549
OL1085631M,1994,1994,G.K. Hall,USA,meu,
OL21364996M,1995,1995,Chivers,,enk,
OL21364991M,1994,1994,Chivers,UK,enk,
OL9668551M,September 1986,1986,Harlequin,USA,,
OL29264499M,2015,2015,"Harlequin Mills & Boon, Limited",,,
OL21437817M,1992,1992,Mills & Boon,,enk,Bestseller Romance Series
OL14981210M,June 1986,1986,Mills & Boon,London,xxk,
OL10738472M,"February 1, 1987",1987,harlequin,,,"Harlequin Presents, No 962"
OL10738472M,"February 1, 1987",1987,Harlequin,,,"Harlequin Presents, No 962"
OL48206819M,1989,1989,Thorndike Press,,,
OL28973814M,1983,1983,"Harlequin Mills & Boon, Limited",,,
OL28973814M,1983,1983,Harlequin Mills & Boon,,,
OL21222190M,1984,1984,Mills & Boon,London,xxk,
OL21222190M,1984,1984,"Harlequin Mills & Boon, Limited",London,xxk,
OL14977710M,1983,1983,Mills & Boon,London,xxk,
OL14977710M,1983,1983,Harlequin Mills & Boon,London,xxk,
OL9615644M,"July 1, 1984",1984,Harlequin,,,
OL9603671M,January 1987,1987,MacMillan Publishing Company,,,
OL24959039M,1984,1984,Harlequin,Toronto,onc,Harlequin Romance -- 2639
OL24959039M,1984,1984,Harlequin,New York,onc,Harlequin Romance -- 2639
OL38290911M,2014,2014,Harlequin Enterprises ULC,,,
OL34872144M,2014,2014,Harlequin Enterprises ULC,,,
OL29248529M,2014,2014,"Harlequin Mills & Boon, Limited",,,
OL9745468M,"May 10, 1985",1985,Harlequin Mills & Boon,,,
OL9745468M,"May 10, 1985",1985,Mills & Boon,,,
OL9751599M,1986,1986,Mills and Boon,,,
OL14977516M,1982,1982,Mills and Boon,London,xxk,
OL9750324M,"May 10, 1985",1985,Harlequin Mills & Boon,,,
OL9745051M,1986,1986,Mills and Boon,,,
OL9745051M,1986,1986,Harlequin Mills & Boon,,,
OL9747626M,"May 10, 1985",1985,Harlequin Mills & Boon,,,
OL9748793M,1986,1986,Mills and Boon,,,
OL9742157M,June 1982,1982,Harlequin Books,,,
OL9742157M,June 1982,1982,Harlequin Books (Mm),,,
OL9744667M,"August 1, 1994",1994,Harlequin,,,"Harlequin Presents, No 1685"
OL9746871M,October 1992,1992,Chivers North Amer,,,
OL9752371M,October 1992,1992,Chivers North Amer,,,
OL9749480M,October 1992,1992,Chivers North Amer,,,
OL17388896M,1992,1992,Mills & Boon,Richmond,enk,
OL10745631M,November 1994,1994,Harlequin Books (Mm),,,Collection Azur
OL29242998M,2013,2013,"Harlequin Mills & Boon, Limited",,,
OL28996772M,2009,2009,"Harlequin Mills & Boon, Limited",,,
OL17580167M,1998,1998,Mills & Boon,Richmond,enk,Collector's edition -- 15
OL18313345M,1993,1993,Mills & B.,Richmond,enk,
OL9625957M,November 1993,1993,MacMillan Publishing Company,,,
OL7418473M,January 2000,2000,Harlequin Books,,,
OL9809483M,"October 1, 1995",1995,Harlequin,,,"Harlequin Presents Plus, No 1774"
OL24744465M,1993,1993,Mills & Boon,Richmond,enk,
OL47314659M,"Apr 28, 2021",2021,Fang Yan Wen Hua,,,
OL61228842M,10/11/2021,2021,Hugo Poche,,,
OL60303596M,2019,2019,Kineret,Modiʻin,is,
OL60303596M,2019,2019,Zemorah Bitan,Modiʻin,is,
OL60303596M,2019,2019,Devir,Modiʻin,is,
OL48120574M,2023,2023,Planeta,Barcelona,,
OL57485262M,"December 7, 2018",2018,Grand Central Publishing,,,
OL60125391M,09/03/2020,2020,Galera,,,
OL49586096M,2023,2023,"Editorial Planeta, S. A.",,,
OL39801379M,"Mar 13, 2020",2020,dtv Verlagsgesellschaft,"München, Germany",,
OL27587656M,2019,2019,Wydawnictwo Otwarte,"Kraków, Poland",,
OL39412651M,2022,2022,Grand Central Publishing,,,
OL39220275M,"Aug 10, 2022",2022,Epsilon Yayınevi,İstanbul,,
OL39128605M,2022,2022,Grand Central Publishing,,,
OL38406842M,26 abril 2022,2022,Planeta,Barcelona,,
OL28288027M,"Jun 23, 2020",2020,Editorial Planeta,,,
OL38448570M,2020,2020,Independently Published,,,
OL38448570M,2020,2020,Independently published,,,
OL37689762M,2022,2022,Grand Central Publishing,,,
OL37984861M,2022,2022,"Little, Brown Book Group Limited",,,
OL28152674M,"Jul 30, 2019",2019,Audible Studios on Brilliance Audio,,,
OL36284697M,2022,2022,"Little, Brown Book Group Limited",,,
OL36038052M,"Dec 10, 2018",2018,Zachary M Humphries,,,
OL36020400M,2021,2021,Grand Central Publishing,,,
OL35611219M,"Oct 26, 2021",2021,Grand Central Publishing,"New York City, USA",,
OL27248516M,2018,2018,Colleen Hoover,United States,,
OL38269289M,2012,2012,Harlequin Enterprises ULC,,,
OL37392595M,2012,2012,Harlequin Enterprises ULC,,,
OL29572940M,2010,2010,"Harlequin Enterprises, Limited",,,
OL29127334M,2012,2012,"Harlequin Mills & Boon, Limited",,,
OL9503171M,"December 1, 1988",1988,Harlequin,,,"Harlequin Romance, No 2956"
OL10280675M,1988,1988,Mills & Boon,,,
OL9324449M,June 2001,2001,Thorndike Press,,,
OL17389748M,1990,1990,Magna,Long Preston,xxk,
OL18817321M,1999,1999,Mills & Boon,Richmond,enk,Collector's edition -- 65
OL26598972M,1988,1988,Harlequin,U.S.A.,,
OL26852574M,2001,2001,harlequin,,,
OL7417356M,"October 1, 2001",2001,Harlequin,,,Harlequin Romance 2956
OL29755788M,2017,2017,"Harlequin Enterprises, Limited",,,
OL29264437M,2015,2015,"Harlequin Mills & Boon, Limited",,,
OL28973788M,1983,1983,"Harlequin Mills & Boon, Limited",,,
OL28973788M,1983,1983,Harlequin Mills & Boon,,,
OL14977632M,1983,1983,Mills & Boon,London,xxk,
OL14977632M,1983,1983,Harlequin Mills & Boon,London,xxk,
OL14981687M,1989,1989,Mills & Boon,Richmond,xxk,
OL9741877M,October 1990,1990,G K Hall & Co,,,(Magna Large Print Series)
OL9612206M,"March 1, 1983",1983,harlequin,,,Harlequin Presents # 584
OL24940664M,1983,1983,Harlequin,Toronto,onc,Harlequin presents
OL24940664M,1983,1983,Harlequin,New York,onc,Harlequin presents
OL29729604M,2015,2015,"Harlequin Enterprises, Limited",,,
OL29264457M,2015,2015,"Harlequin Mills & Boon, Limited",,,
OL26897377M,1982,1982,Mills & Boon,England,,
OL26897377M,1982,1982,Harlequin Mills & Boon,England,,
OL26897656M,September 1982,1982,Mills & Boon,UK,,
OL14977528M,July 1982,1982,Mills & Boon,UK,xxk,
OL14981587M,October 1988,1988,Mills & Boon,UK,xxk,
OL9563555M,November 1982,1982,Harlequin Books,,,
OL9563555M,November 1982,1982,Harlequin Books (Mm),,,
OL9684000M,"May 1, 2006",2006,Harlequin,,,
OL28828962M,2017,2017,Penguin Random House Grupo Editorial,,,
OL28327035M,"Sep 01, 2011",2011,Headline,,,
OL28327035M,"Sep 01, 2011",2011,imusti,,,
OL27293810M,"Jan 08, 2019",2019,Penguin Books,,,
OL27134115M,2011,2011,Large Print Press,"Detroit, MI",miu,
OL26067791M,2011,2011,Thorndike Press,,,
OL26067791M,2011,2011,Thorndike,,,
OL26067791M,2011,2011,Windsor,,,
OL29548235M,"Sep 29, 2020",2020,Penguin Books,,,
OL32011367M,"Dec 27, 2011",2011,"Recorded Books, Inc. and Blackstone Publishing",,,
OL24423822M,2011,2011,Viking,New York,nyu,
OL24604559M,08 February 2011,2011,Headline Publishing Group,"London, Britain",,
OL24973587M,2011,2011,Penguin Audio,,,
OL25154729M,2011,2011,Penguin,"New York, USA",,the All Souls Trilogy
OL10280838M,"October 11, 1991",1991,Harlequin Mills & Boon,,,
OL17507026M,1988,1988,Mills & Boon,Richmond,xxk,
OL17507026M,1988,1988,Harlequin Mills & Boon,Richmond,xxk,
OL14981312M,1987,1987,Mills & Boon,Richmond,xxk,
OL10738492M,"May 1, 1987",1987,harlequin,,,"Harlequin Presents, No 987"
OL10738492M,"May 1, 1987",1987,Harlequin,,,"Harlequin Presents, No 987"
OL10239188M,"July 13, 1990",1990,Harlequin Mills & Boon Ltd (Large Print Books),,,
OL17491809M,1990,1990,Mills & Boon,London,enk,
OL10691730M,"August 1, 1990",1990,Harlequin,,,"Harlequin Romance, No 3077"
OL21626274M,,,Harlequin Espanola,Madrid,sp ,
OL21259238M,1992,1992,Harlekin,Stockholm,sw ,
OL21376204M,1990,1990,Harlequin Holland,Amsterdam,ne ,
OL20320876M,1992,1992,Harlekin,Stockholm,sw ,
OL21911056M,1992,1992,Harlekin,Stockholm,no ,
OL61516903M,2026-05-26,2026,Piatkus,,,
OL59829704M,"Jun 30, 2023",2023,Lyx,,,
OL53568234M,2023,2023,Mondadori,,,
OL51686524M,outubro 2022,2022,clube do autor,,,
OL59067928M,"October 18, 2023",2023,Hugo Roman,,,
OL44319740M,2022,2022,"Editorial Planeta, S. A.",,,
OL47276214M,"Sep 28, 2022",2022,Crossbooks,,,
OL49672179M,"April 22, 2021",2021,bloom books,,,
OL48596355M,2022,2022,Ana Huang,,,
OL48594701M,"April 22,2021 ",2021,Boba Press,,,
OL47826695M,April 22 2021,2021,Penguin,,,
OL47163324M,2021,2021,Penguin,,,
OL47068116M,2021 on 29th April,2021,piatkus,,,
OL43974295M,"Jul 23, 2022",2022,Ana Huang,,,
OL35152719M,2021,2021,Indy Pub,,,
OL35152719M,2021,2021,Boba Press,,,
OL37985553M,2022,2022,"Little, Brown Book Group Limited",,,
OL36615850M,2021,2021,Ana Huang,,,
OL32301034M,"Apr 21, 2021",2021,Ana Huang,,,
OL16541739M,1989,1989,Mills & Boon,Richmond,enk,
OL10738717M,"June 1, 1990",1990,harlequin,,,"Harlequin Presents, No 1286"
OL10738717M,"June 1, 1990",1990,Harlequin,,,"Harlequin Presents, No 1286"
OL10741160M,November 1998,1998,Harlequin Books,,,
OL10240812M,October 1997,1997,Mills & Boon,,,
OL18406544M,1996,1996,Mills & Boon,Richmond,enk,
OL24943652M,1998,1998,Harlequin Books,Toronto,onc,Harlequin romance -- 400
OL24943652M,1998,1998,Harlequin Books,New York,onc,Harlequin romance -- 400
OL10281841M,"September 13, 1996",1996,Harlequin Mills & Boon,,,
OL10281841M,"September 13, 1996",1996,Harlequin Mills & Boon Ltd,,,
OL9713185M,"April 1, 1991",1991,Harlequin,,,"Harlequin Presents, No 1359"
OL24767764M,1991,1991,Harlequin Books,Toronto,onc,Harlequin presents -- 1359
OL24767764M,1991,1991,Harlequin,Toronto,onc,Harlequin presents -- 1359
OL9740601M,"December 12, 2005",2005,Thorndike Press,,,
OL9686026M,"August 1, 2005",2005,Harlequin,,,Wedlocked!
OL24249498M,2010,2010,Harlequin,"Toronto, Ontario",nyu,
OL41412949M,"Sep 30, 2002",2002,Cora Verlag GmbH + Co. KG,,,
OL36835549M,2002,2002,Weltbild,München,,"Tagebuch eines Vampirs, Band 1"
OL36836595M,11. November 2008,2008,cbt,,,"Tagebuch eines Vampirs, Band 1"
OL35386248M,"Oct 29, 2015",2015,Artemis Yayinlari,,,
OL8910664M,"March 16, 2000",2000,J'ai lu,,,
OL52721977M,2009,2009,Galera Record,,,"The Vampire Diaries, Vol. 1"
OL47320132M,"Nov 17, 2015",2015,Harpercollins,,,
OL47320132M,"Nov 17, 2015",2015,HarperCollins Publishers and Blackstone Audio,,,
OL47266566M,"Oct 20, 2010",2010,Edicions Bromera,,,
OL46527030M,"Jan 27, 2009",2009,Record,,,
OL43971909M,2012,2012,,,is,Yomane ha-ʻarpad -- 1
OL40158469M,1991,1991,‎HarperTeen,,,
OL35893376M,2010,2010,HarperCollins Publishers,,,
OL35423891M,"Aug 25, 2009",2009,Turtleback Books,,,
OL27964886M,"Apr 27, 2010",2010,imusti,,,
OL27964886M,"Apr 27, 2010",2010,HarperCollins,,,
OL27964886M,"Apr 27, 2010",2010,Hodder Children's Books,,,
OL27932968M,2009,2009,HarperTeen,,,
OL27594438M,2008,2008,"Editorial Planeta, S.A. (Destino)",Madrid (España),,Crónicas Vampíricas I
OL27130192M,2010,2010,NXB Thời đại,Hà Nội,vm,Nhật ký ma cà rồng -- 1
OL27130192M,2010,2010,NXB Thời đại,[TP. Hồ Chí Minh],vm,Nhật ký ma cà rồng -- 1
OL27130192M,2010,2010,Phuong Nam Book,Hà Nội,vm,Nhật ký ma cà rồng -- 1
OL27130192M,2010,2010,Phuong Nam Book,[TP. Hồ Chí Minh],vm,Nhật ký ma cà rồng -- 1
OL24084417M,"August 25, 2009",2009,HarperTeen,,,The Vampire Diaries
OL24083779M,"February 23, 2010",2010,HarperCollins,,,The Vampire Diaries
OL26607608M,2008,2008,Planeta,,,
OL26194608M,1991,1991,"HarperCollins, 2010",,,
OL25938034M,2009,2009,"Editorial Planeta, S.A.","Barcelona, España",,
OL25440788M,2008,2008,Destino,,,
OL25440788M,2008,2008,Destino Infantil & Juvenil,,,
OL24857253M,1991,1991,HarperPaperbacks,New York,nyu,The Vampire diaries -- v. 1
OL24857253M,1991,1991,HarperPaperbacks,New York,nyu,Harper YA novel
OL7286675M,"March 1, 1999",1999,Eos,,,
OL7602450M,March 1999,1999,Tandem Library,,,
OL9241382M,"March 1, 1999",1999,Eos,,,
OL25919374M,September 1991,1991,Harper Paperbacks,,,
OL7287403M,October 1995,1995,HarperTorch,,,
OL9242110M,October 1995,1995,HarperTorch,,,
OL9241980M,September 1991,1991,HarperCollins Publishers,,,
OL7287273M,September 1991,1991,HarperCollins Publishers,,,
OL10691242M,January 1981,1981,Harlequin,,,
OL22615764M,1981,1981,Mills & Boon,,xxk,
OL24210332M,1980,1980,Mills & Boon,London,enk,
OL21221046M,1980,1980,Mills & Boon,London,xxk,
OL29242963M,2013,2013,"Harlequin Mills & Boon, Limited",,,
OL29045719M,2010,2010,"Harlequin Mills & Boon, Limited",,,
OL14982013M,1992,1992,Mills &Boon,,enk,
OL14982013M,1992,1992,Harlequin Mills & Boon,,enk,
OL22384718M,1986,1986,Mills & Boon,London,xxk,
OL7422010M,"September 1, 1999",1999,Harlequin,,,
OL9892083M,"June 1, 1987",1987,harlequin,,,"Harlequin Presents, No 994"
OL9892083M,"June 1, 1987",1987,Harlequin,,,"Harlequin Presents, No 994"
OL21224818M,1987,1987,Mills & B,,xxk,Bestseller Romance S
OL21221285M,1981,1981,Mills & Boon,London,xxk,
OL1870961M,1990,1990,Chivers Press,"Bath, England",enk,Atlantic large print
OL1870961M,1990,1990,Chivers Press,"South Yarmouth, Mass., USA",enk,Atlantic large print
OL1870961M,1990,1990,Curley Pub.,"Bath, England",enk,Atlantic large print
OL1870961M,1990,1990,Curley Pub.,"South Yarmouth, Mass., USA",enk,Atlantic large print
OL24373757M,1981,1981,Harlequin,Toronto,onc,Harlequin presents
OL24373757M,1981,1981,Harlequin,Los Angeles,onc,Harlequin presents
OL29264424M,2015,2015,"Harlequin Mills & Boon, Limited",,,
OL28973917M,1984,1984,"Harlequin Mills & Boon, Limited",,,
OL17209250M,1988,1988,Mills & Boon,Richmond,enk,Penny Jordan collection
OL21222002M,1984,1984,Mills & Boon,London,xxk,
OL9554965M,"December 1, 1984",1984,harlequin,,,Harlequin Presents # 755
OL9554965M,"December 1, 1984",1984,Harlequin,,,Harlequin Presents # 755
