work_key,subject
OL18020194W,"Fiction, Romance, Contemporary, Life change events"
OL18020194W,Triangles (Interpersonal relations)
OL18020194W,Man-woman relationships
OL18020194W,Neurosurgeons
OL18020194W,First loves
OL18020194W,Businesswomen
OL18020194W,Fiction
OL18020194W,Contemporary Women
OL18020194W,New York Times bestseller
OL18020194W,"Fiction, romance, contemporary"
OL18020194W,"Man-woman relationships, fiction"
OL18020194W,"Fiction, women"
OL18020194W,collectionid:nyt2020s
OL18020194W,"Fiction, romance, new adult"
OL24390422W,"Fiction, romance, multicultural & interracial"
OL24390422W,"Fiction, romance, new adult"
OL24390422W,"Fiction, romance, contemporary"
OL24390422W,nyt:combined-print-and-e-book-fiction=2023-07-02
OL24390422W,New York Times bestseller
OL24390422W,Romance
OL24390422W,contemporary romance
OL24390422W,new adult romance
OL24390422W,brother's best friend
OL24390422W,forbidden love
OL24390422W,dark romance
OL24390422W,grumpy-sunshine
OL24390422W,angst
OL24390422W,love triangle
OL24390422W,self-discovery
OL24390422W,redemption
OL24390422W,Serie:Twisted
OL35223328W,Romance
OL35223328W,"Fiction, romance, contemporary"
OL35223328W,"Fiction, romance, billionaires"
OL20808172W,Romance
OL20808172W,New Adult
OL20808172W,Contemporary
OL20808172W,Young Adult
OL20808172W,Contemporary Romance
OL20808172W,High School
OL20808172W,Fiction
OL20808172W,Adult
OL20808172W,Dark
OL20808172W,"Fiction, romance, general"
OL20808172W,"Fiction, thrillers, suspense"
OL34774028W,"Fiction, fantasy, general"
OL34774028W,"Fiction, romance, general"
OL34774028W,"Fiction, general"
OL20090688W,"Fiction, gay"
OL20090688W,"Fiction, romance, contemporary"
OL20090688W,"Fiction, humorous"
OL20090688W,"Gay men, fiction"
OL20090688W,"Presidents, united states, fiction"
OL20090688W,nyt:trade-fiction-paperback=2019-06-02
OL20090688W,New York Times bestseller
OL20090688W,fiction
OL20090688W,humor
OL20090688W,romance
OL20090688W,LGBTQ romance
OL20090688W,"Fiction, lgbtq+, gay"
OL20090688W,"Fiction, humorous, general"
OL20090688W,Bisexuals
OL20090688W,Fiction
OL20090688W,Bisexual men
OL20090688W,Gay men
OL20090688W,Presidents
OL20090688W,Family
OL20090688W,Princes
OL20090688W,Children of heads of state
OL25515697W,Romance
OL25515697W,contemporary romance
OL25515697W,romantic suspense
OL25515697W,new adult romance
OL25515697W,forbidden love
OL25515697W,bodyguard romance
OL25515697W,dark romance
OL25515697W,enemies to lovers
OL25515697W,slow burn
OL25515697W,angst
OL25515697W,steamy
OL25515697W,"Fiction, romance, general"
OL25515697W,"Fiction, general"
OL25515697W,Serie:Twisted
OL25515697W,anthology
OL25515697W,Anthologie
OL25515697W,book_set
OL20564687W,"Fiction, Romance, Contemporary, Life change events"
OL20564687W,Life change events
OL20564687W,Fiction
OL20564687W,"Fiction, romance, general"
OL27245843W,Romance
OL27245843W,enemies to lovers
OL27245843W,contemporary romance
OL27245843W,new adult
OL27245843W,office romance
OL27245843W,forbidden love
OL27245843W,angst
OL27245843W,steamy romance
OL27245843W,alpha male
OL27245843W,strong female lead
OL27245843W,slow burn
OL27245843W,"Fiction, romance, general"
OL27245843W,"Fiction, general"
OL27245843W,Serie:Twisted
OL27733867W,Contemporary
OL27733867W,Romance
OL27733867W,Friendship
OL27733867W,Fiction
OL27733867W,Young Adult Fiction
OL27733867W,collectionid:nyt2020s
OL27733867W,American literature
OL27733867W,contemporary romance
OL27733867W,new adult
OL27733867W,domestic violence
OL27733867W,second chance romance
OL27733867W,forbidden love
OL27733867W,family
OL27733867W,forgiveness
OL27733867W,redemption
OL27733867W,healing
OL27733867W,self-discovery
OL27310398W,collectionID:YDarkromance
OL27310398W,"Fiction, romance, general"
OL27310398W,"Fiction, thrillers, suspense"
OL27310398W,"Young adult fiction, romance, general"
OL27310398W,"Young adult fiction, fantasy, dark fantasy"
OL27310398W,nyt:trade-fiction-paperback=2024-09-15
OL27310398W,New York Times bestseller
OL11327658W,"Fiction, Romance, Contemporary"
OL11327658W,"Fiction, romance, general"
OL2959315W,"Fiction, Romance, Contemporary"
OL2959315W,Fiction
OL2959315W,Romance
OL2959315W,"Contemporary"""
OL20068530W,"Fiction, romance, contemporary, suspense"
OL20068530W,New York Times bestseller
OL20068530W,Family secrets in fiction
OL20068530W,"Man-woman relationships, fiction"
OL20068530W,Secrecy in fiction
OL20068530W,Fiction
OL20068530W,Romance
OL20068530W,collectionid:nyt2020s
OL20068530W,Man-woman relationships
OL27818823W,Romance
OL27818823W,suspense
OL27818823W,mystery
OL27818823W,thriller
OL27818823W,dark romance
OL27818823W,forbidden love
OL27818823W,enemies to lovers
OL27818823W,bad boy
OL27818823W,strong heroine
OL27818823W,college
OL27818823W,academia
OL27818823W,family drama
OL27818823W,secrets
OL27818823W,lies
OL27818823W,betrayal
OL27818823W,revenge
OL27818823W,American literature
OL27818823W,"Fiction, romance, general"
OL27818823W,"Fiction, general"
OL27818823W,Serie:Twisted
OL27818823W,Fake Dating
OL27818823W,Contemporary Romance
OL27818823W,Contemporary
OL27818823W,Forced Proximity
OL27818823W,Smut
OL27818823W,Billionaire Romance
OL27818823W,Adult
OL27818823W,Fiction
OL3775397W,"Fiction, Romance, Contemporary"
OL3775397W,"Fiction, romance, general"
OL11327660W,"Fiction, Romance, Contemporary"
OL11327660W,"Fiction, romance, general"
OL11327987W,"Fiction, Romance, Contemporary"
OL1708087W,Fiction
OL1708087W,romance
OL1708087W,contemporary
OL1708087W,"Fiction, romance, contemporary"
OL1708087W,Romance fiction
OL3759285W,"Fiction, Romance, Contemporary"
OL4342701W,Romance fiction
OL3467487W,"Fiction, romance, general"
OL3467487W,Fiction
OL3467487W,Passion
OL3467487W,Romance
OL3467487W,Large type books
OL3467487W,"Fiction, Romance, Contemporary"
OL3467487W,"Married people, fiction"
OL3467487W,"Fiction, romance, contemporary"
OL21833211W,"Fiction, romance, erotic"
OL21833211W,"Fiction, romance, general"
OL4215998W,"Fiction, Romance, Contemporary"
OL4215998W,"Fiction, romance, general"
OL5091273W,Fiction
OL5091273W,Paranormal Romance
OL5091273W,Fantasy
OL5091273W,Vampires
OL5091273W,Black Dagger Brotherhood series
OL5091273W,"Fiction, romance, paranormal, general"
OL5091273W,"Vampires, fiction"
OL5091273W,"Fiction, romance, paranormal"
OL5091273W,"Fiction, romance, fantasy"
OL5091273W,"Fiction, romance, suspense"
OL486967W,Castles
OL486967W,Fiction
OL486967W,Princesses
OL486967W,Good and evil
OL486967W,Princes
OL486967W,"Fiction, action & adventure"
OL486967W,"Fiction, fantasy, general"
OL486967W,"Fiction, romance, fantasy"
OL486967W,Romance fiction
OL486967W,Fantasy
OL486967W,Juvenile fiction
OL486967W,Fantasy fiction
OL486967W,Pirates
OL3457830W,"Fiction, Romance, Contemporary"
OL3775449W,"Fiction, Romance, Contemporary"
OL3775449W,"Fiction, romance, general"
OL3775478W,"Fiction, Romance, Contemporary"
OL3775478W,"Adultery,  fiction"
OL3775478W,"Revenge, fiction"
OL3775478W,"Fiction, romance, general"
OL3775478W,"Fiction, romance, contemporary"
OL6794523W,"Fiction, Romance, Contemporary"
OL3771321W,"Fiction, Romance, Contemporary"
OL11277304W,"Fiction, Romance, Contemporary"
OL3759349W,"Fiction, Romance, Contemporary"
OL3458001W,"Fiction, Romance, Contemporary"
OL3458001W,"Fiction, romance, suspense"
OL3458001W,"Sisters, fiction"
OL11327979W,"Fiction, Romance, Contemporary"
OL8315359W,"Fiction, Romance, Contemporary"
OL3457933W,"Fiction, Romance, Contemporary"
OL11327957W,Contemporary romance
OL11327957W,"Fiction, romance, general"
OL3759116W,"Fiction, Romance, Contemporary"
OL9367818W,Fiction
OL9367818W,romance
OL5236259W,"Fiction, Romance, Contemporary"
OL11327666W,"Fiction, Romance, Contemporary"
OL20650912W,American literature
OL20650912W,"Fiction, fantasy, urban"
OL20650912W,"Fiction, romance, paranormal"
OL20650912W,"Fiction, fantasy, epic"
OL20650912W,"Fiction, romance, fantasy"
OL20650912W,collectionID:EanesChallenge
OL20650912W,"Fiction, romance, paranormal, general"
OL20650912W,[series:SJM_Crescent:City]
OL20650912W,fiction
OL20650912W,angels
OL20650912W,demonology
OL20650912W,Fairies
OL20650912W,fantasy fiction
OL20650912W,murder
OL77775W,Juvenile fiction
OL77775W,Friendship
OL77775W,Self-actualization (Psychology)
OL77775W,Choice
OL77775W,History
OL77775W,Single women
OL77775W,Fiction
OL77775W,Romance fiction
OL77775W,"Fiction, historical, general"
OL77775W,"Fiction, general"
OL77775W,"Fiction, romance, general"
OL77775W,American literature
OL77775W,Fear
OL21775531W,Dystopian
OL21775531W,science fiction
OL21775531W,young adult
OL21775531W,romance
OL21775531W,dystopian romance
OL21775531W,science fiction romance
OL21775531W,forbidden love
OL21775531W,power dynamics
OL21775531W,abuse
OL21775531W,trauma
OL21775531W,healing
OL21775531W,redemption
OL3759318W,"Fiction, Romance, Contemporary"
OL27838518W,"Fiction, romance, general"
OL11327953W,"Fiction, Romance, Contemporary"
OL11277315W,"Fiction, Romance, Contemporary"
OL20018811W,Long-distance relationships
OL20018811W,Novelists
OL20018811W,Fiction
OL20018811W,"Fiction, romance, contemporary"
OL20018811W,New York Times Bestseller
OL20018811W,"Fiction, romance, new adult"
OL3475982W,"Fiction, romance, general"
OL3475982W,"Fiction, general"
OL3475982W,Fiction
OL3475982W,romance
OL8315354W,"Fiction, Romance, Contemporary"
OL8315362W,"Fiction, Romance, Contemporary"
OL11328452W,"Fiction, Romance, Contemporary"
OL4955616W,Fiction in English
OL4955616W,Romance fiction
OL4955616W,Romance-language fiction
OL4955616W,Secretaries
OL4955616W,Fiction
OL11277298W,"Fiction, Romance, Contemporary"
OL3467485W,"Fiction, Romance, Contemporary"
OL3294436W,"Fiction, Romance, Contemporary"
OL3845148W,"Fiction, Romance, Contemporary"
OL4233148W,"Fiction, Romance, Contemporary"
OL20004814W,College students
OL20004814W,Man-woman relationships
OL20004814W,Fiction
OL20004814W,"Fiction, romance, contemporary"
OL20004814W,"Fiction, women"
OL20004814W,FICTION / Romance / Contemporary
OL20004814W,FICTION / Contemporary Women
OL16014245W,Love
OL16014245W,Ability
OL16014245W,Dictatorship
OL16014245W,Fiction
OL16014245W,Science fiction
OL16014245W,Soldiers
OL16014245W,Juvenile fiction
OL16014245W,Love stories
OL16014245W,Children's fiction
OL16014245W,"Love, fiction"
OL16014245W,"Soldiers, fiction"
OL16014245W,"Totalitarianism, fiction"
OL16014245W,Romance fiction
OL16014245W,Dictators
OL16014245W,Aptitude
OL16014245W,"Romans, nouvelles, etc. pour la jeunesse"
OL16014245W,Dictature
OL2959270W,"Fiction, Romance, Contemporary"
OL11277334W,"Fiction, Romance, Contemporary"
OL7990767W,"Fiction, Romance, Contemporary"
OL7990767W,"Intercountry marriage, fiction"
OL7990767W,"Husband and wife, fiction"
OL7990767W,"Pregnant women, fiction"
OL7990767W,"Fiction, romance, general"
OL11327897W,"Fiction, Romance,Contemporary"
OL8030401W,"Fiction, Romance, Contemporary"
OL8315310W,"Fiction, Romance, Contemporary"
OL3770492W,"Fiction, Romance, Contemporary"
OL17850410W,Fairies--Fiction.
OL17850410W,Sisters--Fiction.
OL17850410W,Orphans--Fiction.
OL17850410W,Princes--Fiction.
OL17850410W,Courts and courtiers--Fiction.
OL17850410W,Fantasy
OL17850410W,Princes
OL17850410W,Courts and courtiers
OL17850410W,Orphans
OL17850410W,Fairies
OL17850410W,Fiction
OL17850410W,Sisters
OL17850410W,Juvenile fiction
OL17850410W,"Sisters, fiction"
OL17850410W,"Fairies, fiction"
OL17850410W,"Orphans, fiction"
OL17850410W,"Princes, fiction"
OL17850410W,"Courts and courtiers, fiction"
OL17850410W,Fantasy fiction
OL17850410W,Children's fiction
OL17850410W,nyt:young-adult-hardcover=2018-01-21
OL17850410W,New York Times bestseller
OL17850410W,"Fiction, romance, paranormal, general"
OL17850410W,Young Adult Fiction
OL17850410W,Romance
OL17850410W,"Fiction, fantasy, general"
OL17850410W,"Fiction, general"
OL17850410W,"Young adult fiction, fantasy, dark fantasy"
OL17850410W,"Young adult fiction, royalty"
OL17850410W,"Young adult fiction, social themes, bullying"
OL17850410W,"Young adult fiction, fantasy, romance"
OL4233186W,"Fiction, Romance, Contemporary"
OL4233186W,"Affairs, fiction ""Mistresses"
OL4233186W,"fiction"""
OL3467489W,"Fiction, Romance, Contemporary"
OL3467489W,"Fiction, general"
OL4233175W,"Fiction, Romance, Contemporary"
OL20893778W,Dark Romance
OL20893778W,Dark
OL20893778W,Enemies To Lovers
OL20893778W,New Adult
OL20893778W,Contemporary
OL20893778W,Contemporary Romance
OL20893778W,Fiction
OL20893778W,Romance
OL3498612W,Romance
OL3498612W,Passion
OL3498612W,Fiction
OL3498612W,"Fiction, romance, general"
OL11327973W,"Fiction, Romance, Contemporary"
OL2959374W,"Fiction, Romance, Contemporary"
OL16481385W,Fiction
OL16481385W,romance
OL11327962W,"Fiction, Romance, Contemporary"
OL4342716W,"Fiction, Romance, Contemporary"
OL3845179W,"Fiction, Romance, Contemporary"
OL3845179W,"Secretaries, fiction"
OL3845179W,Secretaries
OL3845179W,Fiction
OL15411754W,"Fiction, Romance, Contemporary"
OL15411754W,"Revenge, fiction"
OL17719508W,Man-woman relationships
OL17719508W,Contemporary Women
OL17719508W,Contemporary
OL17719508W,FICTION
OL17719508W,Romance
OL17719508W,"Fiction, romance, contemporary"
OL17719508W,"Fiction, women"
OL17719508W,FICTION / Romance / Contemporary
OL17719508W,FICTION / Contemporary Women
OL17719508W,nyt:combined-print-and-e-book-fiction=2019-04-28
OL17719508W,New York Times bestseller
OL17719508W,College students
OL17719508W,Fiction
OL17719508W,nyt:trade-fiction-paperback=2019-04-21
OL3476075W,Fiction
OL3476075W,romance
OL3476079W,"Fiction, Romance, Contemporary"
OL3845101W,"Fiction, Romance, Contemporary"
OL3771180W,"Fiction, Romance, Contemporary"
OL8315355W,"Fiction, Romance, Contemporary"
OL8315355W,"Fiction, general"
OL3845173W,"Fiction, Romance, Contemporary"
OL3845173W,"Fiction, romance, general"
OL4233121W,"Fiction, Romance, Contemporary"
OL5236211W,"Fiction, Romance, Contemporary"
OL5236211W,Fiction in English
OL5236211W,"Ranchers, fiction"
OL5236211W,"Love stories, fiction"
OL5236211W,Ranchers
OL5236211W,Fiction
OL5236211W,Romance fiction
OL3845160W,"Fiction, Romance, Contemporary"
OL11327982W,"Fiction, Romance, Contemporary"
OL11327982W,"Love Stories, fiction"
OL2705619W,"Fiction, Romance, Contemporary"
OL2705619W,"Fiction, romance, general"
OL3770466W,"Fiction, Romance, Contemporary"
OL5236199W,"Fiction, Romance, Contemporary"
OL4225414W,"Fiction, Romance, Contemporary"
OL8315358W,"Fiction, general"
OL8315358W,"Fiction, romance, contemporary, general"
OL21435W,Frontier and pioneer life in fiction
OL21435W,Prostitutes in fiction
OL21435W,Frontier and pioneer life
OL21435W,Prostitutes
OL21435W,Fiction
OL21435W,Women pioneers
OL21435W,frontier life
OL21435W,love stories
OL21435W,Romance fiction
OL21435W,Christian fiction
OL21435W,historical fiction
OL21435W,Ficción
OL21435W,Prostitutas
OL21435W,Vida fronteriza
OL21435W,"Fiction, christian, historical"
OL21435W,"California, fiction"
OL21435W,"Frontier and pioneer life, fiction"
OL21435W,"San francisco (calif.), fiction"
OL21435W,"Fiction, religious"
OL21435W,"Fiction, romance, historical"
OL21435W,"Fiction, christian, romance"
OL21435W,"Fiction, historical"
OL21435W,Large type books
OL21435W,"Fiction, christian, romance, general"
OL21435W,"Bible, criticism, interpretation, etc."
OL3775489W,"Fiction, Romance, Contemporary"
OL16707517W,"Fiction, Romance, Contemporary"
OL16707517W,"Spaniards,  fiction"
OL16707517W,"Man-woman relationships, fiction"
OL16707517W,"Marriage, fiction"
OL16707517W,"Fiction, romance, erotica"
OL3457723W,"Fiction, Romance, Contemporary, Medical"
OL3457723W,Reader's Choice
OL3498880W,Blizzards
OL3498880W,Fiction
OL3498880W,"Fiction, romance, general"
OL4092663W,1920s
OL4092663W,"Fiction, Romance, Historical, Regency"
OL4092663W,"Aristocracy (Social class), fiction"
OL4092663W,History
OL4092663W,"Man-woman relationships, fiction"
OL4092663W,"Nobility, fiction"
OL4092663W,Social life and customs
OL4092663W,Large type books
OL4092663W,"Literature and fiction, romance"
OL4092663W,English literature
OL4092663W,Aristocracy (Social class)
OL4092663W,Fiction
OL4092663W,"Fiction, romance, general"
OL4092663W,"Great britain, fiction"
OL4092663W,"Fiction, romance, historical, general"
OL3457898W,"Fiction, Romance, Contemporary"
OL3457898W,"Physicians, fiction"
OL3457898W,"Spouses, fiction"
OL3457898W,Fiction in English
OL29215706W,Romance
OL29215706W,Dark
OL29215706W,Contemporary Romance
OL29215706W,Adult
OL29215706W,Disability
OL29215706W,Crime
OL29215706W,Fiction
OL29215706W,New Adult
OL29215706W,Marriage
OL3395282W,Romance - General
OL3395282W,"Fiction, romance, general"
OL3498721W,"Fiction, Romance, Contenporary, New Zealand Romance fiction"
OL3498721W,Large type books
OL213270W,Fiction in English
OL213270W,Detective and mystery stories
OL213270W,Romance fiction
OL213270W,Love stories
OL213270W,Large type books
OL213270W,Telepathy
OL213270W,Fiction
OL213270W,"Fiction, romance, suspense"
OL213270W,"Fiction, thrillers, general"
OL213270W,"Fiction, general"
OL213270W,Romance-language fiction
OL3773967W,"Fiction, Romance, Contemporary"
OL3773967W,"Man-woman relationships, fiction"
OL3773967W,"Brides, fiction"
OL3773967W,"Passion, fiction"
OL3773967W,"Princes, fiction"
OL3498599W,"Fiction, Romance, Contemporary"
OL4996160W,"Fiction, Romance, Historical"
OL4996160W,Dark romance
OL4996160W,spy
OL4996160W,alpha male
OL4996160W,Western Romance
OL4996160W,"Bodice ripper, fiction"
OL4996160W,Brandon-Morgan series
OL3457964W,"Fiction, Romance, Contemporary"
OL3457964W,"Housekeepers, fiction"
OL4182012W,Fiction
OL4182012W,Romance
OL4182012W,Contemporary
OL4182012W,Harlequin
OL4182012W,Marriage
OL4182012W,Pregnancy
OL4182012W,Amnesia
OL4182012W,Merchant bank
OL4182012W,Law clerk
OL4182012W,"Fiction, romance, general"
OL15790348W,"Fiction, Romance, Contemporary"
OL14920191W,Imaginary companions
OL14920191W,Fiction
OL14920191W,Literature
OL14920191W,"Fiction, romance, fantasy"
OL14920191W,Romance - Contemporary
OL14920191W,Fiction / General
OL14920191W,General
OL14920191W,Fiction - Romance
OL14920191W,collectionid:jprom
OL21692056W,Children's fiction
OL21692056W,nyt:young-adult-hardcover=2020-09-20
OL21692056W,New York Times bestseller
OL21692056W,"Young adult fiction, social themes, class differences"
OL21692056W,"Young adult fiction, romance, contemporary"
OL21692056W,"Young adult fiction, thrillers & suspense, general"
OL21692056W,"Young adult fiction, mysteries & detective stories"
OL4080602W,"Fiction, general"
OL4080602W,romance
OL7990736W,Romance
OL7990736W,Fiction
OL7990736W,Harlequin
OL7990736W,Marriage
OL7990736W,"Fiction, romance, general"
OL7990736W,Large type books
OL1673205W,Detective and mystery stories
OL1673205W,Organized crime
OL1673205W,Criminals
OL1673205W,Italian Americans
OL1673205W,Mafia
OL1673205W,Fiction
OL1673205W,Criminals in fiction
OL1673205W,Drama
OL1673205W,Italian Americans in fiction
OL1673205W,Mafia in fiction
OL1673205W,Organized crime in fiction
OL1673205W,Romance
OL1673205W,Corleone family (Fictitious characters)
OL1673205W,English fiction
OL1673205W,"Crime, fiction"
OL1673205W,"Criminals, fiction"
OL1673205W,"Italian americans, fiction"
OL1673205W,"New york (n.y.), fiction"
OL1673205W,"Fiction, mystery & detective, general"
OL1673205W,Corleone family (Personajes literarios)
OL1673205W,Novela
OL1673205W,Crimen organizado
OL1673205W,German language (Texts)
OL1673205W,Chinese books (Simplified characters)
OL1673205W,Crime
OL3775484W,"Fiction, romance, general"
OL3775484W,"Fiction, Romance, Contemporary"
OL3775484W,"Man-woman relationships, fiction"
OL3775484W,"Bachelors, fiction"
OL3775484W,"Pregnant women, fiction"
OL3775484W,"Passion, fiction"
OL3775484W,"Pregnancy, fiction"
OL5236248W,"Fiction, Romance, Contemporary"
OL5236248W,Fiction in English
OL5236248W,"Love stories, fiction"
OL3467605W,"Fiction, romance, general"
OL4092682W,"Fiction, Romance, Historical"
OL4092682W,English Historical fiction
OL4092682W,Love stories
OL4092682W,"Man-woman relationships, fiction"
OL4092682W,"Fiction, romance"
OL4092682W,"Georgia, fiction"
OL4092682W,"Fiction, religious"
OL4092682W,Marriage
OL4092682W,"Fiction, romance, regency"
OL4092682W,"Fiction, romance, historical, general"
OL4092682W,"Great britain, fiction"
OL4092682W,"Fiction, romance, general"
OL4092682W,History
OL4092682W,Historical fiction
OL4092682W,"Fiction, romance, historical, regency"
OL4092682W,Brothers and sisters
OL4092682W,Social life and customs
OL4092682W,Frères et sœurs
OL4092682W,"Romans, nouvelles"
OL4092682W,Mœurs et coutumes
OL4092682W,Manners and customs
OL4092682W,"Fiction, general"
OL4092682W,Large type books
OL111623W,Vampires
OL111623W,Fiction
OL111623W,Romance
OL111623W,Occult fiction
OL111623W,Time travel
OL111623W,"Love stories, American"
OL111623W,Magic
OL111623W,Demonology
OL111623W,Open Library Staff Picks
OL111623W,Warriors
OL111623W,Fantasy fiction
OL111623W,Wizards
OL111623W,Witches
OL111623W,Fantasy
OL111623W,Suspense
OL111623W,FICTION / Romance / Contemporary
OL111623W,FICTION / Romance / General
OL111623W,Shapeshifting
OL111623W,"Fiction, romance, suspense"
OL111623W,"Vampires, fiction"
OL111623W,"Fiction, occult & supernatural"
OL111623W,"Fiction, fantasy, general"
OL111623W,"Fiction, romance, fantasy"
OL111623W,"Fiction, romance, general"
OL3773956W,"Fiction, romance, general"
OL3773956W,Fiction
OL3773956W,Passion
OL3773956W,Romance
OL3773956W,Fictuon
OL3773956W,Contemporary
OL3773956W,Mistresses
OL3773956W,Greeks
OL3773956W,Social classes
OL3773956W,Harlequin
OL21574349W,"Fiction, Romance, Contemporary"
OL21574349W,English Romance fiction
OL21574349W,Love stories
OL21574349W,"Fiction, romance, general"
OL11329114W,"Fiction, romance, collections & anthologies"
OL11329114W,"Fiction, romance, contemporary"
OL11329114W,"Fiction, women"
OL22535730W,"Fiction, romance, general"
OL3759090W,Man-woman relationships
OL3759090W,Love stories
OL3759090W,Fiction
OL3759090W,"Fiction, romance, general"
OL3759090W,Passion
OL3759090W,Romance
OL3498574W,"Fiction, Romance, Contemporary"
OL3498574W,"Divorced people, fiction"
OL3498574W,"Passion, fiction"
OL3498574W,"Billionaires, fiction"
OL3498574W,"Daughters, fiction"
OL3498574W,"Marriage, fiction"
OL3498574W,"New Zealand, fiction"
OL17542361W,"Fiction, Romance, Contemporary, Modern"
OL17542361W,"Man-woman relationships, fiction"
OL17542361W,"Brides, fiction"
OL17542361W,"Billionaires, fiction"
OL17542361W,"Fiction, romance, contemporary"
OL3518627W,"Fiction, romance, general"
OL3518627W,"Fiction, general"
OL3518627W,Actresses
OL3518627W,Fiction
OL3518627W,Bankers
OL15715739W,Romance
OL15715739W,Fiction
OL15715739W,Harlequin
OL15715739W,Passion
OL15715739W,Marriage
OL15715739W,Greeks
OL15715739W,Amnesia
OL15715739W,Kouros Brothers
OL15715739W,Pregnancy
OL15715739W,"Fiction, romance, general"
OL8315279W,Fiction
OL8315279W,Contemporary Romance
OL8315279W,rancher
OL8315279W,librarian
OL8315279W,Harlequin Romance
OL8315279W,Hitched! series
OL3457969W,"Fiction, Romance, Contemporary"
OL3457969W,Love stories
OL15151142W,Mistresses
OL15151142W,Fiction
OL15151142W,Romance
OL15151142W,Passion
OL15151142W,Pregnancy
OL15151142W,Billionaires
OL15151142W,"Fiction, romance, general"
OL15151142W,"Fiction, romance, erotica"
OL15151142W,"Man-woman relationships, fiction"
OL15151142W,"Australia, fiction"
OL213274W,Missing persons
OL213274W,False personation
OL213274W,Fiction
OL213274W,"Fiction, romance, general"
OL213274W,Mystery
OL213274W,Romance
OL213274W,Suspense
OL213274W,Open Library Staff Picks
OL213274W,"Fiction, romance, suspense"
OL213274W,"Fiction, thrillers, general"
OL213274W,"Missing persons, fiction"
OL213274W,"England, fiction"
OL213274W,Personnes disparues
OL213274W,"Romans, nouvelles"
OL213274W,Supposition de personne
OL3759489W,"Fiction, Romance, Contemporary"
OL3759489W,"Fiction, romance, general"
OL3775480W,Fiction
OL3775480W,romance
OL3775480W,contemporary
OL3775480W,separation
OL3775480W,second chance at love
OL3775480W,journalism
OL3775480W,careers
OL3775480W,"Fiction, general"
OL3775480W,"Fiction, romance, general"
OL19352053W,"Fiction, Romance, Contemporary, Modern"
OL19352053W,"Man-woman relationships, fiction"
OL19352053W,"Twins, fiction"
OL19352053W,"Princes, fiction"
OL17717W,Romance
OL17717W,Fiction
OL17717W,"Fiction, romance, contemporary"
OL3457679W,"Fiction, Romance, Contemporary"
OL17356883W,Love & Romance
OL17356883W,Ability
OL17356883W,Resistance to Government
OL17356883W,Juvenile fiction
OL17356883W,Ungdomslitteratur
OL17356883W,Cloth or Hardcover
OL17356883W,Fantasy & Magic
OL17356883W,Fiction
OL17356883W,"Royalty (kings queens princes princesses knights, etc.)"
OL17356883W,Fantasy
OL17356883W,Blood
OL17356883W,Science fiction
OL17356883W,Princesses
OL17356883W,Children's Books/All Ages
OL17356883W,Teenage girls
OL17356883W,YOUNG ADULT FICTION
OL17356883W,Romance
OL17356883W,Royalty
OL17356883W,Children's fiction
OL17356883W,Fantasy fiction
OL17356883W,"Princesses, fiction"
OL17356883W,Large type books
OL17356883W,Courts and courtiers
OL17356883W,Social classes
OL17356883W,FICTION / Fantasy / Epic
OL17356883W,nyt:young-adult-paperback=2016-06-26
OL17356883W,New York Times bestseller
OL17356883W,nyt:young-adult=2015-03-01
OL17356883W,Coloring books
OL17356883W,"Adventure and adventurers, fiction"
OL17356883W,young adult
OL17356883W,romance
OL17356883W,adventure
OL17356883W,mystery
OL17356883W,suspense
OL17356883W,ranching
OL17356883W,frontier
OL17356883W,Native Americans
OL17356883W,family
OL17356883W,love
OL17356883W,loss
OL17356883W,betrayal
OL17356883W,redemption
OL17356883W,coming-of-age
OL17356883W,power
OL17356883W,discrimination
OL17356883W,revolution
OL3771074W,"Fiction, Romance, Contemporary"
OL5691862W,"Fiction, Romance, Contemporary"
OL5691862W,"Mistresses,  fiction"
OL5691862W,"Man-woman relationships, fiction"
OL5691862W,"British, fiction, Millionaires"
OL5691862W,"fiction"""
OL5691862W,"Passion, fiction"
OL5720027W,series: Twilight
OL5720027W,series:Luz_e_Escuridão
OL5720027W,Vampires
OL5720027W,Juvenile fiction
OL5720027W,Werewolves
OL5720027W,High schools
OL5720027W,Schools
OL5720027W,Vampiros
OL5720027W,Hombres lobo
OL5720027W,Fiction
OL5720027W,Ficción
OL5720027W,Escuelas secundarias
OL5720027W,Washington (State)
OL5720027W,nyt:series_books=2008-03-15
OL5720027W,New York Times bestseller
OL5720027W,Vampires -- Fiction
OL5720027W,Werewolves -- Fiction
OL5720027W,High schools -- Fiction
OL5720027W,Schools -- Fiction
OL5720027W,Vampires -- Juvenile fiction
OL5720027W,Werewolves -- Juvenile fiction
OL5720027W,High schools -- Juvenile fiction
OL5720027W,Schools -- Juvenile fiction
OL5720027W,Washington (State) -- Fiction
OL5720027W,Washington (State) -- Juvenile fiction
OL5720027W,Barn- och ungdomslitteratur
OL5720027W,YOUNG ADULT FICTION
OL5720027W,Romance
OL5720027W,Skolan
OL5720027W,School stories
OL5720027W,Dating & Sex
OL5720027W,Paranormal
OL5720027W,Social Themes
OL5720027W,Kärlek
OL5720027W,Vampyrer
OL5720027W,"Paranormal, Occult & Supernatural"
OL5720027W,"Vampires, fiction"
OL5720027W,Children's fiction
OL5720027W,"Werewolves, fiction"
OL5720027W,"Schools, fiction"
OL5720027W,"Washington (state), fiction"
OL5720027W,"Love, fiction"
OL5720027W,Love
OL5720027W,Novela
OL5720027W,Fantasy
OL5720027W,Media Tie-In
OL5720027W,School & Education
OL5720027W,Spanish language
OL5720027W,Reading materials
OL5720027W,nyt:series_books=2010-07-11
OL5720027W,Large type books
OL5720027W,Edward Cullen (Fictitious character)
OL5720027W,Bella Swan (Fictitious character)
OL5720027W,Vietnamese fiction
OL5720027W,"Cullen, Edward (Personnage fictif)"
OL5720027W,Interpersonal relations
OL5720027W,Ecoles
OL5720027W,"Romans, nouvelles, etc. pour la jeunesse"
OL5720027W,Portuguese language materials
OL5720027W,Romance fiction
OL5720027W,Horror tales
OL5720027W,Phantastische Literatur
OL5720027W,Polish language materials
OL5720027W,"Young adult fiction, romance, general"
OL5720027W,"Young adult fiction, fantasy, general"
OL5720027W,"Comic books, strips"
OL5720027W,Graphic novels
OL5720027W,"Romans, nouvelles"
OL5720027W,Loups-garous
OL5720027W,Paranormal fiction
OL5720027W,Écoles secondaires
OL5720027W,Écoles
OL62979W,"Fiction, Historical"
OL62979W,"Expatriation, fiction"
OL62979W,Americans
OL62979W,History
OL62979W,Brett Ashley (Fictitious character)
OL62979W,Fiction
OL62979W,"Ashley, Brett (Fictitious character)"
OL62979W,"Spain, fiction"
OL62979W,American fiction (fictional works by one author)
OL62979W,"Ashley, brett (fictitious character), fiction"
OL62979W,American literature
OL62979W,Classics
OL62979W,Literary
OL62979W,War & Military
OL62979W,"France, fiction"
OL62979W,"Ashley, Brett (Fictitious character) -- Fiction"
OL62979W,Americans -- Spain -- Fiction
OL62979W,Expatriation -- Fiction
OL62979W,"Spain -- History -- Alfonso XIII, 1886-1931 -- Fiction"
OL62979W,Americans--france--fiction
OL62979W,Americans--spain--fiction
OL62979W,Expatriation--fiction
OL62979W,Ps3515.e37 s8 2006
OL62979W,Expatriation
OL62979W,Manuscripts
OL62979W,Facsimiles
OL62979W,American Manuscripts
OL62979W,Ashley Brett (Fictitious character)
OL62979W,"Fiction, general"
OL62979W,"Fiction, war & military"
OL62979W,"Fiction, romance, general"
OL62979W,Historical fiction
OL167347W,"Fiction, Romance, Historical"
OL167347W,Fiction
OL3498608W,"Fiction, Romance, Contemporary"
OL4278173W,"Fiction, Romance, Contemporary"
OL4278173W,Large type books
OL16915199W,Contests
OL16915199W,Love
OL16915199W,Princes
OL16915199W,Revolutionaries
OL16915199W,FictioPOP/ROCK n.
OL16915199W,Social classes
OL16915199W,Marriage
OL16915199W,Fiction
OL16915199W,Children's fiction
OL16915199W,"Marriage, fiction"
OL16915199W,"Contests, fiction"
OL16915199W,"Princes, fiction"
OL16915199W,"Love, fiction"
OL16915199W,Man-woman relationships
OL16915199W,Juvenile fiction
OL16915199W,Romance fiction
OL16915199W,Revolucionarios
OL16915199W,Novela
OL16915199W,Mariage
OL16915199W,"Romans, nouvelles"
OL16915199W,Concours et compétitions
OL16915199W,Classes sociales
OL16915199W,Révolutionnaires
OL16915199W,Matrimonio
OL16915199W,Competencias
OL16915199W,Clases sociales
OL16915199W,Príncipes
OL16915199W,Novela romántica
OL3498971W,"Fiction, Romance, Contemporary"
OL3498971W,"Blind date, fiction"
OL3498971W,'Second chance romance
OL3498971W,"fiction"""
OL3498971W,"Friends to lovers, fiction"
OL3498971W,"Small town, fiction"
OL3498971W,"Family, fiction"
OL3498971W,"Friendship, fiction"
OL3498971W,"Forgiveness, fiction"
OL3498971W,"Redemption, fiction"
OL3498971W,"Man-woman relationships, fiction"
OL3771237W,"Fiction, Romance, Contemporary"
OL3771237W,"Widows, fiction"
OL3845129W,"Fiction, Romance, Contemporary"
OL3845129W,"Greeks, fiction"""
OL3845129W,"Family honour, fiction"
OL3845129W,"Revenge, fiction"
OL15145531W,Contemporary
OL15145531W,Fiction
OL15145531W,Romance
OL3759099W,"Fiction, romance, general"
OL3759099W,Christmas stories
OL3759099W,Fiction
OL11327932W,"Fiction, romance, general"
OL9367872W,Romance fiction
OL9367872W,romance
OL5688474W,Romance fiction
OL5688474W,Historical fiction
OL5688474W,Romance-language fiction
OL5688474W,Fiction
OL5688474W,"Fiction, romance, general"
OL4331821W,Nobility in fiction
OL4331821W,Seduction in fiction
OL4331821W,Seduction
OL4331821W,Fiction
OL4331821W,Romance
OL4331821W,Nobility
OL4331821W,Love stories
OL4331821W,"Fiction, romance, historical"
OL4331821W,Large type books
OL4331821W,Romance fiction
OL1855944W,historical romance
OL1855944W,Dunkirk Evacuation
OL1855944W,National Book Critics Circle Award Winner
OL1855944W,award:national_book_critics_circle_award=2002
OL1855944W,award:national_book_critics_circle_award=fiction
OL1855944W,Psychological fiction
OL1855944W,Teenage girls
OL1855944W,Fiction
OL1855944W,Atonement
OL1855944W,Ex-convicts
OL1855944W,Sisters
OL1855944W,Domestic fiction
OL1855944W,Life change events
OL1855944W,Country life
OL1855944W,Guilt
OL1855944W,open_syllabus_project
OL1855944W,"World War, 1939-1945"
OL1855944W,History
OL1855944W,Family
OL1855944W,Teenagers
OL1855944W,False testimony
OL1855944W,Historical fiction
OL1855944W,Girls
OL1855944W,Fictional Works [Publication Type]
OL1855944W,"Dunkirk, Battle of, Dunkerque, France, 1940"
OL1855944W,Fictional Works
OL1855944W,"England, fiction"
OL1855944W,"Sisters, fiction"
OL1855944W,British and irish fiction (fictional works by one author)
OL1855944W,"Fiction, psychological"
OL1855944W,"Fiction, family life"
OL1855944W,Judicial error
OL1855944W,Large type books
OL1855944W,"Fiction, general"
OL1855944W,FICTION / Literary
OL1855944W,FICTION / Historical
OL1855944W,FICTION / Sagas
OL1855944W,"Guerre mondiale, 1939-1945"
OL1855944W,Romans
OL1855944W,Adolescents
OL1855944W,"Romans, nouvelles"
OL1855944W,Sœurs
OL1855944W,"Fiction, family life, general"
OL1855944W,"Fiction, romance, historical, general"
OL1855944W,English literature
OL15399487W,"Fiction, Romance, Contemporary"
OL15399487W,"Sexual attraction, fiction"
OL15399487W,"Architects, fiction"
OL15399487W,"Single women, fiction"
OL15399487W,"Man-woman relationships, fiction"
OL15399487W,"Bachelors, fiction"
OL15399487W,"Fiction, romance, erotica"
OL3771274W,"Fiction, Romance, Contemporary"
OL14920253W,"Fiction, Romance, Historical, Regency"
OL554613W,collectionID:DHromance
OL554613W,Fiction
OL554613W,Historical Romance
OL554613W,Bluestocking
OL554613W,Series:Blydon
OL554613W,"Fiction, romance, historical, general"
OL4787985W,"Fiction, romance, general"
OL16552717W,Fiction
OL16552717W,Businesspeople
OL16552717W,Separated people
OL16552717W,Secrecy
OL16552717W,"Fiction, romance, erotica"
OL16552717W,"Fiction, romance, general"
OL9195994W,"Fiction, Romance, Contemporary"
OL5809069W,"Fiction, Romance, Contemporary"
OL5809069W,"Passion, fiction"
OL5809069W,") ""Married people"
OL5809069W,"fiction"""
OL5809069W,"Fiction, romance, suspense"
OL4215992W,"Fiction, Romance, Contemporary"
OL4215992W,Man-woman relationships
OL4215992W,"fiction"""
OL4092643W,"Fiction, Romance, Historical, Regency"
OL4092643W,"Betrothal, fiction"
OL4092643W,"Man-woman relationships, fiction"
OL4181974W,Romance
OL4181974W,Fiction
OL4181974W,Harlequin
OL4181974W,Passion
OL4181974W,Single Mothers
OL4181974W,Writers
OL4181974W,Greeks
OL4181974W,"Fiction, romance, general"
OL1902239W,Western romance
OL1902239W,"Fiction, romance, contemporary"
OL1902239W,"Fiction, general"
OL1902239W,"Fiction, small town & rural"
OL1902239W,"Fiction, romance, general"
OL1902239W,"Fiction, romance, western"
OL10530542W,Fiction
OL10530542W,Fiction in English
OL10530542W,Romance
OL10530542W,"Fiction, general"
OL10530542W,"Fiction, romance, western"
OL555417W,collectionID:Abodice_ripper
OL555417W,bodice ripper
OL555417W,"Fiction, romance, historical, general"
OL555417W,"Fiction, romance, historical"
OL555417W,Western Romance
OL555417W,"Fiction, romance, Dark Romance, alpha male"
OL1999672W,"Fiction, Romance, Historical, Regency"
OL1999672W,"Fiction, general"
OL20168471W,"Fiction, romance, historical"
OL20168471W,"Fiction, romance, regency"
OL2959361W,"Fiction, Romance, Contemporary"
OL3771201W,"Fiction, Romance, Contemporary"
OL17388303W,"Fiction, Romance, Contemporary"
OL17388303W,"Man-woman relationships, fiction"
OL17388303W,"Administrative assistants,  fiction"
OL17388303W,"Businessmen,  fiction"
OL17388303W,"Aristocracy (Social class), fiction"
OL17388303W,"Fiction, romance, erotica"
OL17388303W,"England, fiction"
OL17388303W,"Fiction, romance, general"
OL8315345W,"Fiction, romance, general"
OL3395308W,"Fiction, romance, contemporary"
OL15434793W,Women gardeners
OL15434793W,Greeks
OL15434793W,Married people
OL15434793W,Fiction
OL15434793W,Billionaires
OL15434793W,Romance
OL15434793W,Harlequin
OL15434793W,"Fiction, romance, general"
OL15434793W,"Greece, fiction"
OL15434793W,"Man-woman relationships, fiction"
OL3754795W,Fiction
OL3754795W,romance
OL7664463W,"Fiction, Romance, Contemporary"
OL7664463W,"Man-woman relationships, fiction"
OL7664463W,Marriage
OL7664463W,Passion
OL7664463W,"Fiction, romance, general"
OL3457986W,"Fiction, Romance, Contemporary"
OL3457986W,"Physicians, fiction"
OL3457986W,"Spouses, fiction"
OL3457986W,Christmas stories
OL3498584W,"Fiction, Romance, Contemporary"
OL15186060W,"Fiction, Romance, Contemporary"
OL15186060W,"Fiction, romance, erotica"
OL15186060W,"Marriage, fiction"
OL15186060W,"Twins, fiction"
OL15186060W,"Mothers and sons, fiction"
OL15186060W,"Greeks, fiction"
OL15186060W,"Single mothers,  fiction"
OL15186060W,"Man-woman relationships, fiction"
OL15186060W,"Birthfathers, fiction"
OL15186060W,"Billionaires,  fiction"
OL15186060W,"Poor women, fiction"
OL18170678W,Romance fiction
OL8315314W,Large type books
OL8315314W,"Fiction, romance, general"
OL8315314W,romance
OL3803114W,Fiction
OL3803114W,Romance
OL3803114W,Contemporary
OL3803114W,Passion
OL3803114W,"Fiction, romance, general"
OL16813583W,Australia
OL16813583W,genetics
OL16813583W,research
OL16813583W,romance
OL16813583W,marriage
OL16813583W,college teachers
OL16813583W,Fiction
OL16813583W,Interpersonal relations
OL16813583W,Romance fiction
OL16813583W,Australian fiction
OL16813583W,Large type books
OL16813583W,nyt:trade-fiction-paperback=2014-06-22
OL16813583W,New York Times bestseller
OL16813583W,New York Times reviewed
OL16813583W,"College teachers, fiction"
OL16813583W,"Marriage, fiction"
OL16813583W,"Australia, fiction"
OL16813583W,"Fiction, romance, contemporary"
OL16813583W,Love stories
OL16813583W,Asperger-Syndrom
OL16813583W,Partnerwahl
OL16813583W,Littérature australienne
OL16813583W,Roman
OL16813583W,Relations amoureuses
OL16813583W,Généticiens
OL16813583W,"Romans, nouvelles"
OL16813583W,Génétique
OL16813583W,Choix du conjoint
OL16813583W,Pères naturels
OL16813583W,Identification
OL16813583W,Questionnaires
OL16813583W,Maestros universitarios
OL16813583W,Novela
OL16813583W,Genética
OL16813583W,Investigaciones
OL16813583W,Matrimonio
OL16813583W,College teachers -- Australia -- Fiction
OL16813583W,Genetics -- Research -- Fiction
OL16813583W,Marriage -- Fiction
OL16813583W,"Mariage -- Romans, nouvelles, etc"
OL16813583W,Genetics -- Research
OL25917284W,American literature
OL25917284W,"Fiction, romance, general"
OL25917284W,Adult & contemporary romance
OL25917284W,LGBTQ romance
OL25917284W,LGBTQ+ romance
OL25917284W,"Fiction, romance, lgbtq+, lesbian"
OL25917284W,queer romance
OL25917284W,Erotic literature (LGBTQ)
OL5236157W,"Fiction, Romance, Contemporary"
OL3457857W,"Fiction, Romance, Contemporary"
OL16048133W,"Fiction, Romance, Contemporary, Modern"
OL16048133W,"Man-woman relationships, fiction"
OL16048133W,"Passion, fiction"
OL15010W,Fiction
OL15010W,Triangles (Interpersonal relations)
OL15010W,Man-woman relationships
OL15010W,Women
OL15010W,Sexuality
OL15010W,History
OL15010W,"Fiction, romance, historical"
OL15010W,"England, fiction"
OL15010W,"Man-woman relationships, fiction"
OL15010W,"Fiction, romance, historical, general"
OL20512441W,"Fiction, romance, general"
OL20512441W,"Fiction, general"
OL15400457W,"Fiction, Romance, Contemporary"
OL15400457W,"Romany wedding, fiction"
OL3457874W,"Fiction, Romance, Contemporary, Medical"
OL3457874W,Fiction in English
OL3458053W,"Fiction, Romance, Contemporary, Medical"
OL15139250W,"Fiction, Romance, Contemporary"
OL15139250W,"Millionaires,  fiction"
OL15139250W,"Corporate lawyers, fiction"
OL15139250W,"Congresses and conventions, fiction"
OL15139250W,Tender Romance
OL15139250W,"Spouses, fiction"
OL34568152W,Life change events
OL34568152W,Fiction
OL34568152W,"Fiction, romance, contemporary"
OL34568152W,nyt:combined-print-and-e-book-fiction=2013-05-19
OL34568152W,New York Times bestseller
OL34568152W,"Fiction, romance, general"
OL11327725W,"Fiction, Romance, Contemporary"
OL11327725W,Fiction in English
OL3845023W,"Fiction, Romance, Contemporary"
OL3845023W,"Man-woman relationships, fiction"
OL3771190W,"Fiction, Romance, Contemporary"
OL5730765W,Open Library Staff Picks
OL5730765W,Fiction
OL5730765W,Romance
OL5730765W,New York Times bestseller
OL5730765W,Young women
OL5730765W,Humor (Fiction)
OL5730765W,Businesswomen
OL5730765W,nyt:e-book_fiction=2011-10-01
OL5730765W,"Fiction, humorous"
OL5730765W,"Young women, fiction"
OL5730765W,"England, fiction"
OL5730765W,"Fiction, women"
OL5730765W,"Fiction, romance, contemporary"
OL5730765W,"Fiction, humorous, general"
OL4092555W,"Fiction, Romance, Historical, Regency"
OL4092555W,Social life and customs
OL4092555W,"England, fiction"
OL4092555W,Fiction
OL3771315W,"Fiction, Romance, Contemporary"
OL3771315W,"Islands, fiction"
OL3771315W,"Fiction, general"
OL24662068W,Series:Hades-x-Persephone
OL24662068W,"Fiction, romance, general"
OL24662068W,"Fiction, fantasy, general"
OL24662068W,"Fiction, erotica, general"
OL24662068W,Mythology
OL24662068W,Fantasy
OL24662068W,Romance
OL24662068W,Romantasy
OL24662068W,Greek Mythology
OL24662068W,Fantasy Romance
OL24662068W,Dark Romance
OL24662068W,Retellings
OL24662068W,Fiction
OL15684W,Fiction
OL15684W,Social life and customs
OL15684W,Malory family (Fictitious characters)
OL15684W,"Fiction, romance, historical"
OL15684W,Large type books
OL15684W,"Fiction, romance, historical, general"
OL15684W,"Fiction, romance, historical, regency & georgian"
OL15684W,"Great britain, social life and customs, fiction"
OL21181078W,English Romance fiction
OL4233134W,"Fiction, romance, general"
OL4233134W,"Greece, fiction"
OL4233134W,Fiction
OL4233134W,Passion
OL4233134W,Romance
OL4233134W,"Man-woman relationships, fiction"
OL4233134W,"Married people, fiction"
OL4233134W,Millionaires
OL4233134W,Separated people
OL4233134W,Harlequin
OL4233134W,Greeks
OL4233134W,Large type books
OL4233134W,Love stories
OL3498542W,Large type books
OL3498542W,"Fiction, romance, general"
OL3498542W,"Fiction, general"
OL3498542W,Spouses
OL3498542W,Fiction
OL4580338W,"Fiction, romance, general"
OL4580338W,Large type books
OL3775482W,"Fiction, Romance, Contemporary"
OL3775482W,"Fiction, romance, general"
OL3775482W,"Fiction, general"
OL42611094W,Fiction
OL42611094W,Classics
OL42611094W,Indian Literature
OL42611094W,India
OL42611094W,Novels
OL42611094W,Romance
OL42611094W,Love
OL42611094W,Literature
OL42611094W,Drama
OL5691872W,"Fiction, romance, general"
OL5689129W,Fiction
OL5689129W,Historical Fiction
OL5689129W,Romance
OL5689129W,Romance fiction
OL5689129W,"Fiction, romance, general"
OL3759340W,"Fiction, Romance, Contemporary"
OL3759340W,Large type books
OL3759340W,"Fiction, general"
OL15659W,"Fiction, romance, historical"
OL15659W,Romance fiction
OL15659W,"Fiction, romance, historical, general"
OL15137409W,"Fiction, romance, general"
OL15137409W,"Fiction, general"
OL20734329W,American literature
OL20734329W,"Fiction, romance, contemporary"
OL20734329W,nyt:combined-print-and-e-book-fiction=2020-06-07
OL20734329W,New York Times bestseller
OL20734329W,romance
OL20734329W,Authors
OL20734329W,Fiction
OL20734329W,Vacation homes
OL20734329W,Writer's block
OL20734329W,Man-woman relationships
OL20734329W,Neighbors
OL20734329W,Man-woman relationship
OL20734329W,Beaches
OL3457669W,"Fiction, Romance, Contemporary"
OL3457669W,"Fiction in English, Man-woman relationships"
OL3457669W,"fiction"""
OL3770771W,"Fiction, Romance, Contemporary"
OL111594W,"Fiction, Romance, Contemporary"
OL111594W,Composers
OL111594W,Open Library Staff Picks
OL111594W,Women musicians
OL111594W,"Love stories, American"
OL111594W,"American Romance fiction"""
OL111594W,"Stanislaski family (fictitious characters), fiction"
OL111594W,"Fiction, romance, general"
OL111594W,Large type books
OL111594W,"Fiction, romance, contemporary"
OL3519312W,"Fiction, Romance, Contemporary"
OL34341W,"Fiction,  Romance, Contemporary"
OL34341W,"Married people,  fiction"
OL34341W,"Mate selection, fiction"
OL34341W,"Man-woman relationships, fiction"
OL34341W,"Fiction, Romance, Contemporary"
OL34341W,"Married people, fiction"
OL34341W,"Fiction, romance, contemporary"
OL4181961W,"Fiction, Romance, Contemporary"
OL4181961W,"Man-woman relationships, fiction"
OL4181961W,"Forced marriage, fiction"
OL4181961W,"Passion, fiction"
OL4181961W,"Married people, fiction"
OL4181961W,"Fiction, romance, general"
OL3759178W,"Fiction, Romance, Contemporary"
OL3759178W,"Passion, fiction"
OL152328W,"Fiction, Romance, Historical, Medieval"
OL152328W,collectionID:Mbodice_ripper
OL152328W,"Love stories, fiction"
OL152328W,Large print books
OL152328W,"Aristocracy (Social class), fiction"
OL152328W,"Man-woman relationships, fiction"
OL152328W,"Kidnap victims, fiction"
OL152328W,"Alpha male, fiction"
OL152328W,"Scotland, fiction"
OL3845133W,Fiction
OL3845133W,Romance
OL3845133W,Contemporary
OL3845133W,Fiction in English
OL15187345W,Fiction
OL15187345W,Passion
OL15187345W,Romance
OL15187345W,"Fiction, romance, general"
OL15187345W,"Fiction, Romance, Contemporary"
OL15187345W,"Mistresses, fiction"
OL15187345W,"Nieces, fiction"
OL15187345W,"Aunts, fiction"
OL15187345W,"Guardian and ward, fiction"
OL15187345W,"Ex-fiance, fiction"
OL15187345W,"Doctors, fiction"
OL15187345W,"Greeks, fiction"
OL15187345W,"Single women, fiction"
OL15187345W,"Greece, fiction"
OL15187345W,Large type books
OL15956589W,Mistresses
OL15956589W,Embezzlement
OL15956589W,Fiction
OL15956589W,Millionaires
OL15956589W,Italians
OL15956589W,Blackmail
OL15956589W,Romance
OL15956589W,Harlequin
OL15956589W,"Fiction, romance, contemporary"
OL554608W,"Fiction, Romance, Historical, Regency"
OL554608W,"Social life and customs, fiction"
OL554608W,Large type books
OL554608W,"England, fiction"
OL554608W,"Masquerades, fiction"
OL554608W,"Romans, nouvelles"
OL554608W,Mœurs et coutumes
OL554608W,"Manners and customs, fiction"
OL554608W,nyt:mass-market-monthly=2021-04-11
OL554608W,New York Times bestseller
OL15174764W,Fiction
OL15174764W,Passion
OL15174764W,Romance
OL15174764W,"Fiction, romance, suspense"
OL15174764W,"Man-woman relationships, fiction"
OL15174764W,Love stories
OL15174764W,Romance fiction
OL15174764W,"Fiction, romance, general"
OL15174764W,"Fiction, romance, erotica"
OL24138344W,"Fiction, fantasy, general"
OL24138344W,"Fiction, romance, general"
OL3770463W,"Fiction, Romance, Contemporary"
OL3770463W,Marriage
OL3770463W,Passion
OL3770463W,Large print books
OL3770463W,"Fiction, general"
OL3770463W,Large type books
OL5236226W,"Fiction, Romance, Contemporary"
OL5236226W,Fiction in English
OL5236226W,"Smuggling, fiction"
OL14873597W,Fiction in English
OL14873597W,American Love stories
OL14873597W,Translations into Russian
OL14873597W,Fiction
OL14873597W,"Man-woman relationships, fiction"
OL14873597W,"Disfigured persons,  fiction"
OL14873597W,"Traffic accidents, fiction"
OL14873597W,"Plastic Surgery, fiction"
OL14873597W,"Truthfulness and falsehood,  fiction"
OL14873597W,Romance fiction
OL14873597W,Love stories
OL14873597W,American Romance fiction
OL14873597W,Large type books
OL14873597W,"Fiction, romance, general"
OL14873597W,"Fiction, romance, contemporary"
OL3458011W,"Fiction, Romance, Contemporary"
OL3458011W,"Man-woman relationships, fiction"
OL3458011W,"Physicians, fiction"
OL3458011W,"Medical secretaries, fiction"
OL11328453W,"Fiction, Romance, Contemporary"
OL11328453W,"Fiction, general"
OL11328453W,Large type books
OL11328453W,Zhang pian xiao shuo
OL16793664W,Romance
OL16793664W,tragedy
OL16793664W,young adult
OL16793664W,first love
OL16793664W,loss
OL16793664W,grief
OL16793664W,heartbreak
OL16793664W,redemption
OL16793664W,forgiveness
OL16793664W,moving on
OL16793664W,"Fiction, romance, general"
OL16793664W,Online dating
OL16793664W,Fiction
OL16793664W,Rencontres amoureuses sur Internet
OL16793664W,"Romans, nouvelles"
OL16793664W,"Man-woman relationships, fiction"
OL5236181W,"Fiction, Romance, Contemporary"
OL5236181W,Fiction in English
OL36043513W,"Fiction, romance, contemporary"
OL36043513W,"Fiction, romance, romantic comedy"
OL36043513W,"Fiction, romance, general"
OL36043513W,Romance
OL36043513W,Sports Romance
OL36043513W,Sports
OL36043513W,Fake Dating
OL36043513W,Contemporary
OL36043513W,Contemporary Romance
OL36043513W,Basketball players
OL36043513W,Basketball
OL36043513W,Serie:Windy_City
OL36043513W,Fiction
OL36043513W,Adult
OL36043513W,New Adult
OL15190892W,"Fiction, Romance, Contemporary"
OL15190892W,"Passion, fiction"
OL15190892W,"Marriage, fiction"
OL15190892W,"Revenge, fiction"
OL15190892W,"Italians, fiction"
OL15190892W,"Inheritance and succession, fiction"
OL15190892W,"Billionaires, fiction"
OL15190892W,"Fiction, Romance, Contemporary, Modern"
OL17388216W,"Fiction, Romance, Contemporary, Erotica"
OL17388216W,"Italy, fiction"
OL17388216W,"Fiction, Romance, Contemporary, Mistresses"
OL17388216W,"Virgins, fiction"
OL17388216W,"Sisters, fiction"
OL17388216W,"Billionaires,  fiction"
OL17388216W,"Poor women, fiction"
OL17388216W,"Man-woman relationships, fiction"
OL5236093W,"Fiction, Romance, Contemporary"
OL4092680W,"Fiction, Romance, Historical, Regency"
OL4092680W,"Social life and customs, fiction"
OL4092680W,Large type books
OL4092680W,"Great Britain, fiction"
OL4092680W,Ingles (lingua)
OL4092680W,Literatura inglesa
OL4092680W,"Literature and fiction, romance"
OL4092680W,"Families, fiction"
OL4092680W,"Aristocracy (Social class), fiction"
OL4092680W,"Young women,  fiction"
OL4092680W,"Romans, nouvelles"
OL4092680W,Mœurs et coutumes
OL4092680W,"Manners and customs, fiction"
OL4092680W,"Fiction, general"
OL27245840W,"Fiction, romance, general"
OL16033177W,Love stories
OL16033177W,"Fiction, romance, general"
OL28880495W,nyt:combined-print-and-e-book-fiction=2023-03-12
OL28880495W,New York Times bestseller
OL28880495W,collectionid:nyt2020s
OL28880495W,"Fiction, romance, contemporary"
OL28880495W,"Fiction, romance, romantic comedy"
OL28880495W,"Fiction, romance, suspense"
OL3498609W,"Fiction, general"
OL3498609W,Large type books
OL3498609W,Romance
OL3498609W,Harlequin
OL3498609W,Fiction
OL3498609W,Amnesia
OL3498609W,Marriage
OL14862503W,collectionID:Gbodice_ripper
OL14862503W,Romance fiction
OL14862503W,Large type books
OL14862503W,"Fiction, romance, contemporary"
OL14862503W,"Fiction, romance, general"
OL14862503W,Bodice ripper
OL5686859W,"Fiction, Romance, Contemporary"
OL5686859W,"Man-woman relationships, fiction"
OL5686859W,"Millionaires, fiction"
OL5686859W,Fiction
OL5686859W,Passion
OL5686859W,Romance
OL5686859W,"Fiction, romance, general"
OL20664315W,"Fiction, romance, contemporary"
OL11327951W,"Fiction, Romance, Contemporary"
OL11327951W,"Farming, fiction"
OL11327951W,Greenhouse
OL11327951W,"fiction"""
OL3457887W,"Fiction, Romance, Contemporary"
OL3457887W,"Housekeepers, fiction"
OL3457887W,"College teachers, fiction"
OL3457887W,"Young women, fiction"
OL3457887W,"Medical consultants, fiction"
OL15334861W,"Fiction, Romance, Contemporary, Modern, Man-woman relationships"", Pregnancy, Billionaires, Italians, Fiction"
OL15334861W,romance
OL15334861W,"erotica"""
OL15334861W,"Man-woman relationships, fiction"
OL15334861W,"Pregnancy, fiction"
OL15334861W,"Marriage, fiction"
OL15334861W,Passion
OL15334861W,"Fiction, romance, erotic"
OL15334861W,"Fiction, romance, general"
OL5720033W,Literature
OL5720033W,Betrayal
OL5720033W,Betrayal in fiction
OL5720033W,Biological invasions
OL5720033W,Spirit possession in fiction
OL5720033W,nyt:mass_market_paperback=2011-08-13
OL5720033W,Triangles (Interpersonal relations)
OL5720033W,New York Times bestseller
OL5720033W,Biological invasions in fiction
OL5720033W,Fiction
OL5720033W,Spirit possession
OL5720033W,Science fiction
OL5720033W,Accelerated readers (BUR)
OL5720033W,"Fiction, romance, paranormal"
OL5720033W,"Fiction, science fiction, general"
OL5720033W,Large type books
OL5720033W,"Fiction, romance, paranormal, general"
OL1902487W,Christian romance
OL1902487W,theft
OL1902487W,Man-woman relationships
OL1902487W,Stocks
OL1902487W,Fiction
OL1902487W,Oil industries
OL1902487W,"Fiction, romance, contemporary"
OL1902487W,"Fiction, small town & rural"
OL1902487W,"Fiction, romance, general"
OL1902487W,"Fiction, romance, western"
OL15673W,"Fiction, Romance, Historical"
OL15673W,Uncles
OL15673W,Nobility
OL15673W,Love stories
OL15673W,"Literature and fiction, romance"
OL15673W,"Literature and fiction, historical fiction"
OL3457649W,"Fiction, Romance, Contemporary"
OL3457649W,"Man-woman relationships, fiction"
OL3457649W,"England, fiction"
OL3457649W,"Physicians, fiction"
OL3457649W,"Betrothal, fiction"
OL3457649W,"Receptionists, fiction"
OL3498758W,"Fiction, romance, general"
OL3498758W,Spouses
OL3498758W,Fiction
OL3498758W,Large type books
OL3498758W,Marriage
OL3498758W,Man-woman relationships
OL3498758W,"Fiction, Romance, Contemporary"
OL3498758W,"Man-woman relationships, fiction"
OL3498758W,"Married people, fiction"
OL36371W,History
OL36371W,Fiction
OL36371W,Classic Literature
OL36371W,Juvenile fiction
OL36371W,Prisoners
OL36371W,Brothers
OL36371W,Twins
OL36371W,Adventure stories
OL36371W,"Fiction, general"
OL36371W,"Literature and fiction, historical fiction"
OL36371W,"Fiction, action & adventure"
OL36371W,"France, fiction"
OL36371W,"Three musketeers (fictitious characters), fiction"
OL36371W,Continental european fiction (fictional works by one author)
OL36371W,"Literature and fiction, action and adventure"
OL36371W,"Fiction, historical, general"
OL36371W,"Fiction, romance, historical, general"
OL36371W,"Twins, fiction"
OL36371W,"Brothers, fiction"
OL36371W,"Fiction, men's adventure"
OL36371W,Children's fiction
OL36371W,Romance literature
OL36371W,Long now manual for civilization
OL17797857W,Children's fiction
OL17797857W,Mystery and detective stories
OL17797857W,"Murder, fiction"
OL17797857W,"Schools, fiction"
OL17797857W,Young adult fiction
OL17797857W,Juvenile fiction
OL17797857W,Fiction
OL17797857W,YOUNG ADULT FICTION / Social Themes / Friendship
OL17797857W,Murder
OL17797857W,YOUNG ADULT FICTION / Mysteries & Detective Stories
OL17797857W,High schools
OL17797857W,Schools
OL17797857W,Murder suspects
OL17797857W,YOUNG ADULT FICTION / Thrillers & Suspense
OL17797857W,"Young adult fiction, mysteries & detective stories"
OL17797857W,"Young adult fiction, romance, contemporary"
OL17797857W,"Young adult fiction, thrillers & suspense, general"
OL17797857W,nyt:young-adult-paperback-monthly=2023-04-09
OL17797857W,New York Times bestseller
OL17797857W,English language
OL17797857W,nyt:young-adult-hardcover=2017-07-09
OL3498751W,Marriage
OL3498751W,Fiction
OL3498751W,Romance
OL3498751W,Passion
OL3498751W,Businessmen
OL3498751W,Pregnancy
OL3498751W,Music teachers
OL3498751W,"Fiction, romance, general"
OL15334853W,"Fiction, Romance, Contemporary, Modern"
OL15334853W,"Rich people, fiction"
OL15334853W,"Man-woman relationships, fiction"
OL15334853W,"Marriage,  fiction"
OL15334853W,"Businessmen, fiction"
OL15334853W,"Passion, fiction"
OL15334853W,"Fiction, romance, erotica"
OL8028189W,"Fiction, romance, general"
OL3467552W,"Fiction, Romance, Contemporary"
OL3467552W,"Housesitting, fiction"
OL3467552W,"Millionaires, fiction"
OL3467552W,"Women novelists, fiction"
OL29515951W,"Fiction, romance, general"
OL29515951W,Dark
OL29515951W,Dark Romance
OL29515951W,Romance
OL29515951W,BDSM
OL29515951W,Erotica
OL29515951W,Contemporary
OL29515951W,Adult
OL29515951W,Suspense
OL29515951W,Contemporary Romance
OL1822307W,"Fiction, Romance, Historical, Regency"
OL1822307W,"Fiction, romance, general"
OL3467581W,Fiction
OL3467581W,Passion
OL3467581W,Romance
OL3467581W,Billionaires
OL3467581W,Inheritance and succession
OL3467581W,Arranged marriage
OL3467581W,"Fiction, romance, general"
OL3467581W,"Marriage, fiction"
OL3981199W,Fiction
OL3981199W,Romance
OL3981199W,Contemporary
OL3981199W,Department Stores
OL3981199W,"Fiction, general"
OL3845038W,"Fiction, Romance, Contemporary, Tender"
OL3845038W,"Man-woman relationships, fiction"
OL3759231W,Fiction
OL3759231W,Romance Contemporary
OL3759231W,"Fiction, general"
OL1833989W,Fiction
OL1833989W,Opera
OL1833989W,Composers
OL1833989W,Phantom of the Opera (Fictitious character)
OL1833989W,Readers
OL1833989W,English language
OL1833989W,Horror stories
OL1833989W,Chinese language
OL1833989W,Chinese
OL1833989W,Reading comprehension
OL1833989W,Foreign speakers
OL1833989W,Textbooks for foreign speakers
OL1833989W,Study and teaching
OL1833989W,Translations into English
OL1833989W,Opera de Paris
OL1833989W,French fiction
OL1833989W,Romance fiction
OL1833989W,Psychological fiction
OL1833989W,Horror tales
OL1833989W,"Fiction, thrillers"
OL1833989W,Children's fiction
OL1833989W,"Paris (france), fiction"
OL1833989W,"France, fiction"
OL1833989W,"Phantom of the opera (fictitious character), fiction"
OL1833989W,"Composers, fiction"
OL1833989W,"Fiction, gothic"
OL1833989W,"Fiction, horror"
OL1833989W,Readers for new literates
OL1833989W,Musical fiction
OL1833989W,Musicals
OL1833989W,Adaptations
OL1833989W,Juvenile fiction
OL1833989W,Singers
OL1833989W,History
OL2705653W,Fiction
OL2705653W,general
OL2705653W,romance
OL2705653W,"Fiction, general"
OL17615537W,Romance
OL17615537W,South African fiction
OL17615537W,family drama
OL17615537W,forbidden love
OL17615537W,arranged marriage
OL17615537W,love triangle
OL17615537W,betrayal
OL17615537W,redemption
OL17615537W,forgiveness
OL17615537W,Zulu culture
OL17615537W,Emily Mashava
OL17615537W,South African fiction (English)
OL17615537W,Man-woman relationships
OL17615537W,Fiction
OL17615537W,Romance fiction
OL10530577W,Fiction
OL10530577W,Fiction in English
OL10530577W,Romance
OL10530577W,Blind
OL10530577W,"Man-woman relationships, fiction"
OL10530577W,"San francisco (calif.), fiction"
OL10530577W,"Fiction, romance, general"
OL4220892W,"Fiction, general"
OL4220892W,Romance
OL999519W,"Fiction, Romance, Historical, Regency"
OL4580320W,"Fiction, Romance, Contemporary"
OL4580320W,"Fiction, romance, general"
OL111635W,1990s
OL111635W,Contemporary
OL111635W,Romance
OL111635W,Suspense
OL111635W,Fiction
OL111635W,Horse racing
OL111635W,Mothers and daughters
OL111635W,Ficción
OL111635W,Virginia
OL111635W,Carreras de caballo
OL111635W,"Love stories, American"
OL111635W,Large type books
OL111635W,American literature
OL111635W,"Fiction, romance, suspense"
OL111635W,"Mothers and daughters, fiction"
OL111635W,"Virginia, fiction"
OL111635W,"Fiction, family life"
OL111635W,American fiction
OL111635W,"Fiction, romance, contemporary"
OL111635W,"Fiction, general"
OL3498587W,"Fiction, Romance, Contemporary"
OL3498587W,"Man-woman relationships, fiction"
OL3498587W,"Passion, fiction"
OL5686831W,"Fiction, Romance, Contemporary"
OL5686831W,"Fiction, romance, general"
OL5100310W,"Fiction, Romance, Historical, Regency"
OL19699W,Fiction
OL19699W,Man-woman relationships
OL19699W,Romance fiction
OL19699W,Love stories
OL19699W,"Fiction, romance, contemporary"
OL19699W,Large type books
OL19699W,Romance-language fiction
OL19699W,Families
OL19699W,Aristocracy (Social class)
OL19699W,"Fiction, romance, general"
OL3775337W,"Fiction, Romance, Contemporary"
OL3775337W,"Fiction, romance, general"
OL3775337W,Large type books
OL8161699W,Fiction
OL8161699W,Romance
OL8161699W,Historical
OL8161699W,"Fiction, romance, historical, general"
OL8161699W,"Fiction, Romance, Historical, Regency"
OL137394W,Fiction
OL137394W,Classic Literature
OL137394W,American Romance fiction
OL137394W,"Fiction, general"
OL137394W,"Young women, fiction"
OL137394W,"Fiction, romance, suspense"
OL15859158W,"Fiction, Romance, Contemporary"
OL15859158W,"Conflict, fiction"
OL3457707W,"Fiction, Romance, Contemporary, Medical"
OL3261154W,Man-woman relationships
OL3261154W,Claire Randall (Fictitious character)
OL3261154W,Fiction
OL3261154W,Historical fiction
OL3261154W,Time travel
OL3261154W,Love stories
OL3261154W,"Fiction, historical"
OL3261154W,"Fiction, romance, historical"
OL3261154W,"Fraser, jamie (fictitious character), fiction"
OL3261154W,"Scotland, fiction"
OL3261154W,"Fraser, claire (fictitious character), fiction"
OL3261154W,"Fiction, romance, time travel"
OL3261154W,"Fiction, historical, general"
OL3261154W,"North carolina, fiction"
OL3261154W,History
OL3261154W,Literary
OL3261154W,Jamie Fraser (Fictitious character)
OL3261154W,Literatura norteamericana
OL3261154W,Novela norteamericana
OL3261154W,"Fiction, romance, fantasy"
OL3261154W,"Man-woman relationships, fiction"
OL3759419W,Romance
OL3759419W,Mills & Boon
OL3759419W,"Fiction, romance, general"
OL3759419W,Large type books
OL3771310W,"Fiction, Romance, Contemporary"
OL3771310W,"Fiction in English"""
OL3759097W,"Fiction, Romance, Contemporary"
OL3759097W,"Man-woman relationships, fiction"
OL3759097W,"Passion, fiction"
OL11327910W,"Fiction, Romance, Contemporary"
OL3931459W,danger
OL3931459W,travel
OL3931459W,Fiction
OL3931459W,romance
OL3931459W,South Seas
OL3931459W,"Fiction, general"
OL3931459W,Ship captains
OL3931459W,Governesses
OL3931459W,Man-woman relationships
OL3931459W,FICTION
OL3931459W,Gothic
OL3931459W,General
OL3931459W,Romance
OL921867W,"Fiction, Romance, Contemporary"
OL921867W,Man-woman relationships
OL921867W,"lfiction"""
OL921867W,"Marriage, fiction"
OL4092653W,1960s
OL4092653W,Historical
OL4092653W,History
OL4092653W,Fiction
OL4092653W,Romance
OL4092653W,Mate selection
OL4092653W,Social life and customs
OL4092653W,Maiden aunts
OL4092653W,"Fiction, romance, historical"
OL4092653W,"Great britain, fiction"
OL4092653W,"Fiction, romance, historical, general"
OL4092653W,"Fiction, general"
OL5691864W,Greeks
OL5691864W,Waitresses
OL5691864W,Fiction
OL5691864W,Romance
OL5691864W,Passion
OL5691864W,Pregnancy
OL5691864W,Billionaires
OL5691864W,"Fiction, romance, general"
OL5810789W,"Fiction, Romance, Contemporary"
OL5810789W,Passion
OL14906558W,"Fiction, Romance, Historical"
OL14906558W,Arranged marriage
OL14906558W,Regency Romance
OL14906558W,Historical Romance
OL14906558W,"Fiction, romance, general"
OL14906558W,Scottish Romance
OL14906558W,Series:Regency Flings
OL14906558W,Paranormal Romance
OL17791167W,Fantasy
OL17791167W,"Kings, queens, rulers"
OL17791167W,Fiction
OL17791167W,Children's fiction
OL17791167W,Fantasy fiction
OL17791167W,Young adult fiction
OL17791167W,Magic
OL17791167W,YOUNG ADULT FICTION / Romance / General
OL17791167W,Healers
OL17791167W,YOUNG ADULT FICTION / Action & Adventure / General
OL17791167W,YOUNG ADULT FICTION / Fantasy / General
OL17791167W,Assassins
OL17791167W,Queens
OL17791167W,collectionID:EanesChallenge
OL17791167W,[series:Throne_of_Glass]
OL17791167W,"Criminals, fiction"
OL17791167W,"Princes, fiction"
OL17791167W,"Courts and courtiers, fiction"
OL21572618W,"Fiction, romance, general"
OL21572618W,English Romance fiction
OL21572618W,Romance fiction
OL3457771W,"Fiction, Romance, Contemporary"
OL3457771W,"Physicians, fiction"
OL3457771W,"Betrothal, fiction"
OL3457771W,"Inheritance and succession, fiction"
OL3457771W,"England, fiction"
OL4955615W,"Fiction, Romance, Contemporary"
OL27244347W,"Fiction, romance, general"
OL921915W,"Fiction, romance, contemporary"
OL17390191W,"Fiction, romance, general"
OL17390191W,Romance fiction
OL100239W,Classic Literature
OL100239W,Fiction
OL100239W,Thriller
OL100239W,"Trials (Murder), fiction"
OL100239W,American literature
OL100239W,"Triangles (Interpersonal relations), fiction"
OL100239W,"Young men, fiction"
OL100239W,"Social classes, fiction"
OL100239W,"Man-woman relationships, fiction"
OL100239W,"Adirondack mountains (n.y.), fiction"
OL100239W,"American fiction (fictional works by one author)"""
OL100239W,"Fiction, romance, general"
OL100239W,"Fiction, general"
OL100239W,Readers
OL100239W,Trials (Homicide)
OL100239W,"Fiction, classics"
OL100239W,"Fiction, crime"
OL100239W,Crime
OL100239W,"Fiction, historical, general"
OL100239W,"Fiction, mystery & detective, traditional"
OL100239W,"Fiction, romance, lgbtq+, general"
OL100239W,"Fiction, mystery & detective, general"
OL100239W,"Fiction, thrillers, crime"
OL100239W,New York (State)--Fiction
OL100239W,"New york (n.y.), fiction"
OL100239W,Romance Norte Americano
OL100239W,Legal stories
OL100239W,Love stories
OL100239W,Trials (Murder)
OL100239W,Social classes
OL100239W,Young men
OL100239W,Triangles (Interpersonal relations)
OL100239W,Man-woman relationships
OL100239W,Homicide
OL100239W,Social Class
OL100239W,Social adjustment
OL100239W,Littérature américaine
OL100239W,Romance fiction
OL5236019W,"Fiction, Romance, Contemporary"
OL5236019W,"Fiction, romance, general"
OL17323489W,Suicide
OL17323489W,Friendship
OL17323489W,Emotional problems
OL17323489W,Fiction
OL17323489W,Children's fiction
OL17323489W,"Friendship, fiction"
OL17323489W,"Suicide, fiction"
OL17323489W,"Emotions, fiction"
OL17323489W,"Indiana, fiction"
OL17323489W,nyt:young-adult-hardcover=2015-08-30
OL17323489W,New York Times bestseller
OL17323489W,New York Times reviewed
OL17323489W,Juvenile fiction
OL17323489W,Teenagers
OL17323489W,Suicidal behavior
OL17323489W,Sisters
OL17323489W,Death
OL17323489W,Manic-depressive illness in adolescence
OL17323489W,Emotional problems of teenagers
OL17323489W,Traffic accident victims
OL17323489W,Family relationships
OL17323489W,YOUNG ADULT FICTION
OL17323489W,Romance
OL17323489W,Social Themes
OL17323489W,Death & Dying
OL17323489W,Depression
OL17323489W,Amerikanisches Englisch
OL17323489W,Bullying
OL17323489W,nyt:young-adult-paperback-monthly=2020-03-08
OL17323489W,"Young adult fiction, social themes, death, grief, bereavement"
OL17323489W,"Young adult fiction, romance, general"
OL17323489W,"Young adult fiction, social themes, depression"
OL15715457W,"Fiction, romance, general"
OL16336633W,"Man-woman relationships, fiction"
OL16336633W,FICTION / Contemporary Women
OL16336633W,Sexual dominance and submission
OL16336633W,FICTION / Romance / Contemporary
OL16336633W,Dominance (Psychology)
OL16336633W,College students
OL16336633W,Businessmen
OL16336633W,Adultery
OL16336633W,Contemporary Women
OL16336633W,Contemporary
OL16336633W,Romance
OL16336633W,"Fiction, erotica"
OL16336633W,nyt:trade-fiction-paperback=2012-03-25
OL16336633W,New York Times bestseller
OL16336633W,Sexual attraction
OL16336633W,"Fiction, erotica, general"
OL16336633W,Large type books
OL16336633W,Businesspeople
OL16336633W,Erotic stories
OL16336633W,Love stories
OL16336633W,Domination et soumission (Sexualite)
OL16336633W,"Romans, nouvelles"
OL16336633W,Vietnamese language materials
OL16336633W,Gens d'affaires
OL16336633W,Relations entre hommes et femmes
OL16336633W,Domination et soumission (Sexualité)
OL16336633W,English literature
OL16336633W,erotic
OL16336633W,novel
OL16336633W,Relaciones hombre-mujer
OL16336633W,Ficción
OL16336633W,Adulterio
OL16336633W,Novela
OL16336633W,Erotic fiction
OL16336633W,NOVELA INGLESA
OL16336633W,LITERATURA INGLESA
OL16336633W,NOVELA EROTICA
OL16336633W,Translations into Hindi
OL16336633W,Histoires érotiques
OL16336633W,Étudiants
OL16336633W,Women college students
OL16336633W,Authors
OL16336633W,Self-realization
OL16336633W,Dating violence
OL16336633W,Fiction
OL16336633W,Man-woman relationships
OL14920257W,"Fiction, Romance, Historical"
OL14920257W,"Fiction, general"
OL14920257W,"Fiction, romance, general"
OL14920257W,"Fiction, historical, general"
OL15828294W,Mistresses
OL15828294W,Man-woman relationships
OL15828294W,Spaniards
OL15828294W,Fiction
OL15828294W,Pregnancy
OL15828294W,Passion
OL15828294W,Romance
OL15828294W,"Fiction, romance, general"
OL5809773W,"Fiction, Romance, Contemporary"
OL5809773W,"Fiction, general"
OL20649786W,"Fiction, Romance, Contemporary"
OL20649786W,Greek family honour
OL20649786W,"Revenge, fiction"
OL20649786W,"Kidnapping, fiction"
OL20649786W,"Race car drivers, fiction"
OL15565549W,Fiction
OL15565549W,History
OL15565549W,"Fiction, general"
OL15565549W,Historical Romance
OL15565549W,"Fiction, romance, historical"
OL15565549W,Romance
OL15565549W,"Fiction, romance, general"
OL5797931W,Ficción
OL5797931W,Bailarines de ballet
OL5797931W,Ballet dancers
OL5797931W,Fiction
OL5797931W,Contemporary romance
OL5797931W,Loveswept
OL5797931W,"Fiction, romance, contemporary"
OL3775494W,"Fiction, Romance, Contemporary"
OL3775494W,"Jealousy, fiction"
OL3775494W,"Family conflict, fiction"
OL3775494W,"Grief and loss, fiction"
OL3775494W,"Death, fiction"
OL3775494W,"Fashion photography, fiction"
OL3775494W,"Modelling, fiction"
OL16031718W,Fiction
OL16031718W,romance
OL16031718W,Love stories
OL3754906W,"Fiction, Romance, Contemporary"
OL3754941W,"Fiction, mystery & detective, general"
OL3754941W,"Fiction, Romance, Contemporary"
OL3754941W,"Rehabilitation, fiction"
OL71042W,Fantasy
OL71042W,Juvenile fiction
OL71042W,Cartoons and comics
OL71042W,Fiction
OL71042W,Fairy tales
OL71042W,Narnia (Imaginary place)
OL71042W,Reading list
OL71042W,Magic
OL71042W,Romance norte americano
OL71042W,Fantasy fiction
OL71042W,Armstrong Elementary
OL71042W,4th grade
OL71042W,3rd and 4th grades
OL71042W,St. Marks
OL71042W,Witches
OL71042W,Good and evil
OL71042W,Imaginary Voyages
OL71042W,Translations from English
OL71042W,"Children's stories, German"
OL71042W,Children: Grades 2-3
OL71042W,Children: Grades 4-6
OL71042W,Children's fiction
OL71042W,"Magic, fiction"
OL71042W,"Narnia (imaginary place), fiction"
OL71042W,Child and youth fiction
OL71042W,"Science fiction, fantasy, horror"
OL71042W,"Adventure and adventurers, fiction"
OL71042W,"Friendship, fiction"
OL71042W,"Witches, fiction"
OL71042W,"Literature and fiction, juvenile"
OL71042W,"Fiction, fantasy, general"
OL71042W,"Fiction, general"
OL71042W,Magicians
OL71042W,Christian fiction
OL71042W,Adventure stories
OL8032382W,"Fiction, romance, general, contemporary"
OL8032382W,"Fiction, romance, general"
OL3457760W,"Fiction, Romance, Contemporary, Medical"
OL3457760W,"Nurses, fiction"
OL3457760W,"Surgeons, fiction"
OL3931399W,Married people
OL3931399W,Fiction
OL3931399W,"Fiction, romance, suspense"
OL10530592W,"Fiction, Romance, Contemporary"
OL10530592W,"Ohio, fiction"
OL10530592W,"Widows, fiction"
OL10530592W,"Fiction, romance, general"
OL8315335W,"Fiction, Romance, Contemporary"
OL8315335W,"Models (Persons), fiction"
OL8315335W,"Fiction, general"
OL3498682W,Fiction
OL3498682W,Passion
OL3498682W,Romance
OL3498682W,Weddings
OL3498682W,"Fiction, romance, contemporary"
OL14726W,"Fiction, Romance, Historical, Regency"
OL14726W,collectionID:bodice_ripper
OL14726W,"Man-woman relationships, fiction"
OL3498812W,"Fiction, romance, contemporary"
OL3498593W,"Fiction, Romance, Contemporary"
OL14862472W,"Fiction, Romance, Contemporary, Large type books"
OL14862472W,"Missouri, fiction"
OL14862472W,Large type books
OL14862472W,"Fiction, romance, general"
OL65430W,Adultery
OL65430W,American literature
OL65430W,Classic Literature
OL65430W,Criticism and interpretation
OL65430W,feminist fiction
OL65430W,feminist literature
OL65430W,Fiction
OL65430W,History
OL65430W,Interpersonal attraction
OL65430W,Interpersonal relations
OL65430W,literary fiction
OL65430W,Louisiana Creoles
OL65430W,Man-woman relationships
OL65430W,manners and customs
OL65430W,Marriage
OL65430W,Married people
OL65430W,Married women
OL65430W,Modern Literature
OL65430W,Psychological fiction
OL65430W,Psychology
OL65430W,Romance fiction
OL65430W,Self-actualization (Psychology)
OL65430W,Short Stories
OL65430W,Social conditions
OL65430W,Social life and customs
OL65430W,Women
OL65430W,American fiction (fictional works by one author)
OL65430W,"Married people, fiction"
OL65430W,"New Orleans (la.), fiction"
OL65430W,"Fiction, psychological"
OL65430W,"Louisiana, fiction"
OL65430W,Femmes
OL65430W,"Romans, nouvelles"
OL65430W,Rezeption
OL4233123W,"Fiction, Romance, Contemporary"
OL4233123W,"Passion, fiction"
OL4233123W,"Man-woman relationships, fiction"
OL4233123W,"Mistresses, fiction"
OL4233123W,"Virginity,  fiction"
OL4233123W,"Greeks, fiction"
OL4233123W,"Marriage, fiction"
OL4233123W,"Billionaires,  fiction"
OL4233123W,"Extortion, fiction"
OL3457998W,"Fiction, Romance, Contemporary"
OL3457998W,"Nurses, fiction"
OL3457998W,Reader's Choice
OL3457998W,"Invalids, fiction"
OL3457998W,"Americans, fiction"
OL3457998W,"Netherlands, fiction"
OL455305W,Fiction
OL455305W,Puritans
OL455305W,Puritans in fiction
OL455305W,History
OL455305W,Adultery in fiction
OL455305W,Adultery
OL455305W,Illegitimate children
OL455305W,Illegitimate children in fiction
OL455305W,Triangles (Interpersonal relations)
OL455305W,Clergy
OL455305W,Married women in fiction
OL455305W,Married women
OL455305W,Clergy in fiction
OL455305W,Revenge
OL455305W,Revenge in fiction
OL455305W,Women immigrants
OL455305W,Women immigrants in fiction
OL455305W,Massachusetts in fiction
OL455305W,American fiction
OL455305W,Women
OL455305W,Women in fiction
OL455305W,Study guides
OL455305W,New England in fiction
OL455305W,Social life and customs
OL455305W,Examinations
OL455305W,Juvenile fiction
OL455305W,Young adult fiction
OL455305W,England in fiction
OL455305W,Vocabulary
OL455305W,Historical fiction
OL455305W,SAT (Educational test)
OL455305W,English language
OL455305W,Nathaniel Hawthorne
OL455305W,Littérature
OL455305W,Adultère
OL455305W,Femmes
OL455305W,The scarlet letter (Hawthorne)
OL455305W,Puritains
OL455305W,"Romans, nouvelles"
OL455305W,Romance Norte Americano
OL455305W,Manners and customs in fiction
OL455305W,Religeous Extremism in fiction
OL455305W,Interpersonal relations
OL455305W,Human relations
OL455305W,Mortal Sin
OL455305W,Hester Prynne (Fictitious character)
OL455305W,Illegitimacy
OL455305W,Women tailors
OL455305W,Readers for new literates
OL455305W,High interest-low vocabulary books
OL455305W,Sound recordings for foreign speakers
OL455305W,Study and teaching as a second language
OL455305W,French
OL455305W,Psychological fiction
OL455305W,Manners and customs
OL455305W,"Scarlet letter (Hawthorne, Nathaniel)"
OL455305W,"Hawthorne, Nathaniel, 1804-1864"
OL455305W,German
OL455305W,Spanish
OL455305W,American literature
OL455305W,Non-Classifiable
OL455305W,Children's fiction
OL455305W,"Boston (mass.), fiction"
OL455305W,"Massachusetts, fiction"
OL455305W,American fiction (fictional works by one author)
OL455305W,"Prynne, hester (fictitious character), fiction"
OL455305W,"Fiction, historical"
OL455305W,"New england, fiction"
OL455305W,"Clergy, fiction"
OL455305W,"Man-woman relationships, fiction"
OL455305W,"Married people, fiction"
OL455305W,"Fiction, psychological"
OL455305W,Drama (dramatic works by one author)
OL455305W,"Fiction, romance, general"
OL455305W,"American literature, history and criticism"
OL455305W,Large type books
OL455305W,FICTION / Classics
OL455305W,FICTION / Literary
OL455305W,"Fiction, general"
OL455305W,Reading comprehension
OL455305W,"Problems, exercises"
OL455305W,Readers (Adult)
OL455305W,Foreign speakers
OL455305W,Study and teaching
OL455305W,Readers
OL455305W,"English language, textbooks for foreign speakers"
OL455305W,"Fiction, war & military"
OL455305W,Puritanos
OL455305W,Novela
OL455305W,Mujeres
OL455305W,Adulterio
OL455305W,Frau
OL455305W,Ehebruch
OL455305W,"Interpersonal relations, fiction"
OL455305W,"Puritans, fiction"
OL455305W,"Fiction, historical, general"
OL455305W,"Young women, fiction"
OL455305W,Adulteresses
OL455305W,Histoire
OL455305W,Triangle (Relations humaines)
OL455305W,Enfants naturels
OL455305W,Immigrantes
OL455305W,Femmes mariées
OL455305W,Vengeance
OL455305W,Clergé
OL455305W,Classics
OL455305W,Literary
OL455305W,American literature (collections)
OL455305W,Economic policy
OL455305W,"World War, 1939-1945"
OL455305W,Economic aspects
OL455305W,General
OL455305W,Dictionaries
OL455305W,Long Now Manual for Civilization
OL455305W,Powieść amerykańska
OL455305W,Tłumaczenia polskie
OL455305W,Chang pian xiao shuo
OL455305W,"Literature, collections"
OL455305W,Readers (Primary)
OL455305W,Cartoons and comics
OL455305W,"Massachusetts, history, fiction"
OL455305W,"Comic books, strips"
OL455305W,English & college success -> english -> fiction
OL455305W,English & college success -> english -> literary criticism
OL455305W,Russian language materials
OL455305W,Religion
OL455305W,Reference books
OL455305W,Adultery -- Fiction
OL455305W,Revenge -- Fiction
OL455305W,Married women -- Fiction
OL455305W,Clergy -- Fiction
OL455305W,Triangles (Interpersonal relations) -- Fiction
OL455305W,Illegitimate children -- Fiction
OL455305W,Women immigrants -- Fiction
OL455305W,Puritans -- Fiction
OL455305W,"Boston (Mass.) -- History -- Colonial period, ca. 1600-1775 -- Fiction"
OL455305W,Littérature américaine
OL455305W,Constitution civile du clerge .
OL455305W,Translations into Japanese
OL455305W,Japanese literature
OL455305W,Translations from American literature
OL455305W,Translations into Persian
OL17798319W,"Fiction, Romance, Contemporary"
OL17798319W,"Brides, fiction"
OL17798319W,"Man-woman relationships, fiction"
OL17798319W,"Newlyweds, fiction"
OL17798319W,"Legacies, fiction"
OL17798319W,"Fiction, romance, general"
OL3759284W,"FIction, Romance, Contemporary"
OL3759284W,"Passion, fiction"
OL3759284W,"Inheritance and succession, fiction"
OL2959205W,Fiction
OL2959205W,Contemporary Romance
OL2959205W,celebrity
OL2959205W,Harlequin Romance
OL9209935W,"Fiction, Romance, Contemporary"
OL9209935W,Anthology
OL111570W,Fiction
OL111570W,romance
OL111570W,Parapsychology
OL111570W,Paranormal fiction
OL111570W,Policewomen
OL111570W,Open Library Staff Picks
OL111570W,Large print books
OL111570W,Witches
OL111570W,Islands
OL111570W,Women
OL111570W,"Love stories, American"
OL111570W,Occult fiction
OL111570W,Love stories
OL111570W,"Fiction, occult & supernatural"
OL111570W,"Fiction, romance, paranormal"
OL111570W,"New england, fiction"
OL111570W,Policewomen in fiction
OL111570W,Massachusetts in fiction
OL111570W,Women in fiction
OL111570W,Witches in fiction
OL111570W,Islands in fiction
OL111570W,"Fiction, romance, paranormal, general"
OL34113490W,"Fiction, thrillers, psychological"
OL34113490W,"Fiction, thrillers, domestic"
OL34113490W,Thriller
OL34113490W,Mystery
OL34113490W,Fiction
OL34113490W,Mystery Thriller
OL34113490W,Suspense
OL34113490W,Crime
OL34113490W,Psychological Thriller
OL34113490W,Contemporary
OL34113490W,Series:The-Housemaid
OL34113490W,Romance
OL34113490W,"Fiction, thrillers, suspense"
OL14851678W,"Fiction, Romance"
OL26942W,"Fiction, Romance, Historical"
OL26942W,collectionID:Mbodice_ripper
OL26942W,"John, 1199-1216"
OL26942W,Love stories fiction
OL26942W,Bodice Ripper
OL26942W,Medieval Romance
OL11327156W,"Fiction, romance, general"
OL11327156W,Large type books
OL17500293W,"Fiction, Romance, Contemporary"
OL17500293W,"Royal houses,  fiction"
OL17500293W,Romance-language fiction
OL17500293W,"Man-woman relationships, fiction"
OL17500293W,Relations entre hommes et femmes
OL17500293W,"Romans, nouvelles"
OL17500293W,Relaciones hombre-mujer
OL17500293W,Novela
OL17500293W,Cuentos de amor
OL18014467W,Romance fiction
OL17293267W,Magic
OL17293267W,Fantasy fiction
OL17293267W,Orphans
OL17293267W,Fantasy
OL17293267W,Love stories
OL17293267W,Love
OL17293267W,Fiction
OL17293267W,Children's fiction
OL17293267W,"Love, fiction"
OL17293267W,"Orphans, fiction"
OL17293267W,"Magic, fiction"
OL17293267W,"Monsters, fiction"
OL17293267W,New York Times reviewed
OL17293267W,Juvenile fiction
OL17293267W,Monsters
OL17293267W,Ability
OL17293267W,Romance fiction
OL17293267W,Series:Shadow-and-Bone
OL17293267W,First Person (Point of View)
OL17293267W,High Fantasy
OL17293267W,Imaginary wars and battles
OL17293267W,Paranormal
OL17293267W,Romance
OL17293267W,Young Adult
OL17293267W,Young Adult Fantasy
OL17293267W,Series:Grishaverse
OL3759492W,"Fiction, Romance, Contemporary"
OL3759492W,Large print books
OL3759492W,"Fiction, general"
OL3759492W,Large type books
OL17104741W,Fiction
OL17104741W,Contests
OL17104741W,Marriage
OL17104741W,Princesses
OL17104741W,Social classes
OL17104741W,Love
OL17104741W,Juvenile fiction
OL17104741W,Forced marriage
OL17104741W,Courtship
OL17104741W,Princes
OL17104741W,Monarchy
OL17104741W,Revolutionaries
OL17104741W,Dystopias
OL17104741W,YOUNG ADULT FICTION
OL17104741W,Girls & Women
OL17104741W,Romance
OL17104741W,Royalty
OL17104741W,Love stories
OL17104741W,Romance fiction
OL17104741W,Parent and child
OL17104741W,Interpersonal relations
OL17104741W,Children's fiction
OL17104741W,"Princesses, fiction"
OL17104741W,"Contests, fiction"
OL17104741W,"Marriage, fiction"
OL17104741W,Spanish language materials
OL17104741W,Princesas
OL17104741W,Novela
OL17104741W,Matrimonio
OL17104741W,Concursos
OL17104741W,Monarquía
OL17104741W,Distopías
OL5691879W,"Fiction, romance, general"
OL460999W,"Fiction, romance, general"
OL5695228W,"Fiction, Romance, Contemporary, Modern"
OL5695228W,"Passion, fiction"
OL3498657W,Romance
OL3498657W,"Fiction, romance, general"
OL66544W,"Fiction, Romance, Historical, Regency"
OL66544W,"Love stories, English"
OL66544W,Moški in ženske
OL66544W,V leposlovju
OL66544W,Medosebni odnosi
OL66544W,Družbene razmere
OL66544W,Social life and customs
OL66544W,Rejection (Psychology)
OL66544W,Officers
OL66544W,Great Britain. Royal Navy
OL66544W,Great Britain
OL66544W,Manners and customs
OL66544W,"Armed Forces, fiction"
OL66544W,British and irish fiction (fictional works by one author)
OL66544W,"Man-woman relationships, fiction"
OL66544W,"England, fiction"
OL66544W,"Great Britain, fiction"
OL66544W,"Austen, jane, 1775-1817"
OL66544W,"Fiction, psychological"
OL66544W,English literature
OL66544W,Manuscripts
OL66544W,English Manuscripts
OL66544W,Facsimiles
OL66544W,Gentry
OL66544W,"Mate selection, fiction"
OL66544W,Reading Level-Grade 9
OL66544W,Reading Level-Grade 8
OL66544W,Reading Level-Grade 11
OL66544W,Reading Level-Grade 10
OL66544W,Reading Level-Grade 12
OL66544W,Literature and fiction (general)
OL66544W,"Fiction, sagas"
OL66544W,Literature
OL66544W,England -- Social life and customs -- 19th century -- Fiction
OL66544W,Psychological fiction
OL66544W,"Young women, fiction"
OL66544W,"Motherless families, fiction"
OL66544W,"Rejection (Psychology), fiction"
OL66544W,"First loves, fiction"
OL66544W,"Dysfunctional families, fiction"
OL66544W,"Ship captains,  fiction"
OL66544W,Jeunes femmes
OL66544W,"Romans, nouvelles"
OL66544W,Mœurs et coutumes
OL66544W,Sisters
OL66544W,Sœurs
OL66544W,Relations entre hommes et femmes
OL66544W,Stinehour press. 1977
OL66544W,Social classes
OL66544W,"Courtship, fiction"
OL66544W,"Fiction, romance, general"
OL66544W,"Fiction, general"
OL66544W,"Austen, jane , 1775-1817"
OL66544W,"Elliot, anne , 1787-"
OL66544W,Rejection (psychology)--fiction
OL66544W,First loves--fiction
OL66544W,Young women--england--fiction
OL66544W,Pr4034 .p4 2008
OL66544W,823/.7
OL66544W,Pr4034 .p4 1998b
OL66544W,"Fiction, historical, general"
OL66544W,Psychology
OL66544W,Fiction
OL66544W,Courtship
OL66544W,Motherless families
OL66544W,Dysfunctional families
OL66544W,Ship captains
OL66544W,First loves
OL66544W,Young women
OL66544W,Long Now Manual for Civilization
OL66544W,General
OL66544W,LITERARY CRITICISM
OL66544W,Man-woman relationships
OL9224683W,Romance
OL9224683W,Passion
OL9224683W,Fiction
OL9224683W,"Fiction, romance, general"
OL3780290W,"Fiction, Romance, Contemporary"
OL3780290W,Fiction in English
OL3780290W,"Family, fiction"
OL3780290W,"Payment  of debts, fiction"
OL3780290W,"Tutor, fiction"
OL3780290W,"Paid companions, fiction"
OL3780290W,(Household employees)
OL3780290W,"fiction"""
OL1230613W,Philosophical Novels
OL1230613W,Murder
OL1230613W,Fiction
OL1230613W,Medicine in Literature
OL1230613W,French
OL1230613W,Novelas francesas
OL1230613W,Asesinato
OL1230613W,Ficción
OL1230613W,Relatos de aventuras
OL1230613W,Critique et interprétation
OL1230613W,Social conditions
OL1230613W,"Camus, Albert, 1913-1960. L'étranger"
OL1230613W,Criticism and interpretation
OL1230613W,French language materials
OL1230613W,"Algeria, fiction"
OL1230613W,"Fiction, general"
OL1230613W,Homicide
OL1230613W,Adventure stories
OL1230613W,Action and adventure fiction
OL1230613W,Continental european fiction (fictional works by one author)
OL1230613W,Trials (Murder)
OL1230613W,Young men
OL1230613W,History
OL1230613W,Fictional Works Publication Type
OL1230613W,Nobel Prize for Literature laureate
OL1230613W,Literary
OL1230613W,Translations into English
OL1230613W,Psychological
OL1230613W,Fictional Works [Publication Type]
OL1230613W,Fictional Works
OL1230613W,Classics
OL1230613W,French fiction
OL1230613W,"Fiction, psychological"
OL1230613W,Large type books
OL1230613W,Argelia
OL1230613W,Novela
OL1230613W,Relatos de aventura
OL1230613W,Social Marginality
OL1230613W,Romance literature
OL1230613W,Death
OL1230613W,Happiness
OL1230613W,Life
OL1230613W,French language
OL1230613W,Murder in fiction
OL1230613W,Algeria in fiction
OL1230613W,Angestellter
OL1230613W,Mord
OL1230613W,Todesstrafe
OL1230613W,"Étranger (Camus, Albert)"
OL1230613W,"Comics & graphic novels, literary"
OL1230613W,Novela francesa
OL1230613W,Français
OL1230613W,"Romans, nouvelles"
OL1230613W,"England, fiction"
OL1230613W,French Philosophy
OL1230613W,Murder--fiction
OL1230613W,World literature
OL1230613W,Fiction subjects
OL1230613W,Peoples & cultures - fiction
OL1230613W,Translations into Persian
OL17432870W,"Fiction, Romance, Contemporary"
OL17432870W,"Divorce, fiction"
OL17432870W,"Families, fiction"
OL17432870W,"Heirs, fiction"
OL17432870W,"Fiction, romance, erotica"
OL17432870W,"Divorced people, fiction"
OL17432870W,"Europe, fiction"
OL4182018W,"Fiction, romance, contemporary"
OL36633W,Married women
OL36633W,Cornwall (England : County)
OL36633W,Remarriage
OL36633W,Remarried people
OL36633W,Fiction
OL36633W,Drama
OL36633W,Suspense fiction
OL36633W,Open Library Staff Picks
OL36633W,English fiction
OL36633W,Wives
OL36633W,England Gothic fiction
OL36633W,Love stories
OL36633W,Smugglers
OL36633W,"Gothic fiction, England"
OL36633W,Reading Level-Grade 9
OL36633W,Reading Level-Grade 10
OL36633W,Reading Level-Grade 11
OL36633W,Reading Level-Grade 12
OL36633W,"Fiction, gothic"
OL36633W,British and irish fiction (fictional works by one author)
OL36633W,"Cornwall (england : county), fiction"
OL36633W,"Fiction, romance, suspense"
OL36633W,"Married people, fiction"
OL36633W,English literature
OL36633W,"Fiction, classics"
OL36633W,Social life and customs
OL36633W,Folklore
OL36633W,Fiction in english
OL36633W,self esteem
OL36633W,love
OL36633W,man and woman love
OL36633W,psycology
OL36633W,Cornwall (County)
OL36633W,"Man-woman relationships, fiction"
OL36633W,Country homes
OL36633W,collection:Name
OL36861W,History
OL36861W,Fiction
OL36861W,Swordsmen
OL36861W,France in fiction
OL36861W,Vietnamese language books
OL36861W,Swordplay
OL36861W,Adventure and adventurers
OL36861W,Spanish language materials
OL36861W,"Romans, nouvelles, etc. pour la jeunesse"
OL36861W,Histoire
OL36861W,Combat au sabre
OL36861W,Historia
OL36861W,Adventure fiction
OL36861W,Spanish language
OL36861W,Reading materials
OL36861W,"Fiction, historical"
OL36861W,"France, fiction"
OL36861W,Continental european fiction (fictional works by one author)
OL36861W,"Three musketeers (fictitious characters), fiction"
OL36861W,"Fiction, action & adventure"
OL36861W,French language materials
OL36861W,Social conditions
OL36861W,Adventure stories
OL36861W,General
OL36861W,French fiction
OL36861W,Ying yu
OL36861W,Yu yan du wu
OL36861W,Chang pian xiao shuo
OL36861W,Romance literature
OL36861W,"Fiction, historical, general"
OL36861W,"Adventure and adventurers, fiction"
OL36861W,"Paris (france), fiction"
OL36861W,Mongolian literature
OL36861W,Historical fiction
OL36861W,Abenteuerroman
OL36861W,Russian language materials
OL36861W,Classic Literature
OL36861W,New York Times reviewed
OL36861W,France
OL36861W,"France -- History -- Louis XIII, 1610-1643 -- Fiction"
OL36861W,Adventure and adventurers -- Fiction
OL36861W,Swordsmen -- Fiction
OL36861W,Épéistes
OL36861W,"Fiction, general"
OL36861W,"France -- History -- Louis XIII, 1610-1643 -- Fiction."
OL36861W,"Fiction, romance, historical, general"
OL36861W,Continental european drama (dramatic works by one author)
OL36861W,French language
OL36861W,Readers
OL36861W,Long now manual for civilization
OL36861W,Man-woman relationships
OL36861W,"Romans, nouvelles"
OL36861W,Swords
OL111630W,Open Library Staff Picks
OL111630W,Fiction
OL111630W,Romance
OL111630W,Romantic suspense fiction
OL111630W,Suspense fiction
OL111630W,"Love stories, American"
OL111630W,Witnesses
OL111630W,Murder
OL111630W,Victims of crimes
OL111630W,Large type books
OL111630W,Romantic suspense novels
OL111630W,"Fiction, suspense"
OL111630W,"Crime, fiction"
OL111630W,"Fiction, romance, suspense"
OL111630W,"Wyoming, fiction"
OL1230631W,Conscience
OL1230631W,Continental european fiction (fictional works by one author)
OL1230631W,Existentialism
OL1230631W,Fiction
OL1230631W,psychological
OL1230631W,French fiction
OL1230631W,French language
OL1230631W,French literature
OL1230631W,Legal stories
OL1230631W,literary fiction
OL1230631W,nobel prize winner
OL1230631W,Novela francesa
OL1230631W,Philosophy
OL1230631W,Romance literature
OL1230631W,Social ethics
OL1230631W,Translations into English
OL1230631W,"Fiction, psychological"
OL1230631W,La chute (Camus)
OL1230631W,Readers
OL1230631W,Existentialisme
OL1230631W,"Romans, nouvelles"
OL1230631W,Philosophie
OL1230631W,Roman français
OL1230631W,French Novelists
OL3519268W,"Fiction, Romance, Contemporary"
OL17386471W,"Fiction, Romance, Contemporary"
OL17386471W,"Marriage, fiction"
OL17386471W,"Greeks, fiction"
OL17386471W,"Divorced women, fiction"
OL17386471W,"Businessmen,  fiction"
OL17386471W,"Arranged marriage, fiction"
OL17386471W,"Man-woman relationships, fiction"
OL17386471W,"Fiction, romance, erotica"
OL3754595W,Fiction
OL3754595W,Romance
OL3754595W,"Contemporary"""
OL3754595W,"Fiction, general"
OL3754595W,Large type books
OL15622W,"Fiction, romance, historical"
OL15622W,"Mississippi, fiction"
OL15622W,"Fiction, romance, historical, general"
OL3759384W,Fiction
OL3759384W,romance
OL9482509W,Romance
OL9482509W,Passion
OL9482509W,Fiction
OL9482509W,"Fiction, romance, general"
OL9482509W,"Fiction, romance, erotic"
OL9482509W,"Man-woman relationships, fiction"
OL3775490W,"Fiction, Romance, Contemporary"
OL3775490W,"Fiction, romance, erotica"
OL3775454W,"Fiction, Romance, Contemporary"
OL17606111W,Canadian poetry
OL17606111W,Survival
OL17606111W,Poetry
OL17606111W,Women
OL17606111W,Poetry (poetic works by one author)
OL17606111W,nyt:trade-fiction-paperback=2016-05-01
OL17606111W,New York Times bestseller
OL17606111W,collectionID:TexChallenge2021
OL17606111W,"BODY, MIND & SPIRIT"
OL17606111W,FICTION
OL17606111W,Romance
OL17606111W,Literature
OL17606111W,Amerikanisches Englisch
OL17606111W,Lyrik
OL17606111W,Kvinnor
OL17606111W,Survival skills
OL17606111W,American poetry
OL17606111W,collectionID:KellerChallenge
OL17606111W,banned books
OL17606111W,collectionID:AlpineChallenge
OL17606111W,General
OL17606111W,FICTION / Romance
OL17606111W,collectionID:bannedbooks
OL3519254W,"Fiction, Romance, Contemporary"
OL3519254W,"Passion, fiction"
OL34253W,"Fiction, general"
OL34253W,Fiction
OL34253W,Romance
OL34253W,"Contemporary"""
OL4228716W,"Fiction, Romance, Contemporary"
OL1902224W,Contemporary Romance
OL1902224W,Fiction
OL1902224W,"Fiction, romance, general"
OL1902224W,Man-woman relationships
OL1902224W,Secretaries
OL1902224W,Businessmen
OL1902224W,Blindness
OL1902224W,Revenge
OL1902224W,Home & Family
OL1902224W,Romance
OL3294360W,"Fiction, romance, general"
OL3294360W,Large type books
OL627084W,erotic fiction
OL627084W,romance fiction
OL627084W,fiction
OL627084W,love stories
OL627084W,novela
OL627084W,literary fiction
OL627084W,classic fiction
OL627084W,coming-of-age
OL627084W,Girls in fiction
OL627084W,Girls
OL627084W,Drama
OL627084W,Middle-aged men
OL627084W,Russian fiction
OL627084W,Middle-aged men in fiction
OL627084W,Long Now Manual for Civilization
OL627084W,Stepfathers
OL627084W,Stepdaughters
OL627084W,"Man-woman relationships, fiction"
OL627084W,Hombres
OL627084W,Relaciones hombre-mujer
OL627084W,Muchachas
OL627084W,Edad madura
OL627084W,Ficción
OL627084W,Pedophilia
OL627084W,Love
OL627084W,Teenage girls
OL627084W,Translations into English
OL627084W,Teenagers
OL627084W,Sexual behavior
OL627084W,Child molesters
OL627084W,Large type books
OL627084W,American fiction (fictional works by one author)
OL627084W,"Fiction, romance, general"
OL627084W,"Fiction, erotica, general"
OL627084W,"Young women, fiction"
OL627084W,collectionID:EanesChallenge
OL627084W,Murderers
OL627084W,Hommes d'âge moyen
OL627084W,"Romans, nouvelles"
OL627084W,Filles
OL627084W,Kommentar
OL627084W,Sex addiction
OL627084W,Abhängigkeit
OL627084W,Sexuelle Attraktion
OL627084W,Stieftochter
OL627084W,Stiefvater
OL627084W,collectionID:bannedbooks
OL627084W,Continental european fiction (fictional works by one author)
OL627084W,Художественная литература -- США -- Американская литература -- 2-ая пол. 20 в. -- Романы
OL627084W,Fiction in english
OL627084W,Erotica
OL627084W,Literary collections
OL627084W,Middle-aged men--fiction
OL627084W,Girls--fiction
OL627084W,Ps3527.a15 l6 1992
OL627084W,813/.54
OL627084W,Fetishism (Sexual behavior)
OL627084W,Sexual ethics
OL627084W,Pédophilie
OL627084W,Fétichisme (Psychanalyse)
OL627084W,Morale sexuelle
OL627084W,collection:Name
OL627084W,Paraphilias
OL627084W,Middle aged men
OL627084W,Feature films
OL627084W,Films for the hearing impaired
OL627084W,Paraphilic Disorders
OL627084W,Umschulungswerkstätten für Siedler und Auswanderer
OL3845098W,"Fiction, Romance, Contemporary"
OL3845098W,"Fiction, romance, general"
OL3754528W,"Fiction, romance, historical"
OL3754528W,Large type books
OL3754528W,"Fiction, romance, historical, general"
OL3457666W,"Fiction, Romance, Contemporary"
OL3457666W,Christmas stories
OL3457666W,Anthology
OL20004819W,College students
OL20004819W,College stories
OL20004819W,Fiction
OL20004819W,"Fiction, romance, contemporary"
OL20004819W,"Fiction, women"
OL20004819W,Man-woman relationships
OL20004819W,FICTION / Romance / Contemporary
OL20004819W,FICTION / Contemporary Women
OL20004819W,Love stories
OL167291W,Fiction
OL167291W,Triangles (Interpersonal relations)
OL167291W,Brothers
OL167291W,"Fiction, romance, contemporary"
OL167291W,"Texas, fiction"
OL167291W,"Fiction, romance, general"
OL134601W,fiction
OL134601W,western cattle drives
OL134601W,cowboys
OL134601W,Man-woman relationships
OL134601W,Western Fiction
OL134601W,historical fiction
OL134601W,Historical - General
OL134601W,Fiction / General
OL134601W,Fiction - Historical
OL134601W,Texas Rangers
OL134601W,Cattle drives
OL134601W,Western stories
OL134601W,Roman américain
OL134601W,Cattle drives -- Fiction
OL134601W,Translations into Russian
OL134601W,Adventure stories
OL134601W,Translations from English
OL134601W,"Fiction, westerns"
OL134601W,"West (u.s.), fiction"
OL134601W,"Call, woodrow (fictitious character), fiction"
OL134601W,"Mccrae, augustus (fictitious character), fiction"
OL134601W,"Fiction, romance, western"
OL3771239W,"Fiction, Romance, Contemporary"
OL34333W,"Fiction, Romance, Contemporary"
OL34333W,"Witches, fiction"
OL34333W,Large type books
OL34333W,"California, fiction"
OL34333W,"Napa county (calif.), fiction"
OL34333W,"Fiction, romance, short stories"
OL34333W,"Texas, fiction"
OL34333W,"Fiction, suspense"
OL34333W,"Fiction, romance, collections & anthologies"
OL34333W,"Fiction, thrillers, suspense"
OL34333W,Women novelists
OL34333W,Fiction
OL34333W,Paranormal fiction
OL34333W,Contemporary Romance
OL34333W,suspense
OL34333W,writer
OL34333W,winery
OL34333W,Harlequin Temptation
OL34333W,"Fiction, romance, suspense"
OL34333W,"Authors, fiction"
OL34333W,Witches
OL25621436W,"Fiction, romance, erotic"
OL3759342W,"Fiction, Romance, Contemporary"
OL3759342W,"Forgiveness, fiction"
OL3759342W,"Man-woman relationships, fiction"
OL16701775W,Greeks
OL16701775W,Businessmen
OL16701775W,Fiction
OL16701775W,"Fiction, romance, general"
OL16701775W,"Greece, fiction"
OL16701775W,"Mothers and sons, fiction"
OL16701775W,"England, fiction"
OL11762245W,Fiction
OL11762245W,romance
OL11762245W,contemporary
OL11762245W,general
OL11762245W,Large type books
OL3754890W,"Fiction, Romance, Contemporary"
OL15145780W,Fiction in English
OL15145780W,"Fiction, romance, general"
OL3457977W,"Fiction, Romance, Contemporary, Medical"
OL3457977W,popular Print Disabled Books
OL3457977W,English Romance fiction
OL14683W,Fiction
OL14683W,Historical Fiction
OL14683W,Romance
OL14683W,Romance fiction
OL14683W,"Fiction, romance, historical"
OL14683W,Large type books
OL14683W,"Fiction, romance, historical, general"
OL491799W,"Fiction, romance, contemporary"
OL491799W,"Fiction, romance, general"
OL39349W,Fiction
OL39349W,Married women
OL39349W,Married women in fiction
OL39349W,Regret
OL39349W,Suicide victims in fiction
OL39349W,Middle-aged women
OL39349W,First loves
OL39349W,Parties in fiction
OL39349W,Suicide victims
OL39349W,First loves in fiction
OL39349W,Triangles (Interpersonal relations)
OL39349W,Parties
OL39349W,Regret in fiction
OL39349W,Middle-aged women in fiction
OL39349W,Classic Literature
OL39349W,Literature
OL39349W,Long Now Manual for Civilization
OL39349W,Suicide
OL39349W,Psychological fiction
OL39349W,Interpersonal relations
OL39349W,Fictional Works Publication Type
OL39349W,England
OL39349W,Wives
OL39349W,Middle aged women
OL39349W,Domestic fiction
OL39349W,British and irish fiction (fictional works by one author)
OL39349W,"Married people, fiction"
OL39349W,"London (england), fiction"
OL39349W,"Fiction, family life"
OL39349W,"Fiction, psychological"
OL39349W,"Fiction, general"
OL39349W,Social life and customs
OL39349W,Manners and customs
OL39349W,Large type books
OL39349W,"Fiction, family life, general"
OL39349W,"Fiction, women"
OL39349W,Lesbians
OL39349W,English literature
OL39349W,English fiction
OL39349W,Romance Ingles
OL39349W,"Mrs. Dalloway (Woolf, Virginia)"
OL39349W,Roman anglais
OL39349W,"Fiction, lgbtq+, gay"
OL39349W,Middle-aged women--fiction
OL39349W,Triangles (interpersonal relations)--fiction
OL39349W,Suicide victims--fiction
OL39349W,Married women--fiction
OL39349W,First loves--fiction
OL39349W,Parties--fiction
OL39349W,Regret--fiction
OL39349W,Pr6045.o72 m7 2005
OL39349W,823/.912
OL39349W,Criticism and interpretation
OL39349W,Upper class
OL10530597W,"Fiction, Romance, Contemporary"
OL10530597W,"Fiction, general"
OL3773886W,"Fiction, Romance, Contemporary, Modern"
OL3773886W,"Passion, fiction"
OL3773886W,"Sheikhs, fiction"
OL3773886W,"Orphans, fiction"
OL3773886W,"Marriage, fiction"
OL3773886W,"Blackmail, fiction"
OL3773886W,"Abduction,  fiction"
OL3773886W,"Young women, fiction"
OL3773886W,"Princes, fiction"
OL1003017W,Romance brasileiro
OL1003017W,Continental european fiction (fictional works by one author)
OL1003017W,Social life and customs
OL1003017W,Dead
OL1003017W,Fiction
OL1003017W,Romance literature
OL1003017W,"Fiction, general"
OL1003017W,Autobiography
OL1003017W,Ghost stories
OL1003017W,Aristocracy (Social class)
OL1003017W,FICTION / Classics
OL1003017W,Classics
OL1003017W,Architectural Decoration and ornament
OL1003017W,Medieval Architecture
OL1003017W,Architecture
OL1003017W,"Brazil, fiction"
OL1003017W,Interpersonal relations
OL1003017W,Rich people
OL1003017W,Brazilian literature
OL1003017W,Translations into English
OL22563730W,nyt:combined-print-and-e-book-fiction=2021-05-30
OL22563730W,New York Times bestseller
OL22563730W,"Fiction, romance, contemporary"
OL22563730W,"Fiction, women"
OL22563730W,American literature
OL4084652W,"Fiction, Romance, Contemporary"
OL5853878W,"Fiction, Romance, Contemporary"
OL5366115W,"Fiction, Romance, Historical, Regency"
OL3771214W,"Fiction, Romance, Contemporary"
OL2959193W,"Fiction, romance, general"
OL2959193W,"Australia, fiction"
OL20416941W,Fantasy fiction
OL20416941W,"Fiction, romance, fantasy"
OL20416941W,"Fiction, fantasy, historical"
OL20416941W,nyt:combined-print-and-e-book-fiction=2019-11-24
OL20416941W,New York Times bestseller
OL20416941W,New York Times reviewed
OL20416941W,Man-woman relationships
OL20416941W,Fiction
OL20416941W,Libraries
OL20416941W,Books
OL20416941W,LCSH:Fantasy fiction
OL20416941W,Storytelling
OL20416941W,Secret societies
OL20416941W,FICTION / Women
OL20416941W,FICTION / Romance / Fantasy
OL20416941W,FICTION / Fantasy / Historical
OL20416941W,Library shelving
OL20416941W,Seas
OL3457755W,"Fiction, Romance, Contemporary"
OL3457755W,"Nurses, fiction"
OL3457755W,"Private duty nursing, fiction"
OL3457755W,"Home nursing, fiction"
OL3457755W,"People with disabilities, fiction"
OL4278176W,"Fiction, romance, contemporary"
OL4278176W,Large type books
OL4278176W,"Fiction, romance, general"
OL6803139W,"Fiction, Romance, Historical, Regency"
OL6803139W,"Fiction, general"
OL2656058W,College students
OL2656058W,Difference (Psychology)
OL2656058W,Fathers and sons
OL2656058W,Fiction
OL2656058W,Fiction in English
OL2656058W,Harvard University
OL2656058W,Radcliffe College
OL2656058W,Social classes
OL2656058W,Terminally ill
OL2656058W,Death
OL2656058W,Romance
OL2656058W,Marriage
OL2656058W,"Fiction, romance, general"
OL2656058W,Students
OL27850288W,romance
OL27850288W,Fiction
OL27850288W,Contemporary
OL27850288W,love
OL27850288W,Marriage
OL27850288W,Psychological fiction
OL3845598W,Fiction
OL3845598W,Romance
OL3845598W,Contemporary
OL3845598W,Passion
OL3845598W,"Fiction, romance, general"
OL5837809W,"Fiction, Romance, Historical, Regency"
OL5837809W,"Fiction, romance, general"
OL15422772W,"Fiction, Romance, Contemporary"
OL15422772W,Millionaires
OL15422772W,Aunts
OL15422772W,Birthfathers
OL15422772W,"Mediterranean region, fiction"
OL15422772W,Passion
OL15422772W,"Marriage, fiction"
OL15422772W,"Fiction, romance, general"
OL15422772W,"Married people, fiction"
OL5821769W,collectionID:Wbodice_ripper
OL5821769W,Historical romance
OL5821769W,"Fiction, romance, general"
OL5821769W,Bodice Ripper
OL5821769W,Western Romance
OL5821769W,Alpha Male
OL5821769W,Romance
OL5821769W,"Fiction, romance, historical"
OL5821769W,"Fiction, romance, historical, general"
OL5821769W,"Fiction, general"
OL24987665W,"Fiction, romance, general"
OL24987665W,"Fiction, general"
OL15134754W,"Fiction, Romance, Contemporary"
OL15134754W,"Man-woman relationships, fiction"
OL15134754W,"Passion, fiction"
OL15134754W,"Secretaries, fiction"
OL15134754W,"Fiction, romance, erotica"
OL15134754W,"Industrial relations, fiction"
OL15134754W,"Fiction, romance, erotic"
OL4092668W,"Fiction, Romance, Historical, Regency"
OL4092668W,"Mate selection, fiction"
OL4092668W,Great Britain
OL4092668W,England
OL4092668W,Literature
OL4092668W,Women authors
OL4092668W,"Fiction, general"
OL4092668W,"Fiction, romance, action & adventure"
OL4092668W,"Fiction, romance, historical, general"
OL4092668W,First loves -- Fiction
OL4092668W,Love stories
OL4092668W,Mate selection -- Fiction
OL4092668W,British -- France -- Paris -- Fiction
OL4092668W,Regency fiction
OL4092668W,Fiction
OL4092668W,Mate selection
OL4092668W,British
OL4092668W,First loves
OL15171411W,Fiction
OL15171411W,Historical Fiction
OL15171411W,Romance
OL15171411W,English Historical fiction
OL15171411W,English Love stories
OL15171411W,English Romance fiction
OL15171411W,"Fiction, romance, historical, general"
OL15171411W,American Romance fiction
OL15171411W,American Historical fiction
OL15171411W,Large type books
OL112332W,"Fiction, Romance, Historical, Regency"
OL112332W,"False personation, fiction"
OL112332W,"Death,  fiction"
OL112332W,"Nobility, fiction"
OL112332W,"Uncles, fiction"
OL112332W,Supposition de personne
OL112332W,"Romans, nouvelles"
OL112332W,"Oncles, Mort, London (England)"
OL112332W,"fiction"""
OL112332W,False personation
OL112332W,Fiction
OL112332W,Uncles
OL112332W,Death
OL112332W,Nobility
OL112332W,Historical Romance
OL112332W,"Romance, Historical"
OL112332W,"Fiction, romance, historical, regency"
OL112332W,"London (england), fiction"
OL112332W,Powieść amerykańska
OL4082444W,"Fiction, Romance, Historical, Regency"
OL18173457W,Romance fiction
OL8315353W,Fiction
OL8315353W,romance
OL8315353W,contemporary
OL8315353W,general
OL8315353W,Large type books
OL3476069W,"Fiction, Romance, Contemporary"
OL3476069W,New Zealand fiction
OL17057W,Fiction
OL17057W,Romance
OL17057W,Historical
OL17057W,"Regency"""
OL17057W,"Fiction, Romance, Historical, Regency"
OL3457894W,"Fiction, Romance, Contemporary"
OL3457894W,"Love stories, fiction"
OL3457894W,"Summer, fiction"
OL3457894W,"Married women, fiction"
OL3457894W,"Physicians' spouses, fiction"
OL3457894W,"Man-woman relationships, fiction"
OL3457894W,"Family life, fiction"
OL3457894W,"Married people, fiction"
OL3457894W,Physicians' spouses
OL3457894W,Fiction
OL3457894W,Married women
OL3457894W,Romance fiction
OL8318455W,"Fiction, Romance, Contemporary"
OL8318455W,"Fiction, romance, general"
OL8318455W,Large type books
OL5236110W,"Fiction, Romance, Contemporary"
OL2959355W,"Fiction, Romance, Contemporary"
OL2959355W,"Orphans, fiction"
OL2959355W,"Nannies, fiction"
OL2959355W,"Nobility,  fiction"
OL2959355W,"Australia, fiction"
OL2959355W,"Man-woman relationships, fiction"
OL2959355W,Nobility
OL2959355W,Fiction
OL2959355W,Nannies
OL2959355W,Orphans
OL3458047W,"Fiction, Romance, Contemporary, Medical"
OL3458047W,"Marriage, fiction"
OL3458047W,"Physicians, fiction"
OL3458047W,"Man-woman relationships, fiction"
OL8315277W,"Fiction, Romance, Contemporary"
OL8315277W,"Sex in the workplace, fiction"
OL8315277W,"Fiction, general"
OL4221246W,"Fiction, romance, general"
OL471603W,Crimes against
OL471603W,Detective and mystery stories
OL471603W,Divorce
OL471603W,Divorce in fiction
OL471603W,Fiction
OL471603W,Hercule Poirot (Fictitious character)
OL471603W,Jewelry theft
OL471603W,Jewelry theft in fiction
OL471603W,Married women
OL471603W,Married women in fiction
OL471603W,Private investigators
OL471603W,Private investigators in fiction
OL471603W,Railroad stories
OL471603W,Railroad travel
OL471603W,Railroad travel in fiction
OL471603W,Rich people
OL471603W,Rich people in fiction
OL471603W,Historical Fiction
OL471603W,Mystery
OL471603W,Romance
OL471603W,Belgians
OL471603W,English Detective and mystery stories
OL471603W,Mystery fiction
OL471603W,"England, fiction"
OL471603W,"France, fiction"
OL471603W,"Poirot, hercule (fictitious character), fiction"
OL471603W,"Fiction, mystery & detective, traditional"
OL471603W,Large type books
OL471603W,English literature
OL471603W,German text
OL471603W,"Fiction, mystery & detective, general"
OL471603W,"Private investigators, fiction"
OL471603W,"Married people, fiction"
OL471603W,"Divorced people, fiction"
OL471603W,"Crime, fiction"
OL471603W,"Fiction, general"
OL471603W,"Fiction, thrillers, general"
OL471603W,Private investigators--England--Fiction
OL471603W,Railroad travel--Fiction
OL471603W,Married women--Crimes against--Fiction
OL471603W,Rich people--Crimes against--Fiction
OL471603W,Jewelry theft--Fiction
OL24753705W,"Fiction, romance, general"
OL3498569W,Mistresses
OL3498569W,Fiction
OL3498569W,Millionaires
OL3498569W,Extortion
OL3498569W,"Fiction, romance, contemporary"
OL21584106W,"Fiction, romance, general"
OL21584106W,English Romance fiction
OL3759145W,"Fiction, Romance, Contemporary"
OL3759145W,"Fiction, general"
OL3771267W,"Fiction, Romance, Contemporary"
OL17928103W,"Fiction, Romance, Contemporary"
OL17928103W,"Man-woman relationships, fiction"
OL17928103W,"Businessmen, fiction"
OL17928103W,"Pregnancy, fiction"
OL152321W,Social life and customs
OL152321W,Fiction
OL152321W,Manners and customs
OL152321W,historical Romance
OL152321W,Large type books
OL152321W,"Fiction, romance, historical, general"
OL3260967W,"Fiction, romance, general"
OL4412095W,"Fiction, romance, general"
OL3467549W,Romance
OL3467549W,Large type books
OL3467549W,"Fiction, romance, contemporary"
OL3467549W,"Fiction, romance, collections & anthologies"
OL3759334W,"Fiction, Romance, Contemporary"
OL3759334W,"Man-woman relationships, fiction"
OL100050W,"Fiction, Romance, Historical, Regency"
OL100050W,"Actresses, fiction"
OL3294274W,"Fiction, general"
OL3294274W,Romance fiction
OL3294274W,English fiction
OL3457800W,"Fiction, Romance, Contemporary"
OL3457800W,"Physicians, fiction"
OL3457800W,"Netherlands, fiction"
OL3457800W,"Fiction, Romance, Contemporary, Medical"
OL3457800W,"Romans, nouvelles"
OL3457800W,Anthology
OL2252098W,Conduct of life
OL2252098W,Fiction
OL2252098W,Reincarnation
OL2252098W,Time travel
OL2252098W,Large type books
OL2252098W,"Fiction, science fiction, action & adventure"
OL2252098W,"Fiction, action & adventure"
OL2252098W,"Fiction, romance, fantasy"
OL2959198W,"Fiction, Romance, Contemporary"
OL2959198W,"Passion, fiction"
OL2959198W,"Billionaire, fiction"
OL2959198W,"Teachers, fiction"
OL2959198W,"Man-woman relationships, fiction"
OL2959198W,"Pregnancy, fiction"
OL34342W,"Fiction, general"
OL34342W,Fiction
OL34342W,Romance fiction
OL3770455W,Romance
OL3770455W,Fiction
OL3770455W,Harlequin
OL3770455W,Runaway Brides
OL3770455W,"Fiction, romance, general"
OL3770455W,Large type books
OL3770455W,Contemporary Romance
OL3770455W,The Big Event series
OL3770455W,Harlequin Presents
OL15685W,collectionID:Pbodice_ripper
OL15685W,collectionID:Sbodice_ripper
OL15685W,Fiction
OL15685W,Fiction in English
OL15685W,History
OL15685W,Pirates
OL15685W,"Fiction, romance, historical"
OL15685W,"Caribbean area, fiction"
OL15685W,Large type books
OL15685W,"Fiction, romance, historical, general"
OL3453399W,Sisters
OL3453399W,Missing persons
OL3453399W,Investigation
OL3453399W,Fiction
OL3453399W,Widows
OL3453399W,Large type books
OL3453399W,Large type books.
OL3453399W,Romance fiction
OL3453399W,"Fiction, romance, suspense"
OL3453399W,"Missing persons, fiction"
OL3453399W,"Sisters, fiction"
OL3453399W,"Widows, fiction"
OL5808602W,"Fiction, Romance, Contemporary"
OL20210369W,Romance
OL20210369W,Crushes
OL20210369W,Realistic Fiction
OL20210369W,Children's fiction
OL20210369W,"Love, fiction"
OL20210369W,"Dating (social customs), fiction"
OL20210369W,"Sisters, fiction"
OL3457972W,"Fiction, Romance, Contemporary, Medical"
OL3457972W,"Nurses, fiction"
OL3457972W,"Surgeons, fiction"
OL3771283W,"Fiction, Romance, Contemporary"
OL3759456W,"Fiction, Romance, Contemporary"
OL11327949W,"Fiction, Romance, Contemporary"
OL4084692W,"Fiction, Romance, Contemporary"
OL25381140W,"Fiction, romance, contemporary"
OL8559424W,"Fiction, romance, contemporary"
OL4055722W,Large type books
OL4055722W,Gamblers
OL4055722W,Fiction
OL4055722W,"Fiction, romance, general"
OL4055722W,Romance fiction
OL4055722W,Romance-language fiction
OL4055722W,Contemporary Romance
OL4055722W,Romance
OL9367847W,"Fiction, romance, general"
OL3771299W,"Fiction, Romance, Contemporary"
OL3754800W,"Fiction, Romance, Contemporary"
OL3754800W,"Marriage of convenience, fiction"
OL3754800W,"Miscarriage,  fiction"
OL3754800W,"Child guardianship, fiction"
OL3770769W,"Fiction, Romance, Contemporary"
OL3770769W,"Disability, fiction"
OL3770769W,"Blindness, fiction"
OL7133447W,"Fiction, Romance"
OL1860315W,"Fiction, Romance, Historical"
OL1860315W,"Man-woman relationships, fiction"
OL1860315W,"Small-town America, fiction"
OL1860315W,"Widows, fiction"
OL1860315W,"Single mothers, fiction"
OL1860315W,"Pregnant women, fiction"
OL1860315W,Large type books
OL1860315W,"Georgia, fiction"
OL1860315W,"Fiction, romance, contemporary"
OL3773936W,"Fiction, romance, general"
OL3773936W,Large type books
OL16032364W,Fiction
OL16032364W,romance
OL15842618W,"Fiction, Romance, Contemporary"
OL16454963W,"Fiction, Romance, Contemporary, Modern"
OL16454963W,"Women lawyers,  fiction"
OL16454963W,"Single people, fiction"
OL16454963W,"Corporate lawyers, fiction"
OL16454963W,"Enemies, fiction"
OL16454963W,"Twins, fiction"
OL16454963W,"Fiction, romance, erotica"
OL16454963W,"Man-woman relationships, fiction"
OL17541036W,"Fiction, Romance, Contemporary"
OL17541036W,"Sex in the workplace, fiction"
OL17541036W,"Man-woman relationships, fiction"
OL17541036W,"London (England), fiction"
OL25920096W,Fiction
OL25920096W,Contemporary romance
OL25920096W,texting
OL175368W,Fiction
OL175368W,Historical Romance
OL175368W,Regency
OL175368W,Bedwyn Saga
OL175368W,Regency fiction
OL175368W,Bedwyn family (Fictitious characters)
OL175368W,"Fiction, mystery & detective, general"
OL175368W,"Fiction, romance, general"
OL4233168W,"Fiction, romance, contemporary"
OL4233168W,Infant girls
OL4233168W,Deception
OL4233168W,Billionaires
OL4233168W,Young women
OL4233168W,Grandmothers
OL4233168W,Fiction
OL4233168W,Greeks
OL4233168W,Harlequin
OL4233168W,Marriage
OL4233168W,Extra pages
OL4233168W,"Fiction, romance, general"
OL3519308W,"Fiction, Romance, Contemporary"
OL3519308W,"Companionate marriage,  fiction"
OL3519308W,"Marriage,  fiction"
OL3476053W,"Fiction, romance, contemporary"
OL3476053W,Large type books
OL3476053W,"Fiction, romance, general"
OL3476053W,Princes
OL3476053W,Fiction
OL3476053W,Accident victims
OL3476053W,Romance fiction
OL54031W,Time travel
OL54031W,Fiction
OL54031W,Arthurian romances
OL54031W,Kings and rulers
OL54031W,Adaptations
OL54031W,Knights and knighthood
OL54031W,Americans
OL54031W,Britons
OL54031W,American fiction (fictional works by one author)
OL54031W,"Fiction, fantasy, historical"
OL54031W,"Great britain, fiction"
OL54031W,"Arthur, king, fiction"
OL54031W,"Camelot (legendary place), fiction"
OL54031W,"England, fiction"
OL54031W,"Fiction, humorous"
OL54031W,"Fiction, satire"
OL54031W,Middle Ages
OL54031W,Medievalism
OL54031W,Middle Ages in literature
OL54031W,History
OL54031W,Juvenile fiction
OL54031W,Large type books
OL54031W,Travel
OL54031W,King Arthur
OL54031W,"Connecticut Yankee in King Arthur's court (Twain, Mark)"
OL54031W,"Life on the Mississippi (Twain, Mark)"
OL54031W,"Mysterious stranger and other stories (Twain, Mark)"
OL54031W,Children's fiction
OL54031W,"Knights and knighthood, fiction"
OL54031W,"Literature and fiction, historical fiction"
OL54031W,"Literature and fiction, fantasy"
OL54031W,"Fiction, fantasy, general"
OL54031W,History and criticism
OL54031W,"Arthurian romances, adaptations"
OL54031W,Criticism and interpretation
OL54031W,"Fiction, action & adventure"
OL54031W,Fantasy fiction
OL54031W,Satire
OL54031W,Knights and knighthood -- Fiction
OL54031W,Arthurian romances -- Adaptations
OL54031W,Time travel -- Fiction
OL54031W,Americans -- Great Britain -- Fiction
OL54031W,Kings and rulers -- Fiction
OL54031W,Britons -- Fiction
OL54031W,"Twain, mark, 1835-1910"
OL54031W,Dictionaries
OL54031W,English language
OL54031W,German
OL54031W,Moyen Âge
OL54031W,"Romans, nouvelles"
OL54031W,Voyages dans le temps
OL54031W,Long Now Manual for Civilization
OL54031W,literature
OL54031W,18.06 Anglo-American literature
OL54031W,Drama
OL3845574W,Fiction
OL3845574W,Romance
OL3845574W,Contemporary
OL3845574W,Passion
OL3845574W,"Fiction, romance, general"
OL953162W,virginity
OL953162W,magical realism
OL953162W,Self-growth
OL953162W,violence
OL953162W,passion
OL953162W,rebellion
OL953162W,food
OL953162W,Mexican cuisine
OL953162W,love at first sight
OL953162W,Fiction
OL953162W,familia
OL953162W,mexican cookery
OL953162W,mothers and daughters
OL953162W,sisters
OL953162W,Social life and customs
OL953162W,Cuentos de amor
OL953162W,Family
OL953162W,Family life
OL953162W,Man-woman relationships
OL953162W,Ficción
OL953162W,Drama
OL953162W,Mexican Cooking
OL953162W,Families
OL953162W,Love
OL953162W,Películas cinematográficas
OL953162W,Novela
OL953162W,Love stories
OL953162W,Literature
OL953162W,Cooking
OL953162W,Man-woman relationship
OL953162W,Cocina
OL953162W,Familias
OL953162W,Belletristische Darstellung
OL953162W,Frau
OL953162W,Kochen
OL953162W,Alltag
OL953162W,Manners and customs
OL953162W,"Fiction, general"
OL953162W,"Fiction, romance, regional"
OL953162W,"Mexico, fiction"
OL953162W,Large type books
OL953162W,Madre e hija
OL953162W,Hermanas
OL953162W,Cocina mexicana
OL953162W,Teen fiction
OL953162W,World literature
OL953162W,Fiction subjects
OL953162W,Peoples & cultures - fiction
OL953162W,"Fiction, romance, general"
OL953162W,Romance fiction
OL17478516W,Large type books
OL17478516W,Man-woman relationships
OL17478516W,Romance fiction
OL17478516W,Fiction
OL17478516W,"Fiction, romance, general"
OL17478516W,Princes
OL17478516W,Romance
OL17478516W,"Man-woman relationships, fiction"
OL17478516W,"Pregnancy, fiction"
OL17478516W,Mistresses
OL17478516W,Pregnancy
OL17478516W,Marriage
OL17478516W,Heirs
OL17478516W,Pregnant women
OL17478516W,"Marriage, fiction"
OL17478516W,"Fiction, romance, erotica"
OL17478516W,"Fiction, romance, erotic"
OL15398007W,"Fiction, Romance, Contemporary"
OL21498418W,English Romance fiction
OL810243W,collectionID:Abodice_ripper
OL810243W,Fiction
OL810243W,History
OL810243W,Large type books
OL810243W,"Fiction, romance, historical, general"
OL810243W,"James river (va.), fiction"
OL810243W,"Virginia, fiction"
OL810243W,"Fiction, romance, general"
OL810243W,Historical Romance
OL810243W,Bodice ripper
OL111428W,"Love stories, American"
OL111428W,Open Library Staff Picks
OL111428W,Fiction
OL111428W,Romantic fiction
OL111428W,Inheritance and succession
OL111428W,Sisters
OL111428W,"Fiction, romance, suspense"
OL111428W,"Montana, fiction"
OL111428W,"Sisters, fiction"
OL111428W,Large type books
OL111428W,Romance fiction
OL111428W,American fiction
OL111428W,Sœurs
OL111428W,"Romans, nouvelles"
OL111428W,Successions et héritages
OL111428W,Sisters -- Fiction
OL111428W,Inheritance and succession -- Fiction
OL111428W,Montana -- Fiction
OL3845130W,"Fiction, Romance, Contemporary"
OL3845130W,"Inheritance and succession, fiction"
OL3845130W,Inheritance and succession
OL3845130W,Fiction
OL17306213W,"Fiction, romance, general"
OL3771278W,"Fiction, Romance, Contemporary"
OL3294391W,"Fiction, Romance, Contemporary"
OL3458041W,"Fiction, Romance, Contemporary"
OL3458041W,"Nurses, fiction"
OL3458041W,Dutch fiction
OL3458041W,"Surgeons, fiction"
OL3458041W,English fiction
OL4440552W,Fiction in English
OL4440552W,"Fiction, romance, general"
OL4440552W,Social classes
OL4440552W,Fiction
OL111500W,"Love stories, American"
OL111500W,Jewel thieves
OL111500W,Magicians
OL111500W,Thieves
OL111500W,Open Library Staff Picks
OL111500W,Contemporary
OL111500W,Fiction
OL111500W,Romance
OL111500W,Adoptees
OL111500W,Suspense
OL111500W,1990s
OL111500W,Large type books
OL111500W,American literature
OL111500W,"Fiction, general"
OL111500W,"Fiction, family life"
OL111500W,"Fiction, romance, suspense"
OL111500W,"New orleans (la.), fiction"
OL111500W,"Washington (d.c.), fiction"
OL111500W,"Fiction, romance, contemporary"
OL111500W,"Fiction, thrillers, suspense"
OL111500W,"Fiction, family life, general"
OL5589322W,Fiction in English
OL5589322W,Romance fiction
OL5589322W,Large type books
OL1902447W,"Fiction, Romance, Contemporary"
OL1902447W,"Fiction, romance, contemporary"
OL20883297W,"Fiction, science fiction, general"
OL20883297W,speculative fiction
OL20883297W,nyt:combined-print-and-e-book-fiction=2021-03-21
OL20883297W,New York Times bestseller
OL20883297W,"Fiction, dystopian"
OL20883297W,British and irish fiction (fictional works by one author)
OL20883297W,The Future
OL20883297W,Fiction
OL20883297W,Artificial intelligence
OL20883297W,Robots
OL20883297W,Romance fiction
OL20883297W,Friendship
OL20883297W,Love
OL20883297W,Paid companions (Household employees)
OL20883297W,Intelligence artificielle
OL20883297W,"Romans, nouvelles"
OL20883297W,Amitié
OL20883297W,Literary
OL20883297W,Electronic books
OL20883297W,FICTION / Literary
OL20883297W,FICTION / Science Fiction / General
OL20883297W,FICTION / Visionary & Metaphysical
OL4220889W,"Fiction, romance, general"
OL4220889W,Fiction
OL111575W,Contemporary Fiction
OL111575W,Romance Fiction
OL111575W,1980's
OL111575W,The O'Hurleys!
OL111575W,"Love stories, American"
OL111575W,Romance
OL111575W,Romance - General
OL111575W,Fiction - Romance
OL111575W,Fiction
OL111575W,FIC
OL111575W,FIC027020
OL111575W,Non-Classifiable
OL111575W,Romance - Contemporary
OL111575W,"Fiction, general"
OL111575W,"Fiction, romance, contemporary"
OL111575W,"Fiction, romance, general"
OL111575W,Triplets
OL17900212W,"Fiction, Romance, Contemporary"
OL17900212W,"Man-woman relationships, fiction"
OL3457938W,"Fiction, Romance, Contemporary"
OL3457938W,"Guardian and ward, fiction"
OL3457938W,"Heiresses, fiction"
OL3457938W,"Man-woman relationships, fiction"
OL111433W,"Fiction, Romance; Contemporary"
OL111433W,"Love stories, fiction"
OL111433W,"Man-woman relationships, fiction"
OL111433W,"Hotelkeepers, fiction"
OL111433W,Magic
OL111433W,"Businesswomen, fiction"
OL111433W,Open Library Staff Picks
OL111433W,"Witches, fiction"
OL111433W,Islands
OL111433W,"Fiction, romance, paranormal"
OL111433W,"Fiction, occult & supernatural"
OL111433W,"New England, fiction"
OL111433W,Large type books
OL111433W,Women
OL111433W,Policewomen
OL111433W,Mujeres
OL111433W,Novela
OL111433W,Brujos
OL111433W,Cuentos de amor
OL111433W,"Spanish language materials, fiction"
OL27916409W,Series:Game-Changers
OL27916409W,LGTBI
OL27916409W,"Fiction, romance, contemporary"
OL27916409W,Romance
OL27916409W,Sports Romance
OL27916409W,Hockey
OL27916409W,M M Romance
OL27916409W,Sports
OL27916409W,Contemporary
OL27916409W,Queer
OL27916409W,Contemporary Romance
OL111544W,Mansions
OL111544W,Open Library Staff Picks
OL111544W,Fiction
OL111544W,Nurseries (Horticulture)
OL111544W,Gardeners
OL111544W,Widows
OL111544W,"Love stories, American"
OL111544W,"Fiction, thrillers, general"
OL111544W,"Widows, fiction"
OL111544W,"Tennessee, fiction"
OL111544W,Veuves
OL111544W,"Romans, nouvelles"
OL111544W,Pépinières
OL111544W,Histoires d'amour
OL111544W,"Fiction, romance, suspense"
OL111544W,"Fiction, ghost"
OL111544W,"Fiction, romance, general"
OL8125819W,"Fiction, Romance, Contemporary"
OL3931421W,Fiction
OL3931421W,Family secrets
OL3931421W,Widowers
OL3931421W,Governesses in fiction
OL3931421W,Family secrets in fiction
OL3931421W,Governesses
OL3931421W,Widowers in fiction
OL3931421W,Fiction in English
OL3931421W,Mansions
OL3931421W,Romance
OL3931421W,Gothic novels
OL3931421W,"Fiction, gothic"
OL3931421W,"Leigh, martha (fictitious character), fiction"
OL3931421W,"Cornwall (england : county), fiction"
OL3931421W,"Fiction, romance, historical"
OL3931421W,Cornish history
OL3931421W,old mansions
OL3931421W,governess
OL5691867W,"Fiction, Romance, Contemporary"
OL5691867W,"Man-woman relationships, fiction"
OL5691867W,"Passion, fiction"
OL10451074W,"Fiction, romance, contemporary"
OL10451074W,"Fiction, general"
OL10451074W,"Fiction, romance, general"
OL5808604W,"Fiction, Romance, Contemporary"
OL5808604W,"Passion, fiction"
OL461007W,Fiction in English
OL461007W,Romance fiction
OL17396104W,Businessmen
OL17396104W,Fiction
OL17396104W,"Fiction, romance, general"
OL17396104W,"Man-woman relationships, fiction"
OL17396104W,Man-woman relationships
OL17396104W,"Fiction, romance, erotica"
OL15140020W,Princes
OL15140020W,Twins
OL15140020W,Fiction
OL15140020W,Romance
OL15140020W,Passion
OL15140020W,Pregnancy
OL15140020W,Marriage
OL15140020W,Billionaires
OL15140020W,"Fiction, romance, general"
OL3294281W,Large type books
OL3294281W,"Fiction, romance, general"
OL3294281W,"Fiction, romance, contemporary, modern"
OL16041952W,Fiction
OL16041952W,Romance
OL16041952W,Harlequin
OL3294302W,"Fiction, Romance, Contemporary"
OL2705666W,"Fiction, romance, general"
OL4689744W,Romance
OL4689744W,Passion
OL4689744W,Fiction
OL4689744W,"Fiction, romance, general"
OL8366001W,"Fiction, Romance"
OL3771264W,"Fiction, Romance, Contemporary"
OL1388028W,Adaptations
OL1388028W,"Arthur,"
OL1388028W,"Arthur, in fiction"
OL1388028W,Arthurian romances
OL1388028W,Britons
OL1388028W,Britons in fiction
OL1388028W,English Fantasy fiction
OL1388028W,English Historical fiction
OL1388028W,Fantasy fiction
OL1388028W,Fiction
OL1388028W,Fiction in Spanish
OL1388028W,King arthur in fiction
OL1388028W,Kings and rulers
OL1388028W,Kings and rulers in fiction
OL1388028W,Knights and knighthood
OL1388028W,Knights and knighthood in fiction
OL1388028W,Bretons de Grande-Bretagne
OL1388028W,Cycle d'Arthur
OL1388028W,"Kings, queens, rulers"
OL1388028W,Chevaliers
OL1388028W,Historical fiction
OL1388028W,Rois et souverains
OL1388028W,"Romans, nouvelles"
OL1388028W,Reading Level-Grade 11
OL1388028W,Reading Level-Grade 12
OL1388028W,Juvenile fiction
OL1388028W,"Arthur, king, fiction"
OL1388028W,"Fiction, fantasy, historical"
OL1388028W,"England, fiction"
OL1388028W,"Camelot (legendary place), fiction"
OL1388028W,"Arthurian romances, adaptations"
OL1388028W,Fantasy
OL1388028W,Historical
OL1388028W,Epic
OL1388028W,Classics
OL1388028W,"White, t. h. (terence hanbury), 1906-1964"
OL1388028W,"English literature, history and criticism, 20th century"
OL1388028W,"Fiction, fantasy, general"
OL4052076W,"Fiction, Romance, Historical, Regency"
OL4052076W,"Fiction, romance, historical, general"
OL17421165W,"Fiction, Romance, Contemporary"
OL17421165W,"Man-woman relationships,  fiction"
OL17421165W,"Inheritance and succession,  fiction"
OL17421165W,"Fiction, romance, erotica"
OL17421165W,"Spain, fiction"
OL17421165W,"Families, fiction"
OL3759341W,"Fiction, Romance, Contemporary"
OL3759341W,"Fiction, general"
OL276386W,"Governesses, fiction"
OL276386W,"Children, fiction"
OL276386W,"Fiction, ghost"
OL276386W,"Fiction, fantasy"
OL276386W,"London (England), fiction"
OL276386W,Social conditions
OL276386W,"James, Henry , Ps2116 .t8 2010, 813.4, Fiction"
OL276386W,horror
OL276386W,", Readers, Ghost stories, British and Irish fiction (fictional works by one author), American fiction (fictional works by one author), German, Dictionaries, English language, French, Large type books, Governesses -- England -- Fiction, Children -- England -- Fiction, England -- Fiction, England, Orphans, Literature and fiction (general), Governesses in literature,"
OL276386W,England
OL276386W,fiction
OL276386W,","
OL276386W,psychological
OL276386W,", Classics, Governesses--Fiction, Children--Fiction, England--Fiction, Children in fiction, England in fiction, Fathers and daughters, Telegraphers, Textbooks for foreign speakers, Young women, Supernatural, Romance Norte Americano, Correspondence, Business Men's Art Club of New York, United States. Bureau of Labor Statistics, Statistics, Business Men's Art Club of San Francisco, Diseases, Business Men's Art Club of Chicago, Cost and standard of living, Air, United States, Pacific Coast Borax Company, Occupational mortality, Cost of Medical care, Purchasing power, Medical statistics, Pollution, Criticism and interpretation, Manners and customs, Social life and customs, Psychological fiction, Americans, American literature,"
OL276386W,Man-woman relationships
OL276386W,", Romance fiction, Domestic fiction,"
OL276386W,short stories (single author)
OL276386W,", American fiction, English fiction, New York Times reviewed, Literary criticism,"
OL276386W,Turn of the screw (James
OL276386W,Henry)
OL276386W,James
OL276386W,Henry
OL276386W,1843-1916
OL276386W,American fiction
OL276386W,history and criticism
OL276386W,19th century
OL276386W,", Ps2116 .t8 1998, 813/.4, Children's fiction, Korean, Gouvernantes,"
OL276386W,Romans
OL276386W,nouvelles
OL276386W,", Enfants, High interest-low vocabulary books,"
OL276386W,Adventure and adventurers
OL276386W,Long Now Manual for Civilization
OL276386W,Governesses
OL276386W,Governesses in literature
OL276386W,Children
OL276386W,Romance Norte Americano
OL276386W,Supernatural
OL276386W,Fathers and daughters
OL276386W,Young women
OL276386W,Domestic fiction
OL276386W,Romance fiction
OL276386W,Ghost stories
OL276386W,Telegraphers
OL276386W,"Fiction, general"
OL15691389W,Fiction
OL15691389W,romance
OL3759470W,Fiction
OL3759470W,romance
OL3519317W,"Fiction, Romance, Contemporary"
OL98501W,Accident victims
OL98501W,American fiction (fictional works by one author)
OL98501W,American literature
OL98501W,Children's fiction
OL98501W,Classic Literature
OL98501W,domestic fiction
OL98501W,English fiction
OL98501W,Family life
OL98501W,Farm life
OL98501W,Fiction
OL98501W,Guardian and ward
OL98501W,Interpersonal relations
OL98501W,Love
OL98501W,Manners and customs
OL98501W,Marriage
OL98501W,Married people
OL98501W,poor
OL98501W,Poverty
OL98501W,Readers
OL98501W,Romance
OL98501W,Rural poor
OL98501W,Social life and customs
OL98501W,Study and teaching (Secondary)
OL98501W,Triangles (Interpersonal relations)
OL98501W,Young women
OL98501W,"Married people, fiction"
OL98501W,"Massachusetts, fiction"
OL98501W,"Man-woman relationships, fiction"
OL98501W,"Wharton, edith, 1862-1937"
OL98501W,"Young women, fiction"
OL98501W,"Fiction, romance, general"
OL98501W,Unrequited love
OL98501W,"New england, fiction"
OL98501W,"English language, textbooks for foreign speakers"
OL98501W,"Single women, fiction"
OL98501W,"Fiction, historical, general"
OL98501W,"Fiction, general"
OL98501W,Triangle (Relations humaines)
OL98501W,"Romans, nouvelles"
OL98501W,Victimes d'accidents
OL98501W,Couples mariés
OL98501W,Pauvres en milieu rural
OL98501W,Vie à la ferme
OL98501W,Large type books
OL98501W,Exhibitions
OL98501W,Chinese language
OL98501W,Writing
OL98501W,Seal style
OL98501W,Paste papers
OL98501W,Specimens
OL98501W,Triangles (Interpersonal relations) -- Fiction
OL98501W,Accident victims -- Fiction
OL98501W,Married people -- Fiction
OL98501W,Rural poor -- Fiction
OL98501W,Farm life -- Fiction
OL98501W,Massachusetts -- Fiction
OL98501W,Massachusetts
OL98501W,"England, fiction"
OL98501W,Women as authors
OL98501W,Long Now Manual for Civilization
OL98501W,Mœurs et coutumes
OL15175357W,Fiction
OL15175357W,Passion
OL15175357W,Romance
OL15175357W,"Fiction, romance, erotica"
OL15175357W,"Fiction, romance, erotic"
OL15175357W,Man-woman relationships
OL15175357W,Abduction
OL15175357W,Billionaires
OL3759242W,"Fiction, Romance, Contemporary"
OL3759242W,"Passion, fiction"
OL4356940W,Contemporary romance
OL4356940W,"Fiction, romance, general"
OL4220886W,Romance fiction
OL5236089W,"Fiction, Romance, Contemporary"
OL482575W,Contemporary Fantasy
OL482575W,Magical Realism
OL482575W,Fantasy
OL482575W,"Fiction, romance, fantasy"
OL482575W,American Fantasy fiction
OL482575W,"Fiction, general"
OL482575W,Fantasy fiction
OL482575W,Romance fiction
OL482575W,Families
OL482575W,Fiction
OL482575W,Fairies
OL482575W,Magic
OL17974590W,Fiction
OL17974590W,Romance
OL17974590W,Magic
OL17974590W,Female Lead
OL17974590W,Teacher
OL17974590W,Student
OL17974590W,Magicians
OL17974590W,"Fiction, romance, fantasy"
OL36090166W,American literature
OL36090166W,Mothers and daughters
OL36090166W,Fiction
OL36090166W,Families
OL36090166W,Secrecy
OL36090166W,Life change events
OL36090166W,FICTION / Women
OL36090166W,FICTION / Family Life / General
OL36090166W,FICTION / Romance / Contemporary
OL36090166W,Mother-daughter relationship
OL36090166W,Teenage pregnancy
OL36090166W,Family secrets
OL28681709W,"Fiction, romance, general"
OL28681709W,"Fiction, general"
OL14857623W,"Fiction, Romance, Historical, Regency"
OL14857623W,"Fiction, general"
OL14857623W,"Fiction, romance, general"
OL14862506W,Fiction
OL14862506W,Inheritance and succession
OL14862506W,Romance
OL14862506W,Sisters
OL14862506W,Large type books
OL14862506W,"Fiction, romance, general"
OL14862506W,"Fiction, general"
OL3519326W,"Fiction, Romance, Contemporary"
OL5762087W,Thanksgiving Day
OL5762087W,Call centers
OL5762087W,Fiction
OL5762087W,Indic fiction (English)
OL5762087W,Social life and customs
OL5762087W,Employees
OL5762087W,Friendship
OL5762087W,Manners and customs
OL5762087W,"Fiction, romance, general"
OL5762087W,"Friendship, fiction"
OL5762087W,"India, fiction"
OL5762087W,"Fiction, general"
OL5686809W,Fiction
OL5686809W,Romance
OL5686809W,Passion
OL5686809W,Billionaires
OL5686809W,Secretaries
OL5686809W,"Fiction, romance, general"
OL5691884W,Fiction
OL5691884W,Romance
OL5691884W,Contemporary
OL5691884W,Arranged marriage
OL5691884W,English
OL5691884W,Billionaires
OL5691884W,Young women
OL5691884W,Illegitimate children
OL5691884W,English fiction
OL5691884W,"Fiction, romance, general"
OL5686917W,Women painters
OL5686917W,Fiction
OL5686917W,"Fiction, romance, general"
OL5686917W,Large type books
OL3775474W,"Fiction, general"
OL3775474W,Sheep farming
OL3775474W,Orphans
OL3775474W,Siblings
OL3775474W,Artists
OL3775474W,"Fiction, romance, general"
OL41078W,American fiction (fictional works by one author)
OL41078W,short stories (single author)
OL41078W,American Horror tales
OL41078W,burial vaults
OL41078W,catalepsy
OL41078W,dragons
OL41078W,Fiction
OL41078W,gothic fiction
OL41078W,hermitages
OL41078W,heroic romances
OL41078W,horror
OL41078W,horror tales
OL41078W,hysteria
OL41078W,knights
OL41078W,maces
OL41078W,psychogenic death
OL41078W,short stories
OL41078W,tarns
OL41078W,"Fiction, horror"
OL41078W,Roman type
OL41078W,Artists' books
OL41078W,"Fiction, general"
OL17221584W,Fiction
OL17221584W,romance
OL17415853W,Romance fiction
OL17415853W,"Fiction, romance, erotica"
OL17415853W,"Man-woman relationships, fiction"
OL111479W,Adoptees
OL111479W,American Love stories
OL111479W,Boatbuilding
OL111479W,brothers
OL111479W,contemporary romance
OL111479W,domestic fiction
OL111479W,family life
OL111479W,Fiction
OL111479W,Hermanos
OL111479W,Large type books
OL111479W,love stories
OL111479W,Man-woman relationships
OL111479W,Novela
OL111479W,romance fiction
OL111479W,Trabajadores sociales
OL111479W,women social workers
OL111479W,"Fiction, family life"
OL111479W,"Fiction, romance, contemporary"
OL111479W,"Brothers, fiction"
OL111479W,"Maryland, fiction"
OL111479W,"Fiction, family life, general"
OL111479W,Quinn family (Fictitious characters)
OL111479W,Frères
OL111479W,"Romans, nouvelles"
OL111479W,Chesapeake Bay Saga
OL111479W,Women's Fiction
OL16083359W,"Fiction, Romance, Contemporary"
OL3467540W,"Fiction, Romance, Contemporary"
OL3467540W,"Man-woman relationships, fiction"
OL3467540W,"Betrayal,  fiction"
OL3467540W,"Bridesmaids, fiction"
OL3467540W,"Photographer, fiction"
OL3467540W,"Art dealer, fiction"
OL3845643W,Greeks
OL3845643W,Seduction
OL3845643W,Fiction
OL3845643W,Romance
OL3845643W,Passion
OL3845643W,Businessmen
OL3845643W,Stepsisters
OL3845643W,Employees
OL3845643W,Harlequin
OL3845643W,"Fiction, romance, general"
OL3845643W,"Sisters, fiction"
OL3845643W,"Man-woman relationships, fiction"
OL19979127W,Self-realization
OL19979127W,Fiction
OL19979127W,Marriage
OL19979127W,Separation (Psychology)
OL19979127W,"Marriage, fiction"
OL19979127W,"Fiction, family life"
OL19979127W,"Fiction, psychological"
OL19979127W,"Fiction, romance, general"
OL19979127W,FICTION / Contemporary Women
OL19979127W,FICTION / Family Life
OL19979127W,FICTION / Romance / Contemporary
OL36042699W,"Fiction, romance, contemporary"
OL36042699W,"Fiction, romance, romantic comedy"
OL36042699W,"Fiction, romance, general"
OL36042699W,Fiction
OL36042699W,Romance
OL36042699W,Comtemporary
OL36042699W,Sports
OL36042699W,Hockey players
OL36042699W,Hockey
OL36042699W,Serie:Windy_City
OL36042699W,Contemporary
OL36042699W,Contemporary Romance
OL36042699W,Sports Romance
OL36042699W,Adult
OL36042699W,New Adult
OL3294348W,"Fiction, romance, general"
OL3294348W,Large type books
OL3294348W,"Fiction, Romance, Contemporary"
OL3294348W,"Man-woman relationships, fiction"
OL3294348W,"Explorers, fiction"
OL3294348W,"Women motion picture producers and directors, fiction"
OL27297240W,Fiction
OL27297240W,dark romance
OL27297240W,contemporary
OL27297240W,abduction
OL27297240W,dual pov
OL27297240W,angst
OL27297240W,tortured heroine
OL27297240W,sexual abuse
OL27297240W,possessive hero
OL27297240W,rape
OL27297240W,scars
OL27297240W,blood play
OL27297240W,alpha male
OL27297240W,trafficking
OL27297240W,slavery
OL471990W,Fiction
OL471990W,Mystery
OL471990W,Jane Marple (Fictitious character)
OL471990W,Women detectives in fiction
OL471990W,Women detectives
OL471990W,Romance Ingles
OL471990W,Crime & mystery
OL471990W,"England, fiction"
OL471990W,"Marple, jane (fictitious character), fiction"
OL471990W,"Fiction, mystery & detective, traditional"
OL471990W,"Fiction, mystery & detective, women sleuths"
OL471990W,English literature
OL471990W,"Fiction, mystery & detective, general"
OL471990W,English language
OL471990W,Characters and characteristics in literature
OL471990W,Mystery fiction
OL471990W,Inspectrices de police
OL471990W,"Romans, nouvelles"
OL2959228W,"Fiction, Romance, Contemporary"
OL24217909W,nyt:combined-print-and-e-book-fiction=2022-10-09
OL24217909W,New York Times bestseller
OL24217909W,"Fiction, romance, contemporary"
OL24217909W,"Fiction, romance, new adult"
OL24217909W,"Fiction, psychological"
OL24217909W,"Friendship, fiction"
OL24217909W,"Musicians, fiction"
OL16305787W,"Fiction, romance, general"
OL5686862W,"Fiction, romance, general"
OL3759329W,"Fiction, Romance, Contemporary"
OL3759329W,"Passion, fiction"
OL3759329W,"Man-woman relationships, fiction"
OL5810798W,Romance
OL5810798W,Passion
OL5810798W,Fiction
OL5810798W,"Fiction, romance, general"
OL17846368W,Romance fiction
OL21548993W,"Fiction, romance, general"
OL21548993W,English Romance fiction
OL52114W,Imaginary wars and battles
OL52114W,Juvenile fiction
OL52114W,Space warfare
OL52114W,Science Fiction & Fantasy
OL52114W,Fiction
OL52114W,Diseases
OL52114W,Martians
OL52114W,Invasions
OL52114W,Classic Literature
OL52114W,Open Library Staff Picks
OL52114W,open_syllabus_project
OL52114W,English Science fiction
OL52114W,Imaginary wars and battles in literature
OL52114W,Mars (Planet)
OL52114W,Science fiction
OL52114W,Space vehicles
OL52114W,Earth
OL52114W,Romance Ingles
OL52114W,"Fiction, science fiction, general"
OL52114W,British and irish fiction (fictional works by one author)
OL52114W,"Fiction, fantasy, general"
OL52114W,Children's fiction
OL52114W,Examinations
OL52114W,Vocabulary
OL52114W,SAT (Educational test)
OL52114W,English language
OL52114W,Study guides
OL52114W,"Fiction, action & adventure"
OL52114W,Life on other planets
OL52114W,War stories
OL52114W,"Extraterrestrial beings, fiction"
OL52114W,"Outer space, fiction"
OL52114W,Literature
OL52114W,English literature
OL52114W,Seres extraterrestres
OL52114W,Extraterrestrial beings
OL52114W,Ficcion
OL52114W,Guerra espacial
OL52114W,"Fiction, science fiction, action & adventure"
OL52114W,Human-alien encounters
OL52114W,"Comic books, strips"
OL52114W,"Wells, h. g. (herbert george), 1866-1946"
OL52114W,Adaptations
OL52114W,Graphic novels
OL52114W,"Aladdin (legendary character), fiction"
OL52114W,"War, fiction"
OL52114W,"Adventure and adventurers, fiction"
OL52114W,Guerras imaginarias
OL52114W,Novela
OL52114W,Guerra
OL52114W,"Life on other planets, fiction"
OL52114W,"Fiction, war & military"
OL52114W,Imaginary wars and battles -- Fiction
OL52114W,Space warfare -- Fiction
OL52114W,Mars (Planet) -- Fiction
OL52114W,Imaginary wars and battles--fiction
OL52114W,Space warfare--fiction
OL52114W,Pr5774 .w3 2005dx
OL52114W,823.912
OL52114W,Long Now Manual for Civilization
OL3775472W,"Fiction, Romance, Contemporary"
OL3775472W,"Governesses, fiction"
OL3775472W,"Single fathers, fiction"
OL24457490W,Children's fiction
OL24457490W,Young adult
OL24457490W,contemporary
OL24457490W,romance
OL24457490W,grief
OL24457490W,loss
OL24457490W,second chances
OL24457490W,moving on
OL24457490W,family
OL24457490W,friendship
OL24457490W,forgiveness
OL24457490W,healing
OL24457490W,New York Times bestseller
OL213267W,"Fiction, romance, general"
OL213267W,"Fiction, mystery & detective, general"
OL213267W,Fiction
OL213267W,Mary Stewart
OL213267W,Thunder on the Right
OL213267W,Adult
OL213267W,Gothic
OL213267W,Romance
OL213267W,Adventure
OL213267W,Suspense
OL213267W,Thriller
OL213267W,Nail-biter
OL213267W,Car Accident
OL213267W,Murder
OL213267W,Mystery
OL213267W,"Fiction, romance, suspense"
OL213267W,"Fiction, thrillers, general"
OL213267W,"Fiction, general"
OL213267W,clean romance
OL213267W,Convents
OL9224719W,"Fiction, Romance, Contemporary"
OL167281W,Fiction
OL167281W,Americans
OL167281W,"Jamaica, fiction"
OL167281W,"Fiction, romance, general"
OL167281W,"Fiction, romance, contemporary"
OL167281W,"Washington (d.c.), fiction"
OL167281W,Large type books
OL167281W,ADULT FICTION
OL9224690W,"Fiction, Romance, Contemporary"
OL9224690W,"Man-woman relationships, fiction"
OL9224690W,"Passion, fiction"
OL9224690W,"Banks,  fiction"
OL9224690W,"Fiction, romance, erotica"
OL5695227W,"Fiction, Romance, Contemporary"
OL16587257W,"Fiction, Romance, Contemporary, Modern"
OL16587257W,"Man-woman relationships, fiction"
OL16587257W,"Princes, fiction"
OL16587257W,"Fiction, romance, erotica"
OL16587257W,"Kings and rulers, fiction"
OL16587257W,"Marriage, fiction"
OL19800269W,"Fiction, romance, contemporary"
OL8488804W,Romance
OL8488804W,Erotic Literature
OL8488804W,Fiction
OL8488804W,"Fiction, romance, erotica"
OL8488804W,"Fiction, erotica, general"
OL4412079W,"Fiction, Romance, Contemporary"
OL4412079W,"Man-woman relationships, fiction"
OL28454346W,"Fiction, romance, general"
OL28454346W,Sports
OL3771222W,"Fiction, Romance, Contemporary, Modern"
OL3498738W,"Fiction, romance, general"
OL5686921W,Fiction
OL5686921W,Romance
OL5686921W,Contemporary
OL5686921W,Married people in fiction
OL5686921W,Married people
OL5686921W,Secrecy in fiction
OL5686921W,Genetic disorders in fiction
OL5686921W,Genetic disorders
OL5686921W,Secrecy
OL5686921W,Large print
OL5686921W,"Fiction, romance, general"
OL5686921W,Large type books
OL2959266W,"Fiction, Romance, Contemporary"
OL20667571W,Fiction
OL20667571W,Contemporary Romance
OL554612W,"Fiction, Romance, Historical"
OL554612W,"Man-woman relationships, fiction"
OL554612W,"Diaries, fiction"
OL554612W,"Translators, fiction"
OL554612W,nyt:mass-market-monthly=2021-04-11
OL554612W,New York Times bestseller
OL554612W,American literature
OL554612W,Journaux intimes
OL554612W,"Romans, nouvelles"
OL554612W,Relations entre hommes et femmes
OL554612W,Diaries
OL554612W,Fiction
OL554612W,Translators
OL554612W,Man-woman relationships
OL554612W,"Fiction, romance, historical, regency & georgian"
OL4056407W,"Fiction, Romance, Contemporary"
OL4056407W,Tender Romance
OL5696197W,"Fiction, Romance, Historical, Regency"
OL5696197W,Romance-language fiction
OL5696197W,"Fiction, romance, regional"
OL3770775W,"Fiction, Romance, Contemporary"
OL4331836W,Fiction
OL4331836W,Romance
OL4331836W,Historical Fiction
OL4331836W,Large type books
OL4331836W,"Fiction, romance, historical"
OL4331836W,Impostors and imposture
OL4331836W,Impersonation
OL4331836W,False personation
OL4331836W,Man-woman relationships
OL4331836W,Historical fiction
OL111418W,Ghost stories
OL111418W,Genealogists
OL111418W,Open Library Staff Picks
OL111418W,Fiction
OL111418W,Nurseries (Horticulture)
OL111418W,Ghosts
OL111418W,Widows
OL111418W,Love stories
OL111418W,"Love stories, American"
OL111418W,"Fiction, romance, paranormal"
OL111418W,"Fiction, ghost"
OL111418W,"Tennessee, fiction"
OL111418W,"Widows, fiction"
OL111418W,Large type books
OL111418W,"Fiction, romance, suspense"
OL111418W,Veuves
OL111418W,"Romans, nouvelles"
OL111418W,Pepinieres
OL111418W,Fantomes
OL111418W,Roman sentimental
OL111418W,"Fiction, romance, paranormal, general"
OL111418W,"Fiction, romance, general"
OL111418W,"Scientists, fiction"
OL16057432W,Fiction
OL16057432W,romance
OL111457W,Vampires
OL111457W,Fantasy fiction
OL111457W,Fiction
OL111457W,Wizards
OL111457W,Witches
OL111457W,Time travel
OL111457W,"Love stories, American"
OL111457W,"Fiction, romance, fantasy"
OL111457W,Large type books
OL111457W,sorceror
OL111457W,vampire
OL111457W,FICTION / Romance / Contemporary
OL111457W,FICTION / Romance / General
OL111457W,"Vampires, fiction"
OL111457W,"Fiction, romance, paranormal"
OL3770485W,Fiction
OL3770485W,romance
OL5236088W,"Fiction, Romance, Contemporary"
OL5236088W,"Australian Outback, fiction"
OL5236088W,"Cattle stations, fiction"
OL5236088W,"Cotton farming, fiction"
OL5236088W,"Jealousy, fiction"
OL5236088W,"Drought, fiction"
OL3759170W,"Fiction, Romance, Contemporary"
OL3759170W,"Love stories, fiction"
OL3759170W,"Revenge, fiction"
OL3759170W,"Fathers, fiction"
OL3759170W,"Family-owned business enterprises, fiction"
OL3759170W,"Man-woman relationships, fiction"
OL21854790W,Romance fiction
OL3759382W,Romance
OL3759382W,Fiction
OL3759382W,Harlequin
OL3759382W,Marriage
OL3759382W,Blackmail
OL3759382W,Portuguese
OL3759382W,Passion
OL3759382W,"Fiction, romance, general"
OL3498667W,Fiction
OL3498667W,Passion
OL3498667W,Romance
OL3498667W,"Fiction, romance, general"
OL1708330W,Fiction
OL1708330W,Romance fiction
OL3770476W,Fiction
OL3770476W,Romance
OL3770476W,Contemporary
OL3770476W,soccer
OL3770476W,Large print books
OL3770476W,"Fiction, romance, general"
OL4233114W,"Fiction, Romance, Contemporary"
OL4233114W,"Passion, fiction"
OL4233114W,"Italians, fiction"
OL4233114W,"Marriage, fiction"
OL4233114W,"Businessmen,  fiction"
OL4233114W,"Children, fiction"
OL20853227W,"Fiction, romance, general"
OL2959215W,"Fiction, romance, erotica"
OL2959215W,"Fiction, romance, erotic"
OL4689771W,"Fiction, romance, general"
OL3457644W,"Fiction, Romance, Contemporary"
OL3457644W,"Friendship, fiction"
OL3457644W,"Man-woman relationships, fiction"
OL11277282W,Composers
OL11277282W,Description and travel
OL11277282W,Fiction
OL11277282W,Love stories
OL11277282W,"Fiction, general"
OL11277282W,Romance fiction
OL15436932W,Fiction in English
OL15436932W,romance
OL17519668W,"Fiction, Romance, Contemporary"
OL17519668W,"Man-woman relationships, fiction"
OL17519668W,"Fiction, romance, Middle East"
OL17519668W,"fiction"" ""Kings and Rulers"
OL17519668W,"fiction"""
OL17439529W,"Fiction, Romance, Contemporary"
OL17439529W,Billionaires
OL17439529W,Pregnant women
OL1822309W,"Fiction, Romance, Historical, Regency"
OL3908277W,"Fiction, romance, general"
OL3759115W,"Fiction, romance, contemporary"
OL3759115W,Deception
OL3759115W,Brothers
OL3759115W,Amnesia
OL3759115W,Fiction
OL3759115W,Large type books
OL5690877W,Fiction
OL5690877W,Romance
OL5690877W,Passion
OL5690877W,"Fiction, romance, general"
OL5690877W,"Married people, fiction"
OL3845577W,Fiction
OL3845577W,Romance
OL3845577W,Contemporary
OL3845577W,"Fiction, romance, general"
OL15687W,Open Library Staff Picks
OL15687W,Fiction
OL15687W,Historical fiction
OL15687W,Love stories
OL15687W,Scotland -- Fiction
OL15687W,"Fiction, romance, general"
OL15687W,"Fiction, sagas"
OL15687W,"Fiction, romance, historical, general"
OL32504514W,"Fiction, women"
OL32504514W,"Fiction, romance, new adult"
OL32504514W,"Fiction, romance, contemporary"
OL17426791W,"Fiction, Romance, Contemporary"
OL17426791W,"Billionaires,  fiction"
OL17426791W,"Custody of children, fiction"
OL17426791W,"Marriage,  fiction"
OL17426791W,"Greeks, fiction"
OL17426791W,"Man-woman relationships,  fiction"
OL17426791W,Cuentos de amor
OL17426791W,Relaciones hombre-mujer
OL17426791W,Matrimonio
OL17426791W,Novela
OL17426791W,"Fiction, romance, general"
OL134699W,"Fiction, Romance, Historical, Regency"
OL4220891W,"Fiction, general"
OL4220891W,Romance fiction
OL4278228W,"Fiction, romance, contemporary"
OL4278228W,"Fiction, general"
OL35923530W,"Fiction, romance, general"
OL11327963W,"Fiction, Romance, Contemporary"
OL3475959W,"Fiction, Romance, Contemporary"
OL3475959W,"Man-woman relationships, fiction"
OL3475959W,Fiction
OL3475959W,Passion
OL3475959W,Romance
OL3475959W,"Fiction, romance, general"
OL3475959W,Romance fiction
OL2959332W,"Fiction, Romance, Contemporary"
OL2959332W,"Man-woman relationships, fiction"
OL2959332W,Passion
OL2959332W,"fiction"""
OL4273173W,Man-woman relationships
OL4273173W,Fiction
OL4273173W,Sicilians
OL4273173W,Pregnant women
OL4273173W,Romance
OL4273173W,Passion
OL4273173W,Harlequin
OL4273173W,"Fiction, romance, general"
OL4273173W,Italians
OL3845003W,"Fiction, Romance, Contemporary"
OL3845003W,"Fiction, romance, general"
OL3845003W,Large type books
OL4412082W,"Fiction, Romance, Contemporary"
OL4412082W,Large Print
OL4412082W,"Fiction, romance, contemporary"
OL4412082W,"Fiction, romance, general"
OL4412082W,Large type books
OL2705652W,"Fiction, romance, general"
OL2705652W,Romance fiction
OL4228757W,"Fiction, Romance, Contemporary"
OL4228757W,"Fiction, general"
OL111426W,"Love stories, American"
OL111426W,Open Library Staff Picks
OL111426W,Fiction
OL111426W,Romance
OL111426W,Friendship
OL111426W,"California, fiction"
OL111426W,"Monterey (calif.), fiction"
OL111426W,"Fiction, romance, contemporary"
OL111426W,"Fiction, sagas"
OL111426W,Large type books
OL111426W,FICTION / Romance / General
OL111426W,Models (Persons)
OL111426W,Hotelkeepers
OL111426W,Used clothing industry
OL111426W,Histoires d'amour
OL111426W,"Friendship, fiction"
OL111426W,"Fiction, family life, general"
OL111426W,"Fiction, romance, general"
OL5236152W,"Fiction, Romance, Contemporary"
OL3519301W,"Fiction, Romance, Contemporary"
OL8315344W,"Fiction, romance, contemporary,  general"
OL8315344W,Large type books
OL8315344W,"Fiction, romance, general"
OL15143237W,"Fiction, Romance, Contemporary"
OL15143237W,"Man-woman relationships, fiction"
OL15143237W,"Princes, fiction"
OL15143237W,"Passion, fiction"
OL15143237W,"Fiction, romance, general"
OL15143237W,"Married people, fiction"
OL7133453W,"Fiction, Romance"
OL3457814W,"Fiction, Romance, Contemporary"
OL3457814W,"Man-woman relationships, fiction"
OL3457814W,"Surgeons, fiction"
OL3457814W,"Physicians, fiction"
OL27701041W,Series:Highest-Bidder
OL27701041W,"Fiction, romance, general"
OL27701041W,Romance
OL27701041W,BDSM
OL27701041W,Dark Romance
OL27701041W,Smut
OL27701041W,Dark
OL27701041W,Contemporary
OL27701041W,Erotica
OL27701041W,Contemporary Romance
OL27701041W,Adult
OL27701041W,Fiction
OL3771235W,"Fiction, Romance, Contemporary"
OL3771235W,"Second chance at love, fiction"
OL8032353W,"Fiction, Romance, Contemporary"
OL8032353W,"Fiction, general"
OL82360W,Vampires
OL82360W,Waitresses
OL82360W,Fiction
OL82360W,Fantasy
OL82360W,Telepathy
OL82360W,Vampires -- Fiction
OL82360W,Telepathy -- Fiction
OL82360W,Waitresses -- Fiction
OL82360W,Dallas (Tex.) -- Fiction
OL82360W,Large type books
OL82360W,nyt:mass-market-paperback=2008-09-28
OL82360W,New York Times bestseller
OL82360W,"Fiction, mystery & detective, women sleuths"
OL82360W,"Fiction, fantasy, contemporary"
OL82360W,"Vampires, fiction"
OL82360W,"Stackhouse, sookie (fictitious character), fiction"
OL82360W,"Dallas (tex.), fiction"
OL82360W,"Fiction, occult & supernatural"
OL82360W,Mystery fiction
OL82360W,Dallas (Tex.)
OL82360W,Occult fiction
OL82360W,Sookie Stackhouse (Fictitious character)
OL82360W,"Fiction, romance, paranormal"
OL82360W,"Fiction, romance, paranormal, general"
OL82360W,"United states, fiction"
OL82360W,"Fiction, romance, suspense"
OL20537509W,"Fiction, romance, suspense"
OL20537509W,American literature
OL20537509W,Romance
OL20537509W,Dark
OL20537509W,New Adult
OL20537509W,Contemporary
OL20537509W,Contemporary Romance
OL20537509W,Suspense
OL20537509W,Abuse
OL15740111W,Fiction
OL15740111W,Contemporary Romance
OL15740111W,Large Print
OL15740111W,Harlequin Romance
OL15740111W,Contract Brides series
OL15740111W,"Fiction, romance, general"
OL19968136W,FICTION / Contemporary Women
OL19968136W,FICTION / Romance / General
OL19968136W,"Fiction, women"
OL19968136W,"Fiction, romance, erotica"
OL19968136W,nyt:trade-fiction-paperback=2013-03-03
OL19968136W,New York Times bestseller
OL19968136W,nyt:combined-print-and-e-book-fiction=2013-03-03
OL19968136W,romance
OL19968136W,erotic
OL19968136W,workplace
OL19968136W,enemies to lovers
OL19968136W,sassy heroine
OL19968136W,funny
OL19968136W,dual pov
OL19968136W,contemporary
OL19968136W,possessive hero
OL19968136W,grumpy
OL16471161W,"Fiction, Romance, Contemporary, Medical"
OL16471161W,"Love stories, fiction"
OL16471161W,"Netherlands, fiction"
OL16471161W,"Doctor Nurse, fiction"
OL21582802W,"Fiction, romance, general"
OL21582802W,"Australia, fiction"
OL5236106W,"Fiction, Romance, Contemporary"
OL5236106W,Tender Romance
OL5236106W,"Ranch life, fiction"
OL5236106W,"Love stories, fiction"
OL5236106W,"Single mothers, fiction"
OL5236106W,"Sons, fiction"
OL5236106W,"Ranchers, fiction"
OL5236106W,"Fiction, romance, western"
OL5236106W,"Single women, fiction"
OL5236106W,"Mothers and sons, fiction"
OL5236106W,"Australia, fiction"
OL5236106W,"Man-woman relationships, fiction"
OL8029485W,Romance
OL8029485W,Passion
OL8029485W,Fiction
OL8029485W,"Fiction, romance, general"
OL21598762W,"Fiction, romance, general"
OL21598762W,Romance fiction
OL4689788W,"Fiction, romance, general"
OL3759078W,"Fiction, Romance, Contemporary"
OL17795942W,"Fiction, Romance, Contemporary"
OL17795942W,"Man-woman relationships, fiction"
OL17795942W,"Fiction, romance, erotica"
OL17795942W,"Interior decorators, fiction"
OL17795942W,"Businessmen, fiction"
OL17795942W,Man-woman relationships
OL17795942W,Fiction
OL17795942W,"Fiction, romance, general"
OL16053063W,"Fiction, Romance, Historical, Regency"
OL274910W,"Fiction, Romance, Historical"
OL274910W,"England, fiction"
OL274910W,Romance fiction
OL3498790W,"Fiction, romance, general"
OL3498790W,"Fiction, romance, regional"
OL3498790W,Large type books
OL3498790W,Amnesia
OL3498790W,Women ranchers
OL3498790W,Fiction
OL3458058W,"Fiction, Romance, Contemporary, Medical"
OL3458058W,"Nurses, fiction"
OL3458058W,"Physicians, fiction"
OL20168339W,nyt:trade-fiction-paperback=2020-01-26
OL20168339W,New York Times bestseller
OL20168339W,"Fiction, romance, suspense"
OL20168339W,"Fiction, psychological"
OL5100324W,"Fiction, Romance, Historical, Regency"
OL3931412W,History
OL3931412W,Fiction
OL3931412W,Fiction in English
OL3931412W,"Fiction, romance, historical, general"
OL5729825W,Fiction
OL5729825W,Romance
OL5729825W,African-American
OL5729825W,"Los angeles (calif.), fiction"
OL5729825W,"African americans, fiction"
OL5729825W,"Fiction, romance, contemporary"
OL5729825W,"Fiction, romance, general"
OL3775427W,Romantic fiction
OL3775427W,film stars
OL3775427W,entertainment industry
OL3775427W,"Fiction, general"
OL3775427W,"Fiction, romance, general"
OL4440539W,"Fiction, romance, general"
OL4278297W,"Fiction, romance, general"
OL4278297W,Fiction
OL4278297W,Romance
OL4278297W,Tender Romance
OL3773917W,Fiction
OL3773917W,Romance
OL3773917W,Contemporary
OL3773917W,"Modern"""
OL3773917W,"Marriage, fiction"
OL3773917W,"Greece, fiction"
OL3773917W,"Millionaires, fiction"
OL3773917W,"Man-woman relationships, fiction"
OL3773917W,"Single mothers, fiction"
OL3773917W,"Single women, fiction"
OL3773917W,"Passion, fiction"
OL3771067W,"Fiction, Romance, Contemporary"
OL4092521W,"Fiction, Romance, Historical, Regency"
OL4092521W,Social life and customs
OL4092521W,"Aristocracy (Social class), fiction"
OL4092521W,"Love stories, fiction"
OL4092521W,"Great Britain, fiction"
OL4092521W,Romance fiction
OL4092521W,Love stories
OL4092521W,"Fiction, romance, historical, regency & georgian"
OL15450151W,Arthurian romances
OL15450151W,Fiction
OL15450151W,Knights and knighthood
OL15450151W,Romances
OL15450151W,Kings and rulers
OL15450151W,English Romances
OL15450151W,Chivalry
OL15450151W,Legends
OL15450151W,Sources
OL15450151W,"Arthur, King of England"
OL15450151W,Middle Ages
OL15450151W,Kings and rulers in literature
OL15450151W,History and criticism
OL15450151W,Knights and knighthood in literature
OL15450151W,Adaptations
OL15450151W,"England, fiction"
OL15450151W,"Fiction, fantasy, historical"
OL15450151W,Grail
OL15450151W,Love stories
OL15450151W,Dans la littérature
OL15450151W,Le morte Darthur
OL15450151W,American fiction (fictional works by one author)
OL15450151W,"Fiction, short stories (single author)"
OL15450151W,English literature
OL15450151W,"Folklore, england"
OL15450151W,Children's fiction
OL15450151W,"Arthur, king, fiction"
OL15450151W,"Knights and knighthood, fiction"
OL15450151W,Folklore
OL15450151W,Cycle d'Arthur
OL15450151W,"Arthurian romances, adaptations"
OL15450151W,British and irish fiction (fictional works by one author)
OL15450151W,"Arthur, king, juvenile literature"
OL15450151W,"Arthur, king"
OL15450151W,Juvenile literature
OL15450151W,Arthur
OL15450151W,Chivalry--fiction
OL15450151W,Knights and knighthood--fiction
OL15450151W,Pr2041 .m37 2000
OL15450151W,823.2
OL15450151W,"Malory, thomas , active 15th century"
OL15450151W,Arthurian romances--history and criticism
OL15450151W,Pr2041 .m37 2004
OL15450151W,823/.2
OL15450151W,King Arthur
OL15450151W,German
OL15450151W,Dictionaries
OL15450151W,English language
OL15450151W,Britons
OL15450151W,"Arthur, King -- Legends"
OL6101936W,collectionID:Gbodice_ripper
OL6101936W,collectionID:Sleazy_pulp
OL6101936W,British
OL6101936W,Classic Literature
OL6101936W,Fiction
OL6101936W,Kidnapping
OL6101936W,Romance
OL6101936W,Historical romance
OL6101936W,"Fiction, romance, general"
OL6101936W,"Egypt, fiction"
OL6101936W,"Fiction, general"
OL6101936W,Large type books
OL6101936W,"Missing persons, fiction"
OL6101936W,Guidebooks
OL18160561W,Romance fiction
OL4221187W,"Fiction, romance, general"
OL7999006W,"Fiction, Romance, Contemporary"
OL20797746W,"Fiction, romance, general"
OL895248W,Regency fiction
OL895248W,Love stories
OL895248W,Fiction
OL895248W,Historical Fiction
OL895248W,Romance fiction
OL895248W,"Fiction, romance, general"
OL895248W,"Fiction, romance, contemporary"
OL895248W,"London (england), fiction"
OL1902272W,"Fiction, romance, general"
OL1902272W,"Man-woman relationships, fiction"
OL3803123W,"Fiction, romance, general"
OL1902314W,Large type books
OL1902314W,Government investigators
OL1902314W,Mystery fiction
OL1902314W,Ranch life
OL1902314W,Fiction
OL1902314W,Romance
OL1902314W,Serial murder investigation
OL1902314W,Contemporary Romance
OL1902314W,"Fiction, romance, general"
OL1902314W,"Texas, fiction"
OL1902314W,"Man-woman relationships, fiction"
OL1902314W,"Fiction, romance, suspense"
OL3759344W,Romance fiction
OL3759344W,"Fiction, general"
OL3759344W,Business
OL3759344W,Fiction
OL3775446W,"Fiction, Romance, Contemporary"
OL3775446W,"Fiction, general"
OL29167139W,"Fiction, romance, general"
OL9156412W,Greeks
OL9156412W,Revenge
OL9156412W,Shipping
OL9156412W,Fiction
OL9156412W,Romance
OL9156412W,Passion
OL9156412W,Businessmen
OL9156412W,Arranged marriage
OL9156412W,"Fiction, romance, general"
OL9156412W,"Marriage, fiction"
OL9359757W,Love stories
OL9359757W,Fiction
OL9359757W,"Fiction, romance, general"
OL3457739W,"Fiction, Romance, Contemporary"
OL3457739W,"Nurses, fiction"
OL3457739W,"Surgeons, fiction"
OL3457739W,"Man-woman relationships, fiction"
OL3457739W,"Physicians, fiction"
OL4092664W,"Fiction, Romance, Historical, Regency"
OL4092664W,"Arranged marriage, fiction"
OL4092664W,"Man-woman relationships, fiction"
OL4092664W,"Fiction, religious"
OL4092664W,"London (England), fiction"
OL4092664W,"Social life and customs,  fiction"
OL4092664W,"Great Britain, fiction"
OL4092664W,"Marriage, fiction"
OL4092664W,"Lawyers, fiction"
OL4092664W,"Manners and customs, fiction"
OL4092664W,"England, fiction"
OL4092664W,Civil law
OL4092664W,History
OL4092664W,Fiction
OL11019378W,Government investigators
OL11019378W,Fiction
OL11019378W,Romantic suspense
OL11019378W,Suspense
OL11019378W,Romance
OL11019378W,Rescues Series
OL11019378W,"Fiction, romance, erotica"
OL11019378W,Large type books
OL11019378W,"Fiction, romance, erotic"
OL3908261W,"Fiction, romance, general"
OL3908261W,"Marriage, fiction"
OL3908261W,Large type books
OL8365967W,"Fiction, Romance"
OL112320W,Fiction
OL112320W,Romance
OL112320W,Love stories
OL112320W,Revenge
OL112320W,Historical fiction
OL112320W,Romance fiction
OL112320W,Regency fiction
OL112320W,Historical Romance
OL112320W,Large type books
OL112320W,"Fiction, romance, historical, general"
OL112320W,"England, fiction"
OL112320W,"Fiction, romance, historical"
OL112320W,Historical
OL112320W,History
OL112320W,Man-woman relationships
OL112320W,Mistresses
OL112320W,"Great Britain History George III, 1760-1820 Fiction"
OL112320W,Romantic suspense novels
OL112320W,Social life and customs
OL3771113W,"Fiction, Romance, Contemporary"
OL3771113W,"Divorced parents, fiction"
OL3476058W,Fiction
OL3476058W,Romance
OL3476058W,Contemporary
OL3476058W,New Zealand fiction
OL3476058W,"Fiction, general"
OL1911602W,"Fiction, Romance, Contemporary"
OL1911602W,"Oregon, fiction"
OL1911602W,"Fiction, general"
OL1911602W,"Fiction, romance, general"
OL1911602W,Open Library Staff Picks
OL1911602W,Fiction
OL1911602W,Romance
OL1911602W,Betrothal
OL1911602W,Betrothal in fiction
OL1911602W,Contemporary Romance
OL1911602W,"Arkansas, fiction"
OL1911602W,Romances
OL5804892W,"Fiction, Romance, Contemporary"
OL5804892W,"Virginity, fiction"
OL5804892W,"Greeks, fiction"
OL5804892W,"Waitresses, fiction"
OL5804892W,"Passion, fiction"
OL5804892W,"Billionaires, fiction"
OL5804892W,"Fiction, romance, erotica"
OL5804892W,"Young women, fiction"
OL5804892W,"Man-woman relationships, fiction"
OL5804892W,"Fiction, Romance, Contemporary, Erotica"
OL3771168W,"Fiction, Romance, Contemporary"
OL3773965W,Fiction
OL3773965W,Romance
OL3773965W,"Contemporary"""
OL3773965W,Passion
OL3773965W,Mistresses
OL3773965W,Virginity
OL3773965W,Businessmen
OL3773965W,Russians
OL3773965W,Family-owned business enterprises
OL3773965W,"Fiction, Romance, Contemporary, Modern"
OL3773965W,"Fiction, Romance, Contemporary"
OL3773965W,"Fiction, romance, general"
OL3773965W,Large print books
OL4221232W,"Fiction, romance, general"
OL26087369W,"Fiction, romance, general"
OL15827652W,"Fiction, Romance, Contemporary"
OL15827652W,"Man-woman relationships, fiction"
OL9162966W,"Fiction, Romance, Contemporary"
OL3759140W,"Fiction, Romance, Contemporary"
OL3759140W,"Passion, fiction"
OL3759140W,"Man-woman relationships, fiction"
OL3771123W,"Fiction, Romance, Contemporary"
OL3759417W,"Fiction, romance, general"
OL8030168W,Man-woman relationships
OL8030168W,Erotic Fiction
OL8030168W,Man-woman relationships in fiction
OL8030168W,Romance
OL8030168W,Triangles (Interpersonal relations)
OL8030168W,Erotic Literature
OL8030168W,Fiction
OL8030168W,"Fiction, erotica"
OL8030168W,"Man-woman relationships, fiction"
OL8030168W,"Fiction, erotica, general"
OL8030168W,"Fiction, romance, erotic"
OL8030168W,Sex
OL167328W,"Fiction, Romance, Contemporary,  Adopted children"
OL167328W,Large type books
OL167328W,Adopted children
OL167328W,Fiction
OL21735307W,"Fiction, Romance, Contemporary"
OL17387284W,Divorced women
OL17387284W,Billionaires
OL17387284W,Pregnancy
OL17387284W,Greeks
OL17387284W,Designers
OL17387284W,Fiction
OL17387284W,Romance
OL17387284W,Harlequin
OL17387284W,"Fiction, romance, erotica"
OL17387284W,"Pregnancy, fiction"
OL17387284W,"Greece, fiction"
OL5695715W,"Fiction, Romance, Contemporary"
OL5695715W,"Missing persons, fiction"
OL5695715W,"Authors, fiction"
OL228702W,Race relations
OL228702W,African Americans
OL228702W,Psychology
OL228702W,Afro-Americans
OL228702W,"Giovanni, Nikki"
OL228702W,Fiction
OL228702W,Americans in fiction
OL228702W,Americans
OL228702W,Sexual behavior
OL228702W,Homosexuality in fiction
OL228702W,Sexual orientation
OL228702W,Men
OL228702W,Bisexuals in fiction
OL228702W,Men in fiction
OL228702W,Sexual orientation in fiction
OL228702W,Homosexuality
OL228702W,Bisexuals
OL228702W,Classic Literature
OL228702W,Gay men
OL228702W,"Fiction, african american, general"
OL228702W,"Fiction, gay"
OL228702W,"Paris (france), fiction"
OL228702W,FICTION / African American / General
OL228702W,FICTION / Classics
OL228702W,FICTION / Literary
OL228702W,"Fiction, romance, general"
OL228702W,American fiction (fictional works by one author)
OL228702W,"Fiction, psychological"
OL228702W,"Fiction, african american & black, general"
OL228702W,LGBTQ fiction before Stonewall
OL228702W,American literature
OL228702W,Hommes
OL228702W,"Romans, nouvelles"
OL228702W,Sexualité
OL228702W,Homosexualité
OL228702W,Orientation sexuelle
OL228702W,Bisexuels
OL228702W,African American
OL228702W,General
OL228702W,Literary
OL228702W,Classics
OL228702W,Bohemianism
OL228702W,Blacks
OL228702W,Americans--france--fiction
OL228702W,Sexual orientation--fiction
OL228702W,Bisexuals--fiction
OL228702W,Ps3552.a45 g5 2001
OL228702W,813/.54
OL228702W,Man-woman relationships
OL4092655W,Open Library Staff Picks
OL4092655W,1930s
OL4092655W,"Man-woman relationships, fiction"
OL4092655W,Social life and customs
OL4092655W,"Arranged marriage, fiction"
OL4092655W,Marriage customs and rites
OL4092655W,History
OL4092655W,Manners and customs
OL4092655W,"England, fiction"
OL4092655W,Great Britain
OL4092655W,"fiction"""
OL4092655W,"Fiction, Romance, Hiistorical, Regency"
OL4092655W,Arranged marriage
OL4092655W,Fiction
OL4092655W,"Fiction, romance, general"
OL4092655W,"Great britain, social life and customs, fiction"
OL156401W,"Fiction, Romance, Contemporary"
OL156401W,"Fiction, romance, suspense"
OL38128674W,romance
OL38128674W,dark
OL38128674W,contemporary
OL38128674W,funny
OL38128674W,dual pov
OL38128674W,possessive hero
OL38128674W,praise kink
OL38128674W,bondage
OL38128674W,mafia
OL38128674W,suspense
OL38128674W,primal play
OL38128674W,consensual non-consent
OL38128674W,insta-love
OL38128674W,friends to lovers
OL38128674W,good grovel
OL38128674W,alpha male
OL38128674W,fighting/mma/boxing
OL38128674W,exhibitionism
OL38128674W,past abuse
OL38128674W,Dark Romance
OL38128674W,Smut
OL38128674W,Fiction
OL38128674W,Adult
OL38128674W,Contemporary Romance
OL38128674W,Thriller
OL4787957W,Fiction
OL4787957W,romance
OL15678286W,Fiction
OL15678286W,romance
OL9767580W,Fiction
OL9767580W,Romance
OL9767580W,"Historical"""
OL9767580W,"Fiction, romance, erotica"
OL17436749W,"Fiction, Romance, Contemporary"
OL17436749W,"Fiction, erotica"
OL17436749W,"Married people, fiction"
OL17436749W,"Fiction, romance, general"
OL17436749W,Businesswomen
OL17436749W,Fiction
OL5236087W,"Fiction, Romance, Contemporary"
OL5236087W,"Rich people,  fiction"
OL5236087W,"Bachelors, fiction"
OL5236087W,"Australia, fiction"
OL3294271W,"Fiction, romance, general"
OL3294271W,Large type books
OL3294271W,Romance fiction
OL9468089W,"Fiction, Romance, Contemporary"
OL9468089W,"Second chance at love, fiction"
OL9468089W,"Obsession, fiction"
OL9468089W,"Man-woman relationships, fiction"
OL15660W,Ship captains
OL15660W,Young women
OL15660W,Fiction
OL15660W,Americans
OL15660W,History
OL15660W,"Fiction, romance, historical"
OL15660W,Large type books
OL15660W,"Fiction, romance, historical, general"
OL11277266W,Large type books
OL11277266W,"Fiction, romance, general"
OL4233141W,Large type books
OL4233141W,"Fiction, romance, general"
OL4233141W,Upper class
OL4233141W,Fiction
OL4233141W,Kings and rulers
OL4233141W,Arranged marriage
OL4233141W,"Fiction, general"
OL4233141W,"Fiction, romance, contemporary"
OL4233141W,"Man-woman relationships, fiction"
OL4233141W,"Marriage, fiction"
OL4233141W,"Pregnancy, fiction"
OL5682781W,Fiction
OL5682781W,Werewolves
OL5682781W,Vampires
OL5682781W,Mercy Thompson (Fictitious character)
OL5682781W,"Fiction, fantasy, general"
OL5682781W,"Fiction, thrillers, general"
OL5682781W,Large type books
OL5682781W,American Fantasy fiction
OL5682781W,Paranormal Fiction
OL5682781W,Paranormal
OL5682781W,Shifters
OL5682781W,Walkers
OL5682781W,Coyotes
OL5682781W,Mechanics
OL5682781W,Mercy Thompson Series
OL5682781W,"Vampires, fiction"
OL5682781W,"Comics & graphic novels, romance"
OL5682781W,"Fiction, romance, paranormal"
OL8030158W,Romance
OL8030158W,Passion
OL8030158W,Fiction
OL8030158W,"Fiction, romance, erotica"
OL8030158W,Man-woman relationships
OL8030158W,"Fiction, romance, erotic"
OL8030158W,"Fiction, erotica, general"
OL8030158W,"Fiction, romance, general"
OL8030158W,"Fiction, general"
OL3845010W,Romance
OL3845010W,Tender Romance
OL3845010W,Fiction
OL3845010W,"Fiction, romance, general"
OL16042101W,Actresses
OL16042101W,Spaniards
OL16042101W,Motion picture producers and directors
OL16042101W,Fiction
OL16042101W,Romance
OL16042101W,Harlequin
OL16042101W,"Fiction, romance, contemporary"
OL16042101W,Passion
OL16042101W,"Fiction, romance, general"
OL16042101W,Large type books
OL16042101W,Romance fiction
OL5945663W,romance
OL5945663W,"Fiction, general"
OL4689746W,"Fiction, romance, contemporary"
OL3467574W,Fiction
OL3467574W,Romance
OL3467574W,Contemporary
OL3467574W,Arranged marriage
OL3467574W,Bankers
OL3467574W,Legal assistants
OL3467574W,Inheritance and succession
OL3467574W,"Fiction, romance, general"
OL4107886W,"Fiction, Romance, Historical, Regency"
OL4107886W,"Fiction, general"
OL3803166W,"Fiction, Romance, Contemporary, Sex in the workplace"
OL3803166W,Unmarried mothers
OL3803166W,secretary
OL3803166W,industrial chemist
OL3803166W,"Fiction, romance, general"
OL2959289W,"Fiction, Romance, Contemporary"
OL2959289W,"Businessmen,  fiction"
OL2959289W,"Women entertainers, fiction"
OL2959289W,"Revenge,  fiction"
OL2959289W,"Sexual attraction, fiction"
OL137222W,"Fiction, Romance, Historical"
OL137222W,"Family life, fiction"
OL137222W,"Fiction, romance, general"
OL137222W,"Fiction, family life, general"
OL7990759W,"Fiction, romance, general"
OL7990759W,"Fiction, Romance, Contemporary"
OL7990759W,Large print books
OL7990759W,Large type books
OL167351W,"Fiction, Romance, Historical, Regency"
OL167351W,"Aristocracy (Social class), fiction"
OL167351W,"Seduction, fiction"
OL167351W,"Widows,  fiction"
OL167351W,nyt:hardcover-fiction=2009-06-07
OL167351W,New York Times bestseller
OL167351W,"Love stories, fiction"
OL167351W,Fiction
OL167351W,Romance fiction
OL3759484W,"Fiction, romance, general"
OL3498737W,"Fiction, romance, general"
OL3498737W,"Marriage, fiction"
OL1902362W,Brothers
OL1902362W,Fiction
OL1902362W,Romance
OL1902362W,Historical Fiction
OL1902362W,"Fiction, romance, general"
OL1902362W,"Brothers, fiction"
OL1902362W,"Fort worth (tex.), fiction"
OL1902362W,Large type books
OL1902362W,Brothers in fiction
OL1902362W,"Young women, fiction"
OL17339151W,gay
OL17339151W,fantasy
OL17339151W,magical schools
OL17339151W,"Young adult fiction, fantasy, contemporary"
OL17339151W,"Young adult fiction, romance, paranormal"
OL17339151W,Magic
OL17339151W,JUVENILE FICTION / Love & Romance
OL17339151W,JUVENILE FICTION / Fantasy & Magic
OL17339151W,Fiction
OL17339151W,Gays
OL17339151W,Dating (Social customs)
OL17339151W,Boarding schools
OL17339151W,Schools
OL17339151W,Monsters
OL17339151W,Fantasy fiction
OL17339151W,Juvenile fiction
OL17339151W,Young adult fiction
OL17339151W,nyt:young-adult-e-book=2015-10-25
OL17339151W,New York Times bestseller
OL17339151W,Magicians
OL17339151W,Vampires
OL17339151W,Roommates
OL17339151W,Missing persons
OL17339151W,Students
OL17339151W,Internats
OL17339151W,"Romans, nouvelles, etc. pour la jeunesse"
OL17339151W,Colocataires
OL17339151W,Personnes disparues
OL17339151W,Fantasy & Magic
OL17339151W,Love & Romance
OL17339151W,Private schools
OL3507309W,"Fiction, Romance, Historical, Regency"
OL3507309W,"Fiction, general"
OL3498684W,Romance
OL3498684W,Fiction
OL3498684W,Harlequin
OL3498684W,Amnesia
OL3498684W,"Fiction, romance, general"
OL3498684W,Large type books
OL15134753W,Fiction
OL15134753W,Romance
OL15134753W,General
OL15134753W,Contemporary
OL15134753W,Passion
OL15134753W,Businessmen
OL15134753W,Secretaries
OL15134753W,"Fiction, romance, general"
OL19737591W,Fiction
OL19737591W,Sirens (Mythology)
OL19737591W,Romance fiction
OL19737591W,Pirates
OL19737591W,Princesses
OL19737591W,Children's fiction
OL19737591W,"Pirates, fiction"
OL19737591W,"Princesses, fiction"
OL19737591W,"Love, fiction"
OL19737591W,Pirates -- Fiction
OL19737591W,Princesses -- Fiction
OL19737591W,Sirens (Mythology) -- Fiction
OL15518787W,Romance
OL15518787W,Drama
OL15518787W,Young adult fiction
OL15518787W,Television game shows
OL15518787W,Dystopian
OL15518787W,Girls
OL15518787W,Fiction
OL15518787W,Science fiction
OL15518787W,Interpersonal relations
OL15518787W,Dystopias
OL15518787W,Survival Stories
OL15518787W,Self-Esteem & Self-Reliance
OL15518787W,Action & Adventure
OL15518787W,Insurgency
OL15518787W,JUVENILE FICTION
OL15518787W,Survival
OL15518787W,Social Themes
OL15518787W,Courage
OL15518787W,Survival skills
OL15518787W,Television programs
OL15518787W,Contests
OL15518787W,Children's fiction
OL15518787W,"Interpersonal relations, fiction"
OL15518787W,"Contests, fiction"
OL15518787W,"Television, fiction"
OL15518787W,"Survival, fiction"
OL15518787W,book set
OL278356W,collectionID:bodice_ripper
OL278356W,collectionID:DHromance
OL278356W,Romance
OL278356W,Historical Fiction
OL278356W,Fiction
OL278356W,Rape
OL278356W,"Fiction, romance, historical, general"
OL278356W,Bodice Ripper
OL278356W,"Fiction, romance, regency"
OL278356W,Regency romance
OL9367792W,"Fiction, romance, general"
OL3775382W,"Fiction, Romance, Contemporary"
OL3775382W,Large type books
OL3775382W,"Fiction, romance, general"
OL503666W,"Don Quixote (Cervantes Saavedra, Miguel de)"
OL503666W,Quotations
OL503666W,Knights and knighthood
OL503666W,Social life and customs
OL503666W,Fiction
OL503666W,Classic Literature
OL503666W,Don Quixote (Fictitious character)
OL503666W,Early works to 1800
OL503666W,Dictionaries
OL503666W,Literatura picaresca
OL503666W,España
OL503666W,Readers
OL503666W,Caballeros y caballería
OL503666W,great_books_of_the_western_world
OL503666W,Squires
OL503666W,Spanish fiction
OL503666W,Illustrations
OL503666W,Relatos de aventura
OL503666W,Criticism and interpretation
OL503666W,Spanish Adventure fiction
OL503666W,Dulcinea
OL503666W,"Real Academia Española,"
OL503666W,Characters
OL503666W,Dulcinea (Fictitious character)
OL503666W,Rhetoric
OL503666W,Spanish Proverbs
OL503666W,Spanish literature
OL503666W,Quests
OL503666W,History
OL503666W,Study and teaching (Secondary)
OL503666W,Chivalry
OL503666W,Vida social y costumbres
OL503666W,Spanish language
OL503666W,Composition and exercises
OL503666W,Ficción
OL503666W,Long Now Manual for Civilization
OL503666W,Sancho Panza (Fictitious character)
OL503666W,Manners and customs
OL503666W,Spanish language materials
OL503666W,Spanish: Adult Fiction
OL503666W,Classics
OL503666W,General
OL503666W,Literature - Classics / Criticism
OL503666W,Continental european fiction (fictional works by one author)
OL503666W,"Spain, fiction"
OL503666W,"Don quixote (fictitious character), fiction"
OL503666W,"Fiction, action & adventure"
OL503666W,"Fiction, historical"
OL503666W,"Dulcinea (fictitious character), fiction"
OL503666W,Romance literature
OL503666W,Cide Hamete Benengeli (Fictitious character)
OL503666W,Open Library Staff Picks
OL503666W,Humor
OL503666W,Pictorial works
OL503666W,Literature
OL503666W,Modern Literature
OL503666W,Spanish
OL503666W,"Knights and knighthood, fiction"
OL503666W,"Wishbone (fictitious character), fiction"
OL503666W,"Dogs, fiction"
OL503666W,"Chivalry, fiction"
OL503666W,"Fiction, general"
OL503666W,NOVELAS ESPAÑOLAS
OL503666W,Novela española
OL503666W,Translations into English
OL503666W,Bibliography
OL503666W,Adventure stories
OL503666W,Literary
OL503666W,Shōsetsu-Shōsetsushū
OL503666W,Biography
OL503666W,Literatura española
OL503666W,Appreciation
OL503666W,NOVELISTAS ESPAÑOLES
OL503666W,BIOGRAFIA
OL503666W,Crítica e Interpretación
OL503666W,"Fiction, romance, general"
OL503666W,Dalziel Brothers
OL503666W,Spanish Authors
OL503666W,Quixote
OL503666W,Don quixote (fictitious character)--fiction
OL503666W,Knights and knighthood--spain--fiction
OL503666W,World literature
OL503666W,Fiction subjects
OL503666W,Peoples & cultures - fiction
OL503666W,"Literature, collections"
OL503666W,Politics and government
OL503666W,Spain -- Social life and customs -- 16th century -- Fiction
OL503666W,Knights and knighthood -- Spain -- Fiction
OL503666W,Picaresque literature
OL503666W,Romances
OL503666W,Library
OL503666W,Personal copy
OL503666W,"Sabine Hall (Richmond County, Va.). Library"
OL503666W,Real Academia Española
OL503666W,FICTION / Classics
OL503666W,FICTION / Historical
OL503666W,FICTION / Action & Adventure
OL503666W,Islam
OL503666W,Quests (Expeditions)
OL503666W,Fine books
OL503666W,Specimens
OL503666W,Textbooks for foreign speakers
OL503666W,Gentry
OL503666W,Painting
OL503666W,Art
OL503666W,Philosophy
OL503666W,Aesthetics
OL503666W,"Dictionaries, indexes"
OL8315321W,"Fiction, Romance, Contemporary"
OL8315321W,Large type books
OL8315321W,"Fiction, general"
OL14851667W,"Fiction, Romance"
OL14851667W,Romance fiction
OL5686815W,"Fiction, romance, contemporary"
OL5686815W,Large type books
OL3759048W,"Fiction, Romance, Contemporary"
OL3759048W,"Marriage, fiction"
OL5809039W,"Fiction, romance, general"
OL5809039W,"Marriage, fiction"
OL18180843W,Families
OL18180843W,Romance fiction
OL18180843W,Fiction
OL5695976W,Clans
OL5695976W,Fiction
OL5695976W,Romance
OL5695976W,American Light Romantic Fiction
OL5695976W,Fiction - Romance
OL5695976W,Romance: Historical
OL5695976W,Romance - Historical
OL5695976W,Romance - Regency
OL5695976W,Fiction / Romance / Historical
OL5695976W,Romance - General
OL5695976W,"Fiction, romance, historical, general"
OL5695976W,"Scotland, fiction"
OL810184W,collectionID:Mbodice_ripper
OL810184W,Historical romance
OL810184W,middle ages
OL810184W,medieval period
OL810184W,England
OL810184W,"Fiction, romance, historical"
OL810184W,"Montgomery family (fictitious characters : deveraux), fiction"
OL810184W,Large type books
OL810184W,Marriage
OL810184W,Fiction
OL810184W,Heiresses
OL810184W,Man-woman relationships
OL810184W,"Fiction, romance, historical, general"
OL810184W,Series:Montgomery / Taggart
OL810184W,Series:Velvet Montgomery Annuals Tetralogy
OL810184W,Domestic fiction
OL1961526W,"Fiction, Romance, Historical, Regency"
OL1961526W,Love stories
OL1961526W,Fairytale Retellings: Sleeping Beauty
OL1961526W,"Fiction, romance, general"
OL1961526W,"Fiction, historical, general"
OL137082W,"Fiction, Romance, Historical"
OL137082W,1950s
OL137082W,Fiction in English
OL137082W,"Impersonation, fiction"
OL137082W,History
OL137082W,"Fiction in English, 1900- Texts"
OL137082W,"Fiction, romance, historical, general"
OL137082W,"Scotland, fiction"
OL137082W,"Fiction, romance, general"
OL3775500W,Romantic fiction
OL3775500W,grief and loss
OL3775500W,jealousy
OL3775500W,adultery
OL3775500W,love triangle
OL3775500W,family succession
OL3775500W,"Fiction, romance, contemporary"
OL4221196W,Fiction
OL4221196W,Passion
OL4221196W,Romance
OL4221196W,"Fiction, romance, general"
OL471940W,Hercule Poirot (Fictitious character)
OL471940W,Private investigators
OL471940W,Chief Inspector Japp (Fictitious character)
OL471940W,Belgians
OL471940W,English Detective and mystery stories
OL471940W,Detective and mystery stories
OL471940W,Fiction
OL471940W,Captain Hastings (Fictitious character)
OL471940W,English Short stories
OL471940W,Historical Fiction
OL471940W,Mystery
OL471940W,Romance
OL471940W,"England, fiction"
OL471940W,"Poirot, hercule (fictitious character), fiction"
OL471940W,"Fiction, mystery & detective, traditional"
OL471940W,"Fiction, mystery & detective, short stories"
OL471940W,"Fiction, mystery & detective, collections & anthologies"
OL471940W,"Fiction, crime"
OL471940W,"Fiction, mystery & detective, historical"
OL471940W,Private investigators -- England -- Fiction
OL471940W,"Detective and mystery stories, English"
OL471940W,Belgians -- England -- Fiction
OL471940W,"Poirot, Hercule (Fictitious character) -- Fiction"
OL471940W,Murder
OL471940W,Investigation
OL471940W,Meurtre
OL471940W,"Romans, nouvelles"
OL471940W,Enquêtes
OL471940W,"Fiction, mystery & detective, general"
OL471940W,"Private investigators, fiction"
OL471940W,"Fiction, general"
OL471940W,"Fiction, short stories (single author)"
OL471940W,Mind and body
OL471940W,Social sciences
OL3475995W,"Fiction, Romance, Contemporary"
OL3475995W,Passion
OL3475995W,"Fiction, romance, general"
OL3475995W,"Fiction, medical"
OL3475995W,Man-woman relationships
OL3475995W,Fiction
OL3475995W,Young women
OL3475995W,Widowers
OL3475995W,Virginity
OL14654W,"Fiction, Romance, Historical, Regency"
OL14654W,"Countesses, fiction"
OL14654W,Young women
OL14654W,"fiction"""
OL14654W,"Companionate marriage, fiction"
OL14654W,"Nobility, fiction"
OL3759436W,"Fiction, Romance, Contemporary"
OL3759436W,"Man-woman relationships, fiction"
OL3759436W,"Fiction, general"
OL4961700W,collectionID:Abodice_ripper
OL4961700W,Dramatic Fiction
OL4961700W,Historical Fiction
OL4961700W,Romance Fiction
OL4961700W,"Fiction, general"
OL4961700W,"Fiction, romance, historical"
OL4961700W,"Fiction, romance, general"
OL4961700W,"Fiction, romance"
OL4961700W,Bodice Ripper
OL4961700W,Historical Romance
OL4961700W,alpha male
OL4961700W,Romance
OL4961700W,"Fiction, romance, historical, general"
OL4961700W,"England, fiction"
OL4961700W,"United states, fiction"
OL4961700W,"Caribbean area, fiction"
OL4961700W,"Russia (federation), fiction"
OL2818303W,"Fiction, romance, general"
OL15646W,Interplanetary voyages
OL15646W,Fiction
OL15646W,"Fiction, romance, historical"
OL15646W,Large type books
OL15646W,"Fiction, romance, historical, general"
OL15646W,"Fiction, romance, fantasy"
OL15170036W,"Fiction, Romance, Contemporary"
OL15170036W,"Fiction, Romance, Erotica"
OL15170036W,"Passion, fiction"
OL15170036W,"Kings and rulers, fiction"
OL15170036W,"Housekeepers, fiction"
OL4623643W,Fiction
OL4623643W,romance
OL4623643W,"Fiction, general"
OL19748577W,Serie:Caraval
OL19748577W,Performing arts
OL19748577W,Criminals
OL19748577W,Fantasy
OL19748577W,Arranged marriage
OL19748577W,Juvenile fiction
OL19748577W,Fiction
OL19748577W,Ion
OL19748577W,Young adult fiction
OL19748577W,Games
OL19748577W,Sisters
OL19748577W,Children's fiction
OL19748577W,"Sisters, fiction"
OL19748577W,"Magic, fiction"
OL19748577W,"Games, fiction"
OL19748577W,"Criminals, fiction"
OL19748577W,"Marriage, fiction"
OL19748577W,Fantasy fiction
OL19748577W,nyt:young-adult-hardcover=2018-06-17
OL19748577W,New York Times bestseller
OL19748577W,YOUNG ADULT FICTION / Family / Siblings
OL19748577W,YOUNG ADULT FICTION / Romance / General
OL19748577W,YOUNG ADULT FICTION / Performing Arts / General
OL19748577W,YOUNG ADULT FICTION / Fantasy / General
OL19748577W,Romance
OL19748577W,Mystery
OL11277326W,"Fiction, Romance, Contemporary"
OL21559004W,"Fiction, Romance, Contemporary"
OL21559004W,"Man-woman relationships, fiction"
OL3574739W,"Fiction, Romance, Historical, Regency"
OL4331831W,"Fiction, romance, historical"
OL4331831W,"Fiction, romance, general"
OL4331831W,Fiction
OL4331831W,Man-woman relationships
OL4331831W,Relaciones hombre-mujer
OL4331831W,Reading materials
OL4331831W,Spanish language
OL4331831W,Novela
OL15671W,"Fiction, Romance, Historical"
OL15671W,History
OL15671W,Fiction
OL16821265W,"Fiction, Romance, Historical, Regency"
OL16821265W,"Fiction, general"
OL15610W,"Fiction, romance, historical"
OL15610W,Social life and customs
OL15610W,Malory family (Fictitious characters)
OL15610W,Seafaring life
OL15610W,Pirates
OL15610W,Fiction
OL15610W,Manners and customs
OL15610W,"Fiction, romance, historical, general"
OL468362W,Fiction
OL468362W,"Inheritance and succession, fiction"
OL468362W,"Married people, fiction"
OL468362W,"Family life, fiction"
OL468362W,"Socialites, fiction"
OL468362W,"Young men, fiction"
OL468362W,"Alcoholics, fiction"
OL468362W,Facsimiles
OL468362W,History
OL468362W,Rich people
OL468362W,American Manuscripts
OL468362W,Avarice
OL468362W,Social conditions
OL468362W,Manuscripts
OL468362W,Romance Norte Americano
OL468362W,Psychological fiction
OL468362W,Domestic fiction
OL468362W,Social classes
OL468362W,American fiction (fictional works by one author)
OL468362W,"New york (n.y.), fiction"
OL468362W,"Fiction, psychological"
OL468362W,"Fiction, general"
OL468362W,LITERARY CRITICISM
OL468362W,American
OL468362W,General
OL468362W,Classics
OL468362W,Manners and customs in fiction
OL468362W,"United states, fiction"
OL468362W,American literature
OL468362W,"Fiction, romance, general"
OL468362W,New York (N.Y.) -- Fiction
OL468362W,"- ""Romans"
OL468362W,"nouvelles"""
OL468362W,Conditions sociales
OL468362W,Inheritance and succession
OL468362W,Married people
OL468362W,Long Now Manual for Civilization
OL468362W,"Fiction, family life, general"
OL468362W,Socialites
OL468362W,Alcoholics
OL468362W,Young men
OL5888035W,Fiction
OL5888035W,Passion
OL5888035W,Romance
OL5888035W,"Fiction, romance, suspense"
OL17386768W,"Fiction, Romance, Contemporary"
OL17386768W,"Man-woman relationships, fiction"
OL17386768W,"Fiction, romance, erotica"
OL17386768W,"Secretaries, fiction"
OL3457835W,"Fiction, Romance, Contemporary, Medical"
OL3457835W,Open Library Staff Picks
OL3457835W,"Physicians, fiction"
OL3457835W,"Man-woman relationships, fiction"
OL3754828W,"Fiction, romance, general"
OL3754828W,"Fiction, general"
OL17796171W,"Fiction, Romance, Historical, Regency"
OL17796171W,Romance-language fiction
OL111631W,Murder
OL111631W,Open Library Staff Picks
OL111631W,Bereavement
OL111631W,Murder victims' families
OL111631W,Young women
OL111631W,Fiction
OL111631W,Businesswomen
OL111631W,"Love stories, American"
OL111631W,Large type books
OL111631W,"Fiction, suspense"
OL111631W,"South carolina, fiction"
OL111631W,"Fiction, romance, contemporary"
OL111631W,"Fiction, mystery & detective, women sleuths"
OL111631W,"Friendship, fiction"
OL111631W,Romance
OL111631W,Large print books
OL111631W,Redemption
OL111631W,"Romans, nouvelles"
OL111631W,Jeunes femmes
OL111631W,"Fiction, romance, suspense"
OL111631W,"Young women, fiction"
OL111631W,"Fiction, thrillers, suspense"
OL7133446W,"Fiction, Romance"
OL7133446W,Romance fiction
OL15425685W,Marriage
OL15425685W,Fiction
OL15425685W,romance
OL15425685W,contemporary
OL15425685W,Fortune-tellers
OL15425685W,"Fiction, romance, contemporary"
OL19977306W,College students
OL19977306W,Man-woman relationships
OL19977306W,Betrayal
OL19977306W,Friendship
OL19977306W,Fiction
OL19977306W,Guitarists
OL19977306W,nyt:combined-print-and-e-book-fiction=2014-04-06
OL19977306W,New York Times bestseller
OL19977306W,"Fiction, romance, contemporary"
OL19977306W,"Romans, nouvelles"
OL19977306W,Musiciens
OL19977306W,Amitié
OL19977306W,Étudiantes
OL19977306W,Infidélité
OL4472977W,Fiction
OL4472977W,romance
OL4472977W,Large type books
OL37855093W,nyt:series-books=2024-07-21
OL37855093W,New York Times bestseller
OL37855093W,"Fiction, romance, fantasy"
OL21455595W,"Fiction, Romance, Contemporary"
OL21455595W,"Man-woman relationships, fiction"
OL4056511W,Fiction
OL4056511W,Romance
OL4056511W,Tender Romance
OL4056511W,"Fiction, romance, contemporary"
OL3498550W,"Fiction, Romance, Contemporary"
OL3498550W,Large print books
OL3498550W,"Fiction, romance, general"
OL3498550W,Large type books
OL3498550W,Fiction
OL20651958W,"Fiction, romance, fantasy"
OL20651958W,"Fiction, women"
OL20651958W,"Women lawyers, fiction"
OL20651958W,"Fiction, family life"
OL20651958W,"New york (n.y.), fiction"
OL20651958W,American literature
OL20651958W,"Fiction, romance, general"
OL20651958W,nyt:combined-print-and-e-book-fiction=2020-03-29
OL20651958W,New York Times bestseller
OL4141667W,"Fiction, Romance, Historical"
OL4141667W,"Revenge, fiction"
OL4141667W,History
OL4141667W,"Fiction, romance, historical, general"
OL4141667W,"Scotland, fiction"
OL100046W,"Fiction, Romance, Historical, Regency"
OL3457796W,"Fiction, Romance, Contemporary"
OL3457796W,"Marriage, fiction"
OL3457796W,Anthology
OL6286625W,"Fiction, Romance, Contemporary"
OL3458002W,"Fiction, Romance, Contemporary"
OL3458002W,"Physicians, fiction"
OL3458002W,"Great Britain, fiction"
OL3458002W,"Netherlands, fiction"
OL3458002W,"Man-woman relationships, fiction"
OL3458002W,"Marriage, fiction"
OL3498604W,"Fiction, Romance, Contemporary"
OL16772679W,"Fiction, Romance, Contemporary"
OL16772679W,"Greeks, fiction"
OL16772679W,"Orphans,  fiction"
OL16772679W,"Seduction,  fiction"
OL16772679W,"Pianists, fiction"
OL16772679W,"Businessmen, fiction"
OL16772679W,"Bashfulness, fiction"
OL16772679W,"Fiction, romance, erotica"
OL16772679W,"Musicians, fiction"
OL16772679W,"Marriage, fiction"
OL35345999W,Fantasy
OL35345999W,Romance
OL35345999W,Reverse Harem
OL35345999W,Dark
OL35345999W,Retellings
OL35345999W,Fantasy Romance
OL35345999W,Fae
OL35345999W,Paranormal
OL35345999W,"Fiction, romance, general"
OL35345999W,"Fiction, fantasy, general"
OL35345999W,Series:Vicious-Lost-Boys
OL35345999W,Adult
OL35345999W,Dark Romance
OL35345999W,Smut
OL5686810W,Fiction
OL5686810W,Romance
OL5686810W,Contemporary
OL5686810W,Passion
OL5686810W,Single Women
OL5686810W,Billionaires
OL5686810W,"Marriage, fiction"
OL5686810W,"Fiction, romance, general"
OL1902490W,Fiction
OL1902490W,Contemporary Romance
OL1902490W,Romance
OL1902490W,Romance fiction
OL1902490W,Man-woman relationships
OL1902490W,Family-owned business enterprises
OL1902490W,Love stories
OL1902490W,Americans
OL1902490W,Teenage girls
OL1902490W,"Fiction, romance, contemporary"
OL1902490W,"Paris (france), fiction"
OL1902490W,"France, fiction"
OL1902490W,Large type books
OL15859891W,"Fiction, romance, general"
OL15859891W,"Fiction, romance, contemporary"
OL15859891W,Harlequin
OL1518582W,Fiction
OL1518582W,Castles
OL1518582W,"Fiction, family life"
OL1518582W,"Fiction, coming of age"
OL1518582W,"Fiction, humorous"
OL1518582W,"England, fiction"
OL1518582W,"Fiction, romance, historical"
OL1518582W,Diary fiction
OL1518582W,"Fiction, humorous, general"
OL1518582W,Poverty
OL1518582W,Teenage girls
OL1518582W,"Fiction, general"
OL1518582W,Diaries
OL1518582W,Families
OL1518582W,Young adult fiction
OL4233117W,"Fiction, Romance, Contemporary"
OL5686947W,Mistresses
OL5686947W,Women lawyers
OL5686947W,Fiction
OL5686947W,Romance
OL5686947W,Italians
OL5686947W,Passion
OL5686947W,Italian Americans
OL5686947W,"Fiction, romance, general"
OL5686947W,Romance fiction
OL5686947W,Spanish language
OL5686947W,Relaciones hombre-mujer
OL5686947W,Novela
OL5686947W,Cuentos de amor
OL5686947W,Abogadas
OL5686947W,Amantes
OL5686947W,Italiano americanos
OL5686947W,"Man-woman relationships, fiction"
OL3458059W,"Fiction, Romance, Contemporary"
OL3458059W,"Married people, fiction"
OL3458059W,"Nobility, fiction"
OL3458059W,"Man-woman relationships, fiction"
OL3458059W,"Marriage, fiction"
OL3775331W,"Fiction, romance, general"
OL213241W,Fiction
OL213241W,Merlin (Legendary character)
OL213241W,Arthurian romances
OL213241W,Adaptations
OL213241W,Wizards
OL213241W,Britons
OL213241W,Kings and rulers
OL213241W,Fiction in English
OL213241W,Legends
OL213241W,Large type books
OL213241W,Merlin
OL213241W,Romances
OL213241W,"Fiction, fantasy, historical"
OL213241W,"Merlin (legendary character), fiction"
OL213241W,"Arthur, king, fiction"
OL213241W,"Fiction, romance, historical, general"
OL213241W,Fantasy fiction
OL213241W,Historical fiction
OL213241W,"Fiction, romance, historical"
OL213241W,"Great britain, fiction"
OL213241W,Belletristische Darstellung
OL213241W,"Arthurian romances, adaptations"
OL4141645W,"Fiction, Romance, Historical"
OL4141645W,"Man-woman relationships, fiction"
OL4141645W,"Marriage, fiction"
OL4141645W,Man-woman relationships
OL4141645W,Fiction
OL4141645W,Marriage
OL4141645W,"Scotland, fiction"
OL4141645W,"Fiction, romance, historical, general"
OL17203232W,Diary
OL17203232W,Bands (Music)
OL17203232W,Reality television programs
OL17203232W,Diaries
OL17203232W,Juvenile fiction
OL17203232W,Fiction
OL17203232W,Sound recordings
OL17203232W,Production and direction
OL17203232W,Friendship
OL17203232W,Comics & Graphic Novels
OL17203232W,Social Themes
OL17203232W,Humorous Stories
OL17203232W,Singers
OL17203232W,"Maxwell, Nikki (Fictitious character) - Juvenile fiction"
OL17203232W,Singers - Juvenile fiction
OL17203232W,Diary fiction - Juvenile fiction
OL17203232W,Children's fiction
OL17203232W,"Friendship, fiction"
OL17203232W,"Bands (music), fiction"
OL17203232W,"Television, fiction"
OL17203232W,Highschool
OL17203232W,"Diaries, fiction"
OL17203232W,Middle grade
OL17203232W,young adult
OL17203232W,diary
OL17203232W,humor
OL17203232W,romance
OL17203232W,friendship
OL17203232W,family
OL17203232W,school
OL17203232W,awkwardness
OL17203232W,crushes
OL17203232W,fashion
OL17203232W,body image
OL17203232W,self-acceptance
OL3931519W,Fiction in English
OL3931519W,Gothic revival (Literature)
OL3931519W,"Fiction, romance, general"
OL3931519W,"Fiction, mystery & detective, general"
OL3931519W,Fiction
OL25960185W,nyt:trade-fiction-paperback=2022-06-19
OL25960185W,New York Times bestseller
OL25960185W,"Fiction, women"
OL25960185W,"Fiction, romance, contemporary"
OL3754821W,"Fiction, romance, general"
OL3754821W,"Fiction, general"
OL9482485W,Fiction
OL9482485W,romance
OL9482485W,step-parents
OL9482485W,Stepparents
OL4720160W,mutants
OL4720160W,love
OL4720160W,death
OL4720160W,amputation
OL4720160W,sex
OL4720160W,time
OL4720160W,science fiction
OL4720160W,romance
OL4720160W,foreshadowing
OL4720160W,first-person narrative
OL4720160W,hypothermia
OL4720160W,frostbite
OL4720160W,miscarriage
OL4720160W,vasectomy
OL4720160W,stress
OL4720160W,Spanish language materials
OL4720160W,Spanish language
OL4720160W,Fiction
OL4720160W,domestic fiction
OL4720160W,Librarians
OL4720160W,Married people
OL4720160W,Viaje a través del tiempo
OL4720160W,Women art students
OL4720160W,Fantasy fiction
OL4720160W,Bibliotecarios
OL4720160W,Ficción
OL4720160W,Personas casadas
OL4720160W,Time travel
OL4720160W,Viajes a través del tiempo
OL4720160W,"Fiction, fantasy, general"
OL4720160W,"Married people, fiction"
OL4720160W,"Fiction, romance, time travel"
OL4720160W,"Librarians, fiction"
OL4720160W,"Women artists, fiction"
OL4720160W,FICTION / Literary
OL4720160W,FICTION / Historical
OL4720160W,Large type books
OL4720160W,Chang pian xiao shuo
OL4720160W,nyt:trade-fiction-paperback=2009-07-05
OL4720160W,New York Times bestseller
OL4720160W,Bibliothécaires
OL4720160W,"Romans, nouvelles"
OL4720160W,Voyages dans le temps
OL4720160W,Couples mariés
OL4720160W,Étudiantes en art
OL4720160W,Women artists
OL4720160W,Librarians--fiction
OL4720160W,Time travel--fiction
OL4720160W,Married people--fiction
OL4720160W,Women art students--fiction
OL4720160W,Fictional works
OL4720160W,Ps3564.i362 t56 2003b
OL4720160W,813/.54
OL17976969W,Fiction
OL17976969W,romance
OL22518674W,"Fiction, romance, general"
OL11328048W,Fiction
OL11328048W,romance
OL11328048W,general
OL11328048W,"Fiction, general"
OL17393790W,Administrative assistants
OL17393790W,Billionaires
OL17393790W,Greeks
OL17393790W,Single mothers
OL17393790W,Marriage
OL17393790W,Man/woman relationships
OL17393790W,Fiction
OL17393790W,"Fiction, romance, general"
OL17393790W,"Man-woman relationships, fiction"
OL17393790W,"Greece, fiction"
OL17393790W,"Pregnancy, fiction"
OL17393790W,Romance fiction
OL14862450W,"Fiction, Romance, Contemporary"
OL14862450W,Television camera operators
OL14862450W,"New jersey, fiction"
OL14862450W,"Fiction, romance, general"
OL16825084W,Dystopias
OL16825084W,Juvenile fiction
OL16825084W,Fiction
OL16825084W,Science fiction
OL16825084W,Courage
OL16825084W,Identity (Philosophical concept)
OL16825084W,Social classes
OL16825084W,Identity
OL16825084W,YOUNG ADULT FICTION
OL16825084W,Dystopian
OL16825084W,Romance
OL16825084W,Social Themes
OL16825084W,Values & Virtues
OL16825084W,Amerikanisches Englisch
OL16825084W,Families
OL16825084W,Loyalty
OL16825084W,American Young adult fiction
OL16825084W,Children's fiction
OL16825084W,"Identity, fiction"
OL16825084W,"Courage, fiction"
OL16825084W,Fantasy fiction
OL16825084W,American Science fiction
OL16825084W,Identité
OL16825084W,"Romans, nouvelles"
OL16825084W,Classes sociales
OL16825084W,Dystopies
OL3773931W,"Fiction, romance, general"
OL3773931W,Sex in the workplace
OL3773931W,Fiction
OL3773931W,Italians
OL3773931W,Passion
OL3773931W,Romance
OL27731687W,"Fiction, romance, general"
OL4141646W,"Fiction, Romance, Historical"
OL4141646W,"Aristocracy (Social class), fiction"
OL4141646W,History
OL4141646W,"Love, fiction"
OL4141646W,Fiction
OL4141646W,Highlands (Scotland)
OL4141646W,"Scotland, fiction"
OL4141646W,"Fiction, romance, general"
OL4141646W,"Fiction, romance, historical, general"
OL15395162W,"Fiction, Romance, Contemporary"
OL15395162W,Anthology
OL11328191W,"Fiction, romance, erotica"
OL4279465W,"Fiction, Romance, Comtemporary"
OL4279465W,"Abandoned children, fiction"
OL4279465W,Self-actualization (Psychology)
OL4279465W,"Widows, fiction"
OL4279465W,"California, fiction"
OL4279465W,Large type books
OL3457914W,"Fiction, Romance, Contemporary"
OL3457914W,"Nurses, fiction"
OL3457914W,"Man-woman relationships, fiction"
OL1902212W,"Fiction, romance, general"
OL1902212W,Contemporary Romance
OL1902212W,Fiction
OL1902212W,80s
OL1902212W,old skool
OL34811234W,"Fiction, romance, romantic comedy"
OL34811234W,"Fiction, small town & rural"
OL34811234W,"Fiction, romance, contemporary"
OL34811234W,nyt:combined-print-and-e-book-fiction=2023-09-24
OL34811234W,New York Times bestseller
OL16732132W,Paranormal romance stories
OL16732132W,Women booksellers
OL16732132W,Man-woman relationships
OL16732132W,Magic
OL16732132W,Witches
OL16732132W,Billionaires
OL16732132W,Fiction
OL16732132W,"Fiction, romance, fantasy"
OL16732132W,"Man-woman relationships, fiction"
OL16732132W,"Fiction, romance, paranormal, general"
OL16732132W,"Fiction, romance, general"
OL5810753W,"Fiction, romance, general"
OL8586880W,"Fiction, romance, general"
OL3395300W,Fiction
OL3395300W,Romance
OL3395300W,Passion
OL3395300W,"Fiction, romance, general"
OL10530571W,Fiction
OL10530571W,Fiction in English
OL10530571W,Romance
OL10530571W,Love stories
OL10530571W,"Fiction, romance, historical"
OL10530571W,"Fiction, general"
OL10530571W,Large type books
OL10530571W,"Fiction, romance, historical, general"
OL20014818W,College students
OL20014818W,Man-woman relationships
OL20014818W,Fiction
OL20014818W,"Fiction, romance, contemporary"
OL20014818W,FICTION / Romance / Contemporary
OL20014818W,FICTION / Contemporary Women
OL82374W,Vampires
OL82374W,Cocktail servers
OL82374W,Telepathy
OL82374W,Waitresses
OL82374W,Fiction
OL82374W,Fantasy
OL82374W,New York Times bestseller
OL82374W,Urban Fantasy
OL82374W,nyt:mass_market_paperback=2010-09-11
OL82374W,Vampires -- Fiction
OL82374W,Telepathy -- Fiction
OL82374W,Waitresses -- Fiction
OL82374W,Louisiana -- Fiction
OL82374W,Amerikanisches Englisch
OL82374W,Large type books
OL82374W,"Fiction, mystery & detective, women sleuths"
OL82374W,"Fiction, fantasy, contemporary"
OL82374W,"Vampires, fiction"
OL82374W,"Stackhouse, sookie (fictitious character), fiction"
OL82374W,"Louisiana, fiction"
OL82374W,"Fiction, occult & supernatural"
OL82374W,"United states, fiction"
OL82374W,"Fiction, romance, paranormal, general"
OL82374W,Sookie Stackhouse (Fictitious character)
OL82374W,"Science fiction, fantasy, horror"
OL17716024W,Magic
OL17716024W,FICTION / Romance / General
OL17716024W,Businesswomen
OL17716024W,Witches
OL17716024W,Fiction
OL17716024W,Businessmen
OL17716024W,nyt:trade-fiction-paperback=2014-11-16
OL17716024W,New York Times bestseller
OL17716024W,"Fiction, family life"
OL17716024W,"Fiction, romance, paranormal"
OL17716024W,"Ireland, fiction"
OL17716024W,"Fiction, family life, general"
OL17716024W,"Fiction, romance, paranormal, general"
OL3773939W,"Fiction, romance, general"
OL3773939W,Amnesia
OL3773939W,Fiction
OL3773939W,Unmarried mothers
OL3773939W,"Fiction, romance, contemporary"
OL5683000W,History
OL5683000W,Love stories
OL5683000W,Fiction
OL5683000W,Large type books
OL5683000W,"Fiction, romance, historical"
OL5683000W,"Scotland, fiction"
OL5683000W,"Fiction, romance, historical, general"
OL5683000W,Series:Deed
OL5683000W,Romance fiction
OL5683000W,Historical Romance
OL4331825W,Socialites
OL4331825W,Americans
OL4331825W,Marriage
OL4331825W,Fiction
OL4331825W,Large type books
OL4331825W,Historical Romance
OL4331825W,Romans
OL4331825W,nouvelles
OL4331825W,Wallflowers series
OL4331825W,"Fiction, romance, historical"
OL4331825W,"London (england), fiction"
OL4331825W,"Fiction, romance, historical, general"
OL4331825W,History
OL4331825W,"Romans, nouvelles"
OL4331825W,Histoire
OL5695687W,Revenge
OL5695687W,Fiction
OL5695687W,Romance
OL5695687W,Passion
OL5695687W,Pregnancy
OL5695687W,Italians
OL5695687W,"Fiction, romance, general"
OL5695687W,"Sicily (italy), fiction"
OL5689124W,"Fiction, Romance, Historical"
OL5689124W,"Fiction, romance, historical, general"
OL3261153W,Historical Fiction
OL3261153W,Fiction
OL3261153W,Time travel
OL3261153W,Imaginary voyages
OL3261153W,"Culloden, Battle of, Scotland, 1746"
OL3261153W,Scotland
OL3261153W,Romance
OL3261153W,Fantasy
OL3261153W,Historical
OL3261153W,"Fiction, historical"
OL3261153W,"Fiction, romance, historical"
OL3261153W,"Fraser, jamie (fictitious character), fiction"
OL3261153W,"Scotland, fiction"
OL3261153W,"Fiction, general"
OL3261153W,"Fiction, romance, time travel"
OL3261153W,"France, fiction"
OL3261153W,"Fraser, claire (fictitious character), fiction"
OL3261153W,History
OL3261153W,nyt:combined-print-and-e-book-fiction=2014-08-31
OL3261153W,New York Times bestseller
OL3261153W,Man-woman relationships
OL3261153W,Family secrets
OL3261153W,Mothers and daughters
OL3261153W,"Jacobite Rebellion, 1745-1746"
OL3261153W,"Jacobite rebellion, 1745-1746, fiction"
OL3261153W,"Man-woman relationships, fiction"
OL3261153W,"Mothers and daughters, fiction"
OL3261153W,Science fiction
OL3261153W,"Fiction, romance, general"
OL3261153W,Voyages dans les temps
OL3261153W,"Romans, nouvelles"
OL3261153W,"Fiction, fantasy, general"
OL3261153W,Frau
OL3261153W,Zeitreise
OL3261153W,Liebesbeziehung
OL3261153W,Unabhängigkeitsbewegung
OL3261153W,"Fiction, romance, historical, general"
OL3261153W,Polish language materials
OL3261153W,Voyages dans le temps
OL3261153W,Relations entre hommes et femmes
OL3261153W,Secrets de famille
OL3261153W,Mères et filles
OL3261153W,"Rébellion des Jacobites, 1745-1746"
OL3261153W,Histoire
OL2959272W,"Fiction, Romance, Contemporary"
OL2959272W,"Women teachers, fiction"
OL4143088W,"Fiction, romance, general"
OL468485W,Fiction
OL468485W,Psychiatrists
OL468485W,Wealth
OL468485W,Moral and ethical aspects of Wealth
OL468485W,Facsimiles
OL468485W,American Manuscripts
OL468485W,Manuscripts
OL468485W,Moral and ethical aspects
OL468485W,Literature
OL468485W,Psychological fiction
OL468485W,Love stories
OL468485W,The Arts
OL468485W,"Fitzgerald, F. Scott"
OL468485W,20th Century American Novel And Short Story
OL468485W,Literature - Classics / Criticism
OL468485W,French
OL468485W,Literature: Classics
OL468485W,USA
OL468485W,Classics
OL468485W,"(Francis Scott),"
OL468485W,1896-1940
OL468485W,"Manuscripts, American"
OL468485W,Historical fiction
OL468485W,Romance fiction
OL468485W,"Psychiatrists, fiction"
OL468485W,"France, fiction"
OL468485W,"Fiction, psychological"
OL468485W,American fiction (fictional works by one author)
OL468485W,English
OL468485W,Modern Literature
OL468485W,Large type books
OL468485W,American fiction
OL468485W,Europe - Fiction
OL468485W,English fiction
OL468485W,Romance Norte Americano
OL468485W,Psychology
OL468485W,Popular Work
OL468485W,Richesse
OL468485W,"Romans, nouvelles"
OL468485W,Aspect moral
OL468485W,Psychiatres
OL468485W,"Fiction, general"
OL468485W,Histoires d'amour
OL468485W,American literature
OL468485W,Medicine in Literature
OL468485W,"Fiction, family life, marriage & divorce"
OL468485W,"Fiction, classics"
OL468485W,English literature
OL468485W,Roman
OL468485W,Amerikanisches Englisch
OL468485W,"Tender is the night (Fitzgerald, F. Scott)"
OL3775306W,"Fiction, Romance, Contemporary, Women farmers"
OL3775306W,Architects
OL3775306W,Family farms
OL3775306W,"England, fiction"
OL3775306W,"Fiction, romance, general"
OL2469479W,"Fiction, Romance, Contemporary"
OL2469479W,"Man-woman relationships, fiction"
OL2469479W,"Married people, fiction forced marriage"
OL2469479W,"Fiction, romance, general"
OL5691878W,Fiction
OL5691878W,Romance
OL5691878W,Contemporary
OL5691878W,Passion
OL5691878W,Art analyst
OL5691878W,Financier
OL5691878W,la traviata opera
OL5691878W,Revenge
OL5691878W,Blackmail
OL5691878W,"Fiction, romance, general"
OL3771216W,"Fiction, Romance, Contemporary"
OL3771216W,Anthology?
OL3457727W,"Fiction, Romance, Contemporary"
OL3457727W,Dutch fiction
OL3457727W,"Nurses, fiction"
OL3457727W,"Physicians, fiction"
OL3457727W,"Triangles (Interpersonal relations), fiction"
OL3457695W,"Fiction, Romance, Contemporary"
OL3457695W,"Man-woman relationships, fiction"
OL3457695W,"England, fiction"
OL3457695W,"Physicians, fiction"
OL17400582W,"Fiction, Romance, Historical, Regency"
OL17400582W,"Man-woman relationships, fiction"
OL17400582W,"Marriage, fiction"
OL17400582W,"Nobility, fiction"
OL17400582W,"Fiction, romance, general"
OL3759459W,"Fiction, romance, general"
OL1902282W,Fiction
OL1902282W,Ronance
OL1902282W,Contemporary
OL1902282W,old school
OL1902282W,Romance-language fiction
OL1902282W,Love stories
OL1902282W,"Fiction, romance, contemporary"
OL3845618W,"Fiction, romance, general"
OL8365987W,"Fiction, Romance"
OL16552708W,"Fiction, Romance, Contemporary, Modern"
OL16552708W,Man-woman relationships
OL16552708W,Spouses
OL16552708W,"Fiction, romance, erotica"
OL16552708W,"Fiction, romance, erotic"
OL16552708W,Fiction
OL167284W,Orphans
OL167284W,Fiction
OL167284W,Photographers
OL167284W,"Fiction, romance, contemporary"
OL167284W,"Photographers, fiction"
OL167284W,Large type books
OL167284W,Jungles
OL167284W,Escapes
OL167284W,"Fiction, romance, suspense"
OL167284W,"Europe, fiction"
OL11277234W,Fiction
OL11277234W,Romance
OL11277234W,"Contemporary"""
OL9156408W,Romance
OL9156408W,Passion
OL9156408W,Fiction
OL9156408W,"Fiction, romance, general"
OL9156408W,Brazilians
OL9156408W,Mistresses
OL9156408W,Seduction
OL9156408W,Revenge
OL3476084W,Fiction
OL3476084W,Passion
OL3476084W,Romance
OL3476084W,"Fiction, romance, general"
OL3476084W,New Zealand fiction
OL4233154W,Fiction
OL4233154W,Romance
OL4233154W,Contemporary
OL4233154W,"Modern"""
OL15313344W,American Christmas stories
OL15313344W,Fiction
OL15313344W,"Fiction, romance, historical, general"
OL15313344W,Historical Romance
OL15313344W,"Fiction, romance, contemporary"
OL15313344W,Westmoreland Saga
OL8030156W,Erotic Fiction
OL8030156W,Fiction
OL8030156W,Romance
OL8030156W,Man-woman relationships
OL8030156W,"Fiction, romance, general"
OL8030156W,"Fiction, romance, erotic"
OL8030156W,"Man-woman relationships, fiction"
OL8030156W,"Fiction, general"
OL9635858W,contemporary romance
OL9635858W,"Fiction, romance, general"
OL9635858W,"Fiction, romance, collections & anthologies"
OL3476020W,"Fiction, romance, general"
OL3476020W,"Fiction, general"
OL34316607W,"Fiction, general"
OL34316607W,"Fiction, romance, general"
OL9359682W,Romance fiction
OL29983W,Romans
OL29983W,Jeunes filles
OL29983W,Soeurs
OL29983W,Sisters
OL29983W,Young women
OL29983W,Fiction
OL29983W,"Fiction, women"
OL29983W,"Young women, fiction"
OL29983W,Family life
OL29983W,Literatura Norte Americana
OL29983W,Families
OL29983W,Juvenile fiction
OL29983W,March family (Fictitious characters)
OL29983W,Domestic fiction
OL29983W,Bildungsromans
OL29983W,Historical fiction
OL29983W,Children's fiction
OL29983W,"Family life, fiction"
OL29983W,"Sisters, fiction"
OL29983W,"New england, fiction"
OL29983W,"March family (fictitious characters), fiction"
OL29983W,American fiction (fictional works by one author)
OL29983W,"Fiction, family life, general"
OL29983W,"Mothers and daughters, fiction"
OL29983W,History
OL29983W,Dictionaries
OL29983W,English language
OL29983W,Spanish
OL29983W,Familias
OL29983W,Hermanas
OL29983W,Madre e hijas
OL29983W,Mothers and daughters
OL29983W,Ficción
OL29983W,Young men
OL29983W,Social life and customs
OL29983W,Manners and customs
OL29983W,"Fiction, coming of age"
OL29983W,"Family, fiction"
OL29983W,"Fiction, family life"
OL29983W,Children: Grades 4-6
OL29983W,Family
OL29983W,"Fiction, general"
OL29983W,Coloring books
OL29983W,German
OL29983W,Literarne študije
OL29983W,Little women
OL29983W,", Japanese language books, New England, Novela estadounidense, Američki građanski rat, ljubav, obitelj, odrastanje, growing up, žene, New England in fiction, Sisters in fiction, Family life in fiction, Mothers and daughters in fiction, Young women in fiction, Family in fiction,"
OL29983W,Literature
OL29983W,collections
OL29983W,", American literature, New England -- Fiction, March family (Fictitious characters) -- Fiction, Sisters -- Fiction, Family life -- New England -- Fiction, Mothers and daughters -- Fiction, Young women -- Fiction, Autobiographical fiction, Children, Children's, Kids, Juvenile, American, Classic, Literature, Historical, Mothers, Daughtes, Married women, Orphans, Coming of life, Manners, Customs, Conduct of life, Social life, open_syllabus_project, Mother-daughter relationship, Folklore, Reading Level-Grade 5, Reading Level-Grade 4, Reading Level-Grade 7, Reading Level-Grade 6, Reading Level-Grade 8,"
OL29983W,biographical
OL29983W,", Buried treasure, Pirates, Adventure and adventurers, Robin Hood (Legendary character), Legends, English Adventure stories, Jungle animals, Feral children, Jungles, Animals, Short stories, Adaptations,"
OL29983W,historical
OL29983W,general
OL29983W,","
OL29983W,romance
OL29983W,", Chang pian xiao shuo, Zhang pian xiao shuo, AR 8.6.,"
OL29983W,Animals
OL29983W,Friendship
OL29983W,England
OL29983W,Treasure island (imaginary place)
OL29983W,", British and irish fiction (fictional works by one author), Coming of age, Spanish language materials, Famille March (Personnages fictifs),"
OL29983W,nouvelles
OL29983W,etc. pour la jeunesse
OL29983W,", Mères et filles, Jeunes femmes, Sœurs, Familles, Madres e hijas, Novela juvenil, Jóvenes (Mujeres), Materiales en español, Novela, FICTION / Classics, Hermanos, Familia,"
OL29983W,Little women (Alcott
OL29983W,Louisa May)
OL29983W,", Literature: Classics, Young Adult Books, Romance, Drama, Roman pour la jeunesse, Famille, Frères et soeurs,"
OL29983W,Drama (dramatic works by one author)
OL29983W,Long now manual for civilization
OL29983W,Juvenile literature
OL29983W,Conduct of life
OL29983W,Drama
OL29983W,American literature
OL15169296W,Fiction
OL15169296W,Passion
OL15169296W,Romance
OL15169296W,"Fiction, romance, general"
OL15169296W,Virginity
OL15169296W,Mistresses
OL15169296W,Deception
OL15169296W,Seduction
OL15169296W,Mistaken identity
OL15169296W,Islands
OL15169296W,Young women
OL15169296W,harlequin
OL15169296W,Tropical islands
OL5688278W,Romance fiction
OL5688278W,"Fiction, romance, contemporary"
OL5688278W,"Iowa, fiction"
OL5682993W,Romance fiction
OL5682993W,Historical fiction
OL5682993W,Romance-language fiction
OL5682993W,"Fiction, romance, general"
OL29189569W,"Fiction, romance, general"
OL26087370W,"Fiction, romance, general"
OL20669844W,Romance
OL20669844W,contemporary
OL20669844W,small town
OL20669844W,new adult
OL20669844W,slow burn
OL20669844W,forbidden love
OL20669844W,trauma
OL20669844W,healing
OL20669844W,communication
OL20669844W,love story
OL20669844W,second chance romance
OL20669844W,overcoming adversity
OL20669844W,finding your voice
OL20669844W,"Fiction, romance, contemporary"
OL20669844W,Man-woman relationships
OL20669844W,Fiction
OL20669844W,Mute persons
OL20669844W,Secrecy
OL20669844W,Betrayal
OL20669844W,Relations entre hommes et femmes
OL20669844W,"Romans, nouvelles"
OL20669844W,Personnes muettes
OL20669844W,Secret
OL20669844W,Trahison (Morale)
OL5694954W,"Fiction, Romance, Contemporary"
OL5694954W,"Man-woman relationships, fiction"
OL5694954W,"Millionaires, fiction"
OL5694954W,"Passion, fiction"
OL5694954W,"Pregnant women, fiction"
OL5694954W,"Fiction, romance, general"
OL5694954W,"Fiction, romance,  erotica"
OL5694954W,"Pregnancy, fiction"
OL4092686W,"Fiction, Romance, Historical, Georgian"
OL4092686W,Open Library Staff Picks
OL4092686W,Social life and customs
OL4092686W,"Fiction, short stories (single author)"
OL4092686W,Aristocracy (Social class) fiction
OL4092686W,History
OL4092686W,Literature and fiction (general)
OL4092686W,Aristocracy (Social class)
OL18027952W,Romance fiction
OL5236239W,"Fiction, Romance, Contemporary"
OL5236239W,Dancers
OL5236239W,"fiction"""
OL19744698W,Asperger's syndrome
OL19744698W,"Women mathematicians, fiction"
OL19744698W,"Man-woman relationships, fiction"
OL19744698W,Escort services
OL19744698W,"Fiction, Romance, Contemporary"
OL19744698W,"Fiction, romance, multicultural & interracial"
OL19744698W,"Fiction, women"
OL19744698W,Mathématiciennes
OL19744698W,"Romans, nouvelles"
OL19744698W,Syndrome d'Asperger
OL19744698W,Agences d'accompagnement
OL19744698W,Relations entre hommes et femmes
OL19744698W,Matemáticos
OL19744698W,Novela
OL19744698W,Enfermedad de Asperger
OL19744698W,Relaciones hombre-mujer
OL19744698W,Contemporary Women
OL19744698W,Mathematicians
OL19744698W,Women mathematicians
OL19744698W,Fiction
OL19744698W,Man-woman relationships
OL19744698W,Romance
OL19744698W,Contemporary
OL8032583W,"Fiction, romance, general"
OL5947740W,"Fiction, Romance, Historical, Regency"
OL5947740W,"Fiction, romance, general"
OL15020281W,Love stories
OL15020281W,English Romance fiction
OL15020281W,Christmas stories
OL15020281W,"Fiction, romance, general"
OL3457958W,"Fiction, Romance, Contemporary"
OL3457958W,"Surgeons, fiction"
OL3457958W,"Marriage, fiction"
OL3457958W,"Young women, fiction"
OL3457958W,"Secretaries, fiction"
OL3457958W,"Man-woman relationships, fiction"
OL167268W,Man-woman relationships
OL167268W,Fiction
OL167268W,Large type books
OL167268W,"Texas, fiction"
OL167268W,"Man-woman relationships, fiction"
OL167268W,"Fiction, romance, contemporary"
OL167268W,"Fiction, romance, general"
OL15683W,Social life and customs
OL15683W,Fiction
OL15683W,"Fiction, romance, historical"
OL15683W,"Scotland, fiction"
OL15683W,History
OL15683W,Large type books
OL15683W,"Fiction, romance, historical, general"
OL2959337W,"Fiction, Romance, Contemporary"
OL2959337W,"Man-woman relationships, fiction"
OL2959337W,"Adultery, fiction"
OL5099226W,Fiction in English
OL5099226W,Romance fiction
OL17613127W,Fairy tales
OL17613127W,Murder
OL17613127W,Love
OL17613127W,Juvenile fiction
OL17613127W,Love stories
OL17613127W,Fiction
OL17613127W,Children's fiction
OL17613127W,"Love, fiction"
OL17613127W,"Murder, fiction"
OL17613127W,Romance fiction
OL17613127W,YOUNG ADULT FICTION
OL17613127W,Action & Adventure
OL17613127W,Historical
OL17613127W,Ancient Civilizations
OL17613127W,Romance
OL17613127W,Homicide
OL17467883W,"Fiction, Romance, Contemporary, Modern"
OL17467883W,"Man-woman relationships, fiction"
OL17467883W,"Fiction,  erotica"
OL2671311W,Romance fiction
OL13015028W,"Fiction, christian, romance"
OL13015028W,"Rome, fiction"
OL13015028W,"Fiction, religious"
OL13015028W,Large type books
OL13015028W,Women slaves
OL13015028W,Church history
OL13015028W,Historical fiction
OL13015028W,Fiction
OL13015028W,History
OL13015028W,Primitive and early church
OL13015028W,Literature and fiction (general)
OL13015028W,"Literature and fiction, women authors"
OL13015028W,"Fiction, christian, classic & allegory"
OL13015028W,"Enslaved persons, fiction"
OL13015028W,"Young women, fiction"
OL13015028W,"Rome (italy), fiction"
OL4689825W,Fiction
OL4689825W,Romance
OL4689825W,Contemporary
OL4689825W,Passion
OL4689825W,"Fiction, romance, general"
OL14920279W,"Fiction, Romance, Historical, Regency"
OL14920279W,"Fiction, general"
OL3457781W,"Fiction, Romance, Contemporary"
OL3457781W,"Man-woman relationships, fiction"
OL3457781W,Fiction in English
OL3457781W,"Nurses, fiction"
OL3457781W,"Love stories, fiction"
OL3498613W,"Fiction, romance, contemporary"
OL3498613W,Large type books
OL4141671W,"Fiction, Romance, Historical"
OL4141671W,"Scotland, history"
OL4141671W,"Scotland, fiction"
OL4141671W,"Fiction, romance, historical, general"
OL4056532W,"Fiction, Romance, Contemporary"
OL4412002W,Contemporary romance
OL4412002W,Love
OL4412002W,Fiction
OL26432723W,"Fiction, romance, general"
OL26432723W,"Fiction, general"
OL15715835W,"Fiction, romance, general"
OL3457748W,"Fiction, Romance, Contemporary"
OL3457748W,"Physician and patient, fiction"
OL3457748W,The Final Touch Series
OL3457748W,"Unrequited love, fiction"
OL3457748W,"Man-woman relationships, fiction"
OL4092656W,Open Library Staff Picks
OL4092656W,"Fiction, Romance, Historical, Regency"
OL4092656W,"Arranged marriage, fiction"
OL4092656W,"Social life and customs, fiction"
OL4092656W,"Nobility, fiction"
OL4092656W,"Young women, fiction"
OL4092656W,"Great Britain, fiction"
OL4092656W,"Marriage, fiction"
OL4092656W,"Man-woman relationships, fiction"
OL5731538W,"Fiction, general"
OL5731538W,"Nigeria, fiction"
OL5731538W,Teenage girls
OL5731538W,Fiction
OL5731538W,Children of the rich
OL5731538W,Brothers and sisters
OL5731538W,Fathers and daughters
OL5731538W,Religious fanaticism
OL5731538W,Coups d'état
OL5731538W,Aunts
OL5731538W,Domestic fiction
OL5731538W,Nigeria
OL5731538W,Novels (form)
OL5731538W,Familie
OL5731538W,Katholizismus
OL5731538W,Roman
OL5731538W,"Fiction, coming of age"
OL5731538W,"Fathers and daughters, fiction"
OL5731538W,"Fiction, family life, general"
OL5731538W,"Fiction, romance, general"
OL5731538W,"Young women, fiction"
OL5731538W,"Brothers and sisters, fiction"
OL5731538W,"African literature, history and criticism"
OL5731538W,Siblings
OL5731538W,Teenage girls--fiction
OL5731538W,Children of the rich--fiction
OL5731538W,Brothers and sisters--fiction
OL5731538W,Fathers and daughters--fiction
OL5731538W,Religious fanaticism--fiction
OL5731538W,Coups d'état--fiction
OL5731538W,Aunts--fiction
OL5731538W,Pr9387.9.a34354 p87 2003
OL5731538W,823/.914
OL17471122W,"Fiction, Romance, Contemporary"
OL17471122W,Fiction
OL17471122W,romance
OL17471122W,"erotica"""
OL17471122W,"Man-woman relationships, fiction"
OL17471122W,"Italy, fiction"
OL17471122W,"Adultery, fiction, Cuentos de amor, Novela, Relaciones hombre-mujer"
OL1902328W,"Fiction, romance, general"
OL1902328W,Fiction
OL1902410W,Contemporary Romance
OL1902410W,Fiction
OL1902410W,Romance
OL1902410W,"Fiction, romance, contemporary"
OL1902410W,Ranchers
OL1902410W,Models (Persons)
OL1902410W,"Romans, nouvelles"
OL1902410W,Mannequins (Personnes)
OL1902410W,Romance fiction
OL1902410W,Romance-language fiction
OL23738W,"England, fiction"
OL23738W,"Fiction, fantasy, historical"
OL23738W,"Arthur, king, fiction"
OL23738W,Fiction
OL23738W,Arthurian romances
OL23738W,"Arthur, in fiction"
OL23738W,Avalon (Legendary place)
OL23738W,Adaptations
OL23738W,Kings and rulers
OL23738W,Britons in fiction
OL23738W,Kings and rulers in fiction
OL23738W,Britons
OL23738W,Great Britain in fiction
OL23738W,History
OL23738W,Fantasy
OL23738W,Bretons de Grande-Bretagne
OL23738W,Cycle d'Arthur
OL23738W,Rois et souverains
OL23738W,"Romans, nouvelles"
OL17733369W,"Fiction, Romance, Contemporary"
OL17733369W,"Man-woman relationships, fiction"
OL17733369W,"Passion, fiction"
OL17733369W,"Frenchmen, fiction"
OL17733369W,"Fiction, romance, erotica"
OL16048606W,"Fiction, romance, general"
OL16607146W,Assassins
OL16607146W,Princes
OL16607146W,Courts and courtiers
OL16607146W,Prisoners
OL16607146W,Fiction
OL16607146W,Fantasy
OL16607146W,Court and courtiers
OL16607146W,Juvenile fiction
OL16607146W,Fantasy fiction
OL16607146W,Children's fiction
OL16607146W,"Criminals, fiction"
OL16607146W,"Princes, fiction"
OL16607146W,"Courts and courtiers, fiction"
OL16607146W,Contests
OL16607146W,Murder
OL16607146W,Investigation
OL16607146W,Triangles (Interpersonal relations)
OL16607146W,Fantasy & Magic
OL16607146W,Action & Adventure
OL16607146W,General
OL16607146W,Love & Romance
OL16607146W,"Romans, nouvelles"
OL16607146W,Cour et courtisans
OL16607146W,Prisonniers
OL16607146W,Roman fantastique
OL16607146W,Roman adolescent anglais
OL16607146W,Concours et compétitions
OL16607146W,Amours
OL16607146W,Assassin
OL16607146W,killer
OL16607146W,king
OL16607146W,princess
OL16607146W,prince
OL16607146W,Young adult fiction
OL16607146W,collectionID:EanesChallenge
OL16607146W,[series:Throne_of_Glass]
OL16607146W,nyt:trade-fiction-paperback=2024-06-02
OL16607146W,New York Times bestseller
OL1979167W,Historical Romance
OL1979167W,"Fiction, romance, historical"
OL1979167W,Widow
OL1979167W,Fiction
OL1979167W,Knights and knighthood
OL1979167W,Captive
OL1979167W,Forced Marriage
OL1979167W,Medieval Romance
OL1979167W,Romance Novel
OL1979167W,Enemies
OL1979167W,History
OL1979167W,"Fiction, romance, general"
OL1979167W,FICTION / General
OL1979167W,Romance
OL1979167W,Large type books
OL4440510W,Romantic fiction
OL4440510W,revenge
OL4440510W,punishment
OL4440510W,disability
OL4440510W,horse breeding
OL4440510W,Moors
OL4440510W,family honour
OL4440510W,"Fiction, romance, general"
OL4440510W,"Colorado, fiction"
OL3498822W,Fiction
OL3498822W,Romance
OL3498822W,Contemporary
OL3498822W,Passion
OL3498822W,Housekeepers
OL3498822W,Billionaires
OL3498822W,"Fiction, romance, general"
OL3498822W,"Australia, fiction"
OL3498822W,"Man-woman relationships, fiction"
OL15696327W,Romance
OL15696327W,Harlequin
OL15696327W,Fiction
OL15696327W,Pilots
OL15696327W,"Fiction, romance, general"
OL17062W,"Fiction, Romance, Historical, Regency"
OL17062W,"Brothers, fiction"
OL17062W,"Love stories,  fiction"
OL17062W,London (England) -- fiction
OL17062W,Romance fiction
OL3771129W,"Fiction, Romance, Contemporary"
OL3771129W,"Fiction, romance, erotica"
OL921881W,Romance
OL921881W,Fiction
OL921881W,Harlequin
OL921881W,Marriage
OL921881W,Separation
OL921881W,"Fiction, romance, general"
OL274574W,ritual
OL274574W,Death
OL274574W,Spanish language books
OL274574W,Spanish fiction
OL274574W,Colombian fiction
OL274574W,Fiction
OL274574W,Death in fiction
OL274574W,Translations into Russian
OL274574W,Honor
OL274574W,Murder
OL274574W,Revenge
OL274574W,social conditions
OL274574W,twins
OL274574W,weddings
OL274574W,Venganza
OL274574W,Asesinato
OL274574W,Ficción
OL274574W,Muerte
OL274574W,Spanish literature
OL274574W,Translations into English
OL274574W,French fiction
OL274574W,Roman français
OL274574W,Magic realism (Literature)
OL274574W,Oberschicht
OL274574W,Familienehre
OL274574W,Romance literature
OL274574W,Fiction (fictional works by one author)
OL274574W,"Colombia, fiction"
OL274574W,Belletristische Darstellung
OL274574W,Spanish language
OL274574W,Study and teaching
OL274574W,Examinations and questions
OL274574W,Long Now Manual for Civilization
OL32343485W,"Fiction, romance, contemporary"
OL32343485W,Romance - Adult
OL32343485W,Romance - Contemporary
OL32343485W,Fiction / Romance / Adult
OL32343485W,Fiction
OL32343485W,Fiction - Romance
OL32343485W,Romance: Modern
OL32343485W,Large type books
OL5100332W,"Fiction, Romance, Historical, Regency"
OL5100332W,Fiction in English
OL4081093W,"Fiction, Romance, Historical, Regency"
OL4081093W,"Fiction, general"
OL491807W,Fiction
OL491807W,Clairvoyance
OL491807W,Large type books
OL491807W,"Fiction, romance, contemporary"
OL21417599W,English Romance fiction
OL21417599W,American Romance fiction
OL5686888W,"Fiction, Romance, Contemporary"
OL5686888W,"Fiction, romance, general"
OL13693163W,"Fiction, Romance, Contemporary"
OL13693163W,"Virginity, fiction"
OL13693163W,"Millionaires, fiction"
OL13693163W,"Marriage, fiction"
OL13693163W,"Businessmen, fiction"
OL13693163W,"Interior decorators, fiction"
OL13693163W,"Man-woman relationships, fiction"
OL13693163W,Cuentos de amor
OL13693163W,Novela
OL13693163W,Relaciones hombre-mujer
OL5853896W,Fiction
OL5853896W,Contemporary Romance
OL5853896W,Harlequin Romance
OL5853896W,Contract Brides series
OL5853896W,"Fiction, romance, contemporary"
OL4278169W,"Fiction, Romance, Contemporary"
OL4278169W,Larger print books
OL4278169W,Large print
OL4278169W,"Fiction, romance, general"
OL4278169W,Large type books
OL3771312W,"Fiction, Romance, Contemporary"
OL3771312W,Fiction in English
OL9196002W,"Fiction, romance, general"
OL15020280W,"Fiction, romance, contemporary"
OL3498716W,"Fiction, Romance, Contemporary, Passion"
OL3498716W,"Fiction, romance, general"
OL3759469W,"Fiction, Romance, Contemporary"
OL3759469W,"Fiction, general"
OL15657W,"Fiction, Romance, Historical"
OL15657W,"Outlaws, fiction"
OL1902275W,Sisters
OL1902275W,Fiction
OL1902275W,"Fiction, romance, general"
OL100044W,"Fiction, Romance, Historical, Regency"
OL100044W,"Fiction, general"
OL3759043W,"Fiction, Romance, Contemporary"
OL3759043W,"Man-woman relationships, fiction"
OL3759043W,"Escort services, fiction"
OL3759043W,"Passion, fiction"
OL167312W,"Fiction, romance, suspense"
OL167312W,"Man-woman relationships, fiction"
OL167312W,"Louisiana, fiction"
OL167312W,Large type books
OL167312W,Families
OL167312W,Fiction
OL167312W,Lumbermen
OL167312W,"Fiction, general"
OL15121895W,"Fiction, Romance, Contemporary"
OL15121895W,"Man-woman relationships, fiction"
OL15121895W,"Marriage, fiction"
OL15121895W,"Billionaires,  fiction"
OL3775261W,"Fiction, Romance, Contemporary"
OL3775261W,Mansions in fiction
OL5720025W,New York Times bestseller
OL5720025W,Werewolves
OL5720025W,Interpersonal relations
OL5720025W,Vampires
OL5720025W,High schools
OL5720025W,Schools
OL5720025W,Fiction
OL5720025W,nyt:series_books=2008-03-15
OL5720025W,Novela de misterio
OL5720025W,Vampiros
OL5720025W,Hombres lobo
OL5720025W,Relaciones humanas
OL5720025W,Escuelas
OL5720025W,Novela de terror
OL5720025W,Ficción
OL5720025W,Escuelas secundarias
OL5720025W,Young adult fiction
OL5720025W,Schools in fiction
OL5720025W,Vampires in fiction
OL5720025W,Interpersonal relations in fiction
OL5720025W,Werewolves in fiction
OL5720025W,High schools in fiction
OL5720025W,Juvenile fiction
OL5720025W,Edward Cullen (Fictitious character)
OL5720025W,Bella Swan (Fictitious character)
OL5720025W,Children's fiction
OL5720025W,"Vampires, fiction"
OL5720025W,"Werewolves, fiction"
OL5720025W,"Love, fiction"
OL5720025W,"Schools, fiction"
OL5720025W,"Washington (state), fiction"
OL5720025W,Large type books
OL5720025W,vampire
OL5720025W,New York Times reviewed
OL5720025W,French language materials
OL5720025W,American fiction
OL5720025W,Translations into French
OL5720025W,"Romans, ouvrages, etc. pour la jeunesse"
OL5720025W,Littérature américaine
OL5720025W,Roman américain
OL5720025W,Romance
OL5720025W,Supernatural
OL5720025W,Vietnamese fiction
OL5720025W,Frau
OL5720025W,Liebe
OL5720025W,Vampir
OL5720025W,Paranormal fiction
OL5720025W,Vampiers
OL5720025W,Verliefdheid
OL5720025W,Jeugdboeken ; verhalen
OL5720025W,Polish language materials
OL5720025W,Chang pian xiao shuo
OL5720025W,Triangles (Interpersonal relations)
OL5720025W,Fictional Works
OL17746229W,Virginity
OL17746229W,Billionaires
OL17746229W,Secretaries
OL17746229W,Fiction
OL17746229W,"Fiction, romance, contemporary"
OL17746229W,Romance
OL17746229W,Passion
OL17746229W,"Fiction, romance, general"
OL17746229W,"Man-woman relationships, fiction"
OL491801W,Businessmen
OL491801W,Fiction
OL491801W,Contemporary Romance
OL491801W,Romance
OL491801W,Business intelligence
OL491801W,Computer industry
OL491801W,"Fiction, romance, general"
OL491801W,Large type books
OL5099246W,"Fiction, romance, general"
OL11327983W,"Fiction, Romance, Contemporary"
OL11327983W,"Man-woman relationships, fiction"
OL5694487W,Fiction
OL5694487W,Romance
OL5694487W,Historical Fiction
OL5694487W,"Fiction, romance, general"
OL3771277W,"Fiction, Romance, Contemporary"
OL3457942W,"Fiction, Romance, Contemporary"
OL3457942W,Fiction in English
OL3457942W,Văn học
OL3457942W,"Physicians, fiction"
OL3457942W,"Betrothal, fiction"
OL3457942W,"Man-woman relationships, fiction"
OL3457942W,"Nurses, fiction"
OL3457942W,"Courtship, fiction"
OL3457942W,"Europe, fiction"
OL21567801W,"Fiction, romance, general"
OL21567801W,English Romance fiction
OL4990539W,Fiction
OL4990539W,Historical Fiction
OL4990539W,Romance
OL4990539W,"Fiction, romance, historical, general"
OL5720023W,series:Luz_e_Escuridão
OL5720023W,series:Twilight
OL5720023W,New York Times bestseller
OL5720023W,nyt:series_books=2008-03-15
OL5720023W,School & Education
OL5720023W,Vampires
OL5720023W,Juvenile Fiction
OL5720023W,Fiction
OL5720023W,Children's Books - Young Adult Fiction
OL5720023W,"Science Fiction, Fantasy, & Magic"
OL5720023W,Children: Young Adult (Gr. 10-12)
OL5720023W,Schools
OL5720023W,Love & Romance
OL5720023W,Horror & Ghost Stories
OL5720023W,Juvenile Fiction / Horror & Ghost Stories
OL5720023W,High schools
OL5720023W,Children's 12-Up - Fiction - Horror
OL5720023W,High school students
OL5720023W,First loves
OL5720023W,"Vampires, fiction"
OL5720023W,"Schools, fiction"
OL5720023W,"Washington (state), fiction"
OL5720023W,Children's fiction
OL5720023W,"Love, fiction"
OL5720023W,cheese
OL5720023W,Graphic novels
OL5720023W,Adaptations
OL5720023W,Large type books
OL5720023W,Vampiros
OL5720023W,Ficción juvenil
OL5720023W,Escuelas secundarias
OL5720023W,Escuelas
OL5720023W,nyt:hardcover-graphic-books=2010-04-04
OL5720023W,Edward Cullen (Fictitious character)
OL5720023W,"Comic books, strips"
OL5720023W,Bella Swan (Fictitious character)
OL5720023W,"Twilight (Meyer, Stephenie)"
OL5720023W,"Motion pictures, juvenile literature"
OL5720023W,Motion pictures
OL5720023W,Chinese language
OL5720023W,Chang pian xiao shuo
OL5720023W,Simplified characters
OL5720023W,Russian language materials
OL5720023W,Interpersonal attraction
OL5720023W,Upside-down books
OL5720023W,Teenagers
OL5720023W,"Comics & graphic novels, romance"
OL5720023W,"Comics & graphic novels, fantasy"
OL5720023W,Translations into Chinese
OL5720023W,Werewolves
OL5720023W,American fiction
OL5720023W,Yan qing xiao shuo
OL5720023W,"Interpersonal relations, fiction"
OL5720023W,"Youth, fiction"
OL5720023W,High school
OL5720023W,Junge Frau
OL5720023W,Vampir
OL5720023W,Verlieben
OL5720023W,School stories
OL5720023W,Reading materials
OL5720023W,Children's books
OL5720023W,Spanish language
OL5720023W,Novela juvenil
OL5720023W,Spanish language materials
OL5720023W,Translations from English
OL5720023W,Portuguese fiction
OL5720023W,Novela estadounidense
OL5720023W,Novela
OL5720023W,Interpersonal relations
OL5720023W,Polish language materials
OL5720023W,"Romans, nouvelles, etc. pour la jeunesse"
OL5720023W,Écoles
OL5720023W,Love
OL5720023W,Young adult fiction
OL5720023W,Persistence
OL5720023W,Friendship
OL5720023W,"Romans, nouvelles"
OL5720023W,Élèves du secondaire
OL5720023W,Écoles secondaires
OL5720023W,Premier amour
OL5720023W,Amour
OL5720023W,Roman pour jeunes adultes
OL5720023W,Persévérance
OL5720023W,Amitié
OL5720023W,"Paranormal, Occult & Supernatural. . ."
OL5720023W,Romance
OL5720023W,Paranormal
OL5720023W,Social Themes
OL5720023W,Dating & Sex
OL5720023W,Außenseiterin
OL5720023W,Gefahr
OL5720023W,Tochter
OL5720023W,Weibliche Jugend
OL5720023W,Wohnungswechsel
OL5720023W,Supernatural fiction
OL5720023W,Mishnah
OL5720023W,American Young adult fiction
OL5720023W,Roman pour jeunes adultes américain
OL5720023W,"Comics & graphic novels, fantasy, general"
OL112334W,Romance fiction
OL112334W,Historical fiction
OL112334W,Love stories
OL112334W,"Fiction, romance, historical, general"
OL112334W,"Fiction, romance, historical"
OL3498730W,Chief executive officers
OL3498730W,Fiction
OL3498730W,Romance
OL3498730W,Passion
OL3498730W,Billionaires
OL3498730W,Secretaries
OL3498730W,"Fiction, romance, general"
OL3498730W,"Man-woman relationships, fiction"
OL461937W,Fiction
OL461937W,Anita Blake (Fictitious character)
OL461937W,Vampires
OL461937W,Horror tales
OL461937W,"Fiction, horror"
OL461937W,"Blake, anita (fictitious character), fiction"
OL461937W,"Vampires, fiction"
OL461937W,"Saint louis (mo.), fiction"
OL461937W,"Fiction, romance, paranormal"
OL461937W,"Fiction, fantasy, paranormal"
OL461937W,"Fiction, romance, paranormal, general"
OL5695226W,"Fiction, Romance, Contemporary, Medical"
OL5695226W,"Physicians, fiction"
OL5695226W,"Nurses, fiction"
OL5695226W,"Passion, fiction"
OL5695226W,"Billionaires, fiction"
OL3845116W,"Fiction, romance, general"
OL3845116W,Large type books
OL3845116W,Fiction
OL3845116W,Contemporary Romance
OL3845116W,The Marriage Pledge series
OL3845116W,Harlequin Romance
OL4215988W,Fiction
OL4215988W,Romance
OL4215988W,Contemporary
OL3467491W,"Fiction, Romance, Contemporary"
OL3467491W,"Man-woman relationships, fiction"
OL4342724W,Romance fiction
OL4342724W,"Fiction, general"
OL14859969W,Fiction
OL14859969W,Historical  romance
OL14859969W,"Fiction, romance, general"
OL14859969W,"Fiction, romance, historical, general"
OL11327198W,Fiction in English
OL11327198W,Romance fiction
OL11327198W,Large type books
OL4342685W,"Fiction, Romance, Contemporary"
OL4342685W,"Man-woman relationships, fiction"
OL4342685W,"Erotic stories, fiction"
OL3775495W,Fiction
OL3775495W,romance
OL3775495W,contemporary
OL3775495W,large print
OL3775495W,"Fiction, general"
OL3775495W,Large type books
OL28520883W,"Fiction, fantasy, general"
OL28520883W,nyt:hardcover-fiction=2023-12-24
OL28520883W,New York Times bestseller
OL28520883W,Fantasy
OL28520883W,Romantasy
OL28520883W,Romance
OL28520883W,Vampires
OL28520883W,Fantasy Romance
OL28520883W,Enemies To Lovers
OL28520883W,Fiction
OL28520883W,Paranormal
OL28520883W,Magic
OL5236230W,"Fiction, Romance, Contemporary"
OL17486230W,English Romance fiction
OL4161443W,"Fiction, Romance, Contemporary"
OL4161443W,Large type books
OL4161443W,"Fiction, romance, general"
OL15134326W,Marriage
OL15134326W,Seduction
OL15134326W,Revenge
OL15134326W,Fiction
OL15134326W,Romance
OL15134326W,Passion
OL15134326W,Billionaires
OL15134326W,"Fiction, romance, erotica"
OL15134326W,"Man-woman relationships, fiction"
OL15134326W,"Fathers and daughters, fiction"
OL16086747W,New York Times bestseller
OL16086747W,Fiction
OL16086747W,Magicians
OL16086747W,Circus
OL16086747W,Games
OL16086747W,Circus performers
OL16086747W,nyt:hardcover_fiction=2011-12-24
OL16086747W,Psychokinesis
OL16086747W,Magic
OL16086747W,Fate and fatalism
OL16086747W,Roman
OL16086747W,Night
OL16086747W,Amerikanisches Englisch
OL16086747W,Competition (Psychology)
OL16086747W,Large type books
OL16086747W,"Fiction, romance, fantasy"
OL16086747W,"Fiction, fantasy, historical"
OL16086747W,New York Times reviewed
OL16086747W,American literature
OL16086747W,Ciracus
OL18442858W,Romance fiction
OL1000286W,"Fiction, Romance, Historical, Regency"
OL1000286W,"Fiction, general"
OL24231383W,Children's fiction
OL24231383W,nyt:young-adult-hardcover=2021-09-26
OL24231383W,New York Times bestseller
OL24231383W,"Young adult fiction, romance, contemporary"
OL24231383W,"Young adult fiction, social themes, class differences"
OL24231383W,"Young adult fiction, social themes, new experience"
OL24231383W,"Young adult fiction, mysteries & detective stories"
OL4278232W,"Fiction, romance, general"
OL4278232W,"Marriage, fiction"
OL4278232W,Romance fiction
OL3775354W,"Fiction, Romance, Contemporary"
OL8365998W,"Fiction, Romance"
OL5100333W,"Fiction, Romance, Historical, Regency"
OL8531476W,"Fiction, general"
OL8531476W,"Fiction, Romance, Contemporary"
OL4689750W,Fiction
OL4689750W,Passion
OL4689750W,Romance
OL4689750W,"Fiction, romance, general"
OL3458019W,"Fiction, Romance, Contemporary, Medical"
OL3458019W,Fiction in English
OL16032670W,"Fiction, Romance, Contemporary"
OL16032670W,"Marriage, fiction"
OL16032670W,"Runaway wives, fiction"
OL17352669W,Fantasy
OL17352669W,Love
OL17352669W,Blessing and cursing
OL17352669W,Fairies
OL17352669W,Children's audiobooks
OL17352669W,Fiction
OL17352669W,Juvenile fiction
OL17352669W,Love stories
OL17352669W,Children's fiction
OL17352669W,"Love, fiction"
OL17352669W,Fantasy fiction
OL17352669W,"Fairies, fiction"
OL17352669W,nyt:young-adult=2015-05-24
OL17352669W,New York Times bestseller
OL17352669W,nyt:young-adult-paperback=2016-05-22
OL17352669W,collectionID:EanesChallenge
OL17352669W,collectionID:AlpineChallenge
OL17352669W,collectionID:ConroeChallenge
OL17352669W,Magic
OL17352669W,Man-woman relationships
OL17352669W,Älvor
OL17352669W,Kärlek
OL17352669W,Young adult fiction
OL17352669W,Teen fiction
OL17352669W,Juvenile works
OL17352669W,Young adult works
OL17352669W,Magi
OL17352669W,series:A_Court_of_Thorns_and_Roses
OL17352669W,Faerie
OL17352669W,Romance
OL17352669W,Courts ect.
OL17352669W,Shipping
OL17352669W,Taxation
OL17352669W,Commerce
OL17352669W,Drum machine
OL17352669W,Sequencer (Musical instrument)
OL3457994W,"Fiction, Romance, Contemporary"
OL3457994W,Vintage Mills Boon
OL3457994W,Sweet romance
OL14862477W,Fiction
OL14862477W,Romance
OL14862477W,Large type books
OL14862477W,"Fiction, romance"
OL14862477W,"Fiction, romance, historical, general"
OL45869W,Fiction
OL45869W,Turtles
OL45869W,Size
OL45869W,Size in fiction
OL45869W,Turtles in fiction
OL45869W,Juvenile fiction
OL45869W,Magic
OL45869W,Humorous stories
OL45869W,Pets
OL45869W,Tromperie
OL45869W,Amour
OL45869W,"Romans, nouvelles, etc. pour la jeunesse"
OL45869W,Tortues
OL45869W,Bashfulness
OL45869W,Testudinidae
OL45869W,Libros ilustrados para niños
OL45869W,Testudinidae as pets
OL45869W,English literature
OL45869W,Romance fiction
OL45869W,Children's fiction
OL45869W,"Turtles, fiction"
OL45869W,"Size and shape, fiction"
OL45869W,Verliefdheid
OL45869W,Jeugdboeken ; verhalen
OL16325201W,Future
OL16325201W,faction
OL16325201W,"Identity, fiction"
OL16325201W,"Family, fiction"
OL16325201W,"Courage, fiction"
OL16325201W,Science fiction
OL16325201W,Children's fiction
OL16325201W,Dystopias
OL16325201W,Families
OL16325201W,Juvenile fiction
OL16325201W,Loyalty
OL16325201W,Fiction
OL16325201W,Grief
OL16325201W,Courage
OL16325201W,Practical Politics
OL16325201W,Social classes
OL16325201W,Love stories
OL16325201W,Identity
OL16325201W,Identity (Psychology)
OL16325201W,JUVENILE FICTION / Love & Romance
OL16325201W,JUVENILE FICTION / Dystopian
OL16325201W,Identity (Philosophical concept)
OL16325201W,Large type books
OL16325201W,JUVENILE FICTION / Social Themes / Adolescence
OL16325201W,JUVENILE FICTION / Girls & Women
OL16325201W,JUVENILE FICTION / Science Fiction
OL16325201W,JUVENILE FICTION / Social Issues / Adolescence
OL16325201W,Conduct of life
OL16325201W,Family life
OL16325201W,Social Issues
OL16325201W,Young adult fiction
OL16325201W,Girls & Women
OL16325201W,Adolescence
OL16325201W,Roman
OL16325201W,Love
OL16325201W,Individuality
OL16325201W,Amerikanisches Englisch
OL16325201W,Reading Level-Grade 7
OL16325201W,Reading Level-Grade 9
OL16325201W,Reading Level-Grade 8
OL16325201W,Reading Level-Grade 11
OL16325201W,Reading Level-Grade 10
OL16325201W,Reading Level-Grade 12
OL16325201W,nyt:chapter-books=2012-05-20
OL16325201W,New York Times bestseller
OL16325201W,Romance fiction
OL16325201W,"Romans, nouvelles, etc. pour la jeunesse"
OL16325201W,Dystopies
OL16325201W,Chagrin
OL16325201W,Loyauté
OL16325201W,Identité (Psychologie)
OL16325201W,Familles
OL16325201W,Classes sociales
OL16325201W,Familias
OL16325201W,Conducta (Ética)
OL16325201W,Spanish language materials
OL16325201W,Ficción juvenil
OL16325201W,Distopías
OL16325201W,Valentía
OL16325201W,Science-fiction
OL16325201W,American fiction
OL16325201W,Chang pian xiao shuo
OL4278235W,"Fiction, romance, general"
OL4278235W,mermaid
OL4278235W,romance
OL4278235W,diving
OL21428056W,"Fiction, romance, general"
OL3775346W,"Fiction, Romance, Contemporary"
OL3775346W,Marriage fiction
OL3775346W,"Marriage, fiction"
OL3775346W,"Fiction, romance, general"
OL14920367W,"Fiction, Romance, Historical, Regency"
OL14920367W,"Family & Relationships, fiction"
OL14920367W,Aristocracy (Social class)
OL14920367W,Fiction
OL3467582W,"Marriage, fiction"
OL3467582W,"Fiction, romance, general"
OL4092690W,"Fiction, Romance, Historical, Regency"
OL4092690W,Social life and customs
OL4092690W,Manners and customs
OL4092690W,"Man-woman relationships, fiction"
OL112341W,Social life and customs
OL112341W,Fiction
OL112341W,Ficción
OL112341W,Regency fiction
OL112341W,Historical Romance
OL112341W,Vida social y costumbres
OL112341W,Romance
OL112341W,"Fiction, romance, historical"
OL112341W,"England, fiction"
OL112341W,Large type books
OL112341W,"Fiction, romance, historical, general"
OL112341W,Manners and customs
OL112341W,History
OL15089817W,"Fiction, general"
OL15089817W,"Fiction, romance, erotica"
OL15089817W,"Fiction, romance, erotic"
OL4472913W,Fiction
OL4472913W,romance
OL8531490W,"Fiction, Romance, Contemporary"
OL20478673W,Romance fiction
OL4141638W,"Fiction, Romance, Historical"
OL4141638W,Fiction
OL4141638W,Romance
OL4141638W,"Historical"""
OL14862469W,"Fiction, Romance, Contemporary"
OL14862469W,"Fiction, general"
OL3518634W,"Fiction, general"
OL3518634W,Romance fiction
OL21181042W,English Romance fiction
OL21181042W,"Fiction, romance, general"
OL15183864W,"Fiction, Romance, Contemporary"
OL15183864W,"Passion, fiction"
OL15183864W,"Single mothers, fiction"
OL15183864W,"Italians, fiction"
OL15183864W,"Inheritance and succession, fiction"
OL15183864W,"Fiction, romance, erotica"
OL15183864W,"Man-woman relationships, fiction"
OL15183864W,"World War, 1939-1945 -- Italy -- Sicily -- Fiction"
OL1052133W,Literary Fiction
OL1052133W,Women's Fiction
OL1052133W,dalit
OL1052133W,Catholicism
OL1052133W,fraternal twins
OL1052133W,Psychological fiction
OL1052133W,Domestic fiction
OL1052133W,award:man_booker_prize=1997
OL1052133W,Fiction
OL1052133W,Romance
OL1052133W,Twins
OL1052133W,Gemelos
OL1052133W,Twins in fiction
OL1052133W,Literatura de expressão inglesa
OL1052133W,Romans
OL1052133W,Downing
OL1052133W,Cousins
OL1052133W,"Romans, nouvelles"
OL1052133W,Man Booker Prize Winner
OL1052133W,Classes sociales
OL1052133W,India in fiction
OL1052133W,Literatura indiana
OL1052133W,Social classes
OL1052133W,Roman indien (de l'Inde) de langue anglaise
OL1052133W,Jumeaux
OL1052133W,Family
OL1052133W,Social classes in fiction
OL1052133W,Ficción
OL1052133W,Clases sociales
OL1052133W,open_syllabus_project
OL1052133W,Literatura de expressäao inglesa
OL1052133W,Medicine in Literature
OL1052133W,Large type books
OL1052133W,French language
OL1052133W,Littérature de l'Inde (anglaise)
OL1052133W,Roman de l'Inde (anglais)
OL1052133W,Literatura india (Inglés)
OL1052133W,"India, fiction"
OL1052133W,"Fiction, psychological"
OL1052133W,"Twins, fiction"
OL1052133W,"Fiction, family life"
OL1052133W,"Fiction, family life, general"
OL1052133W,English literature
OL1052133W,"Fiction, general"
OL863808W,Fiction
OL863808W,History
OL863808W,Knights and knighthood
OL863808W,Jews
OL863808W,"Sir Ivanhoe, Wilfred of (Fictitious character)"
OL863808W,Anglo-Saxons
OL863808W,Juvenile fiction
OL863808W,Normans
OL863808W,Readers
OL863808W,Triangles (Interpersonal relations)
OL863808W,Chivalry
OL863808W,German language
OL863808W,Translations into French
OL863808W,Translations from English
OL863808W,Crusades
OL863808W,English literature
OL863808W,French literature
OL863808W,Medieval Civilization
OL863808W,Classic Literature
OL863808W,British and irish fiction (fictional works by one author)
OL863808W,"Great britain, fiction"
OL863808W,"Fiction, romance, historical"
OL863808W,"Jews, fiction"
OL863808W,"England, fiction"
OL863808W,"Fiction, historical"
OL863808W,Templars
OL863808W,"Fiction, historical, general"
OL863808W,Large type books
OL863808W,Historical fiction
OL863808W,Children's fiction
OL863808W,"Great britain, history, fiction"
OL863808W,"Richard i, king of england, 1157-1199, fiction"
OL863808W,"Great britain, history, plantagenets, 1154-1399, fiction"
OL863808W,"Knights and knighthood, fiction"
OL863808W,Long Now Manual for Civilization
OL863808W,crusades in fiction
OL863808W,Jews in fiction
OL863808W,"Fiction, romance, historical, general"
OL863808W,German
OL863808W,Dictionaries
OL863808W,English language
OL863808W,Classics
OL863808W,Knights and knighthood -- Fiction
OL863808W,Love stories
OL863808W,Triangles (Interpersonal relations) -- Fiction
OL863808W,"Great Britain -- History -- Richard I, 1189-1199 -- Fiction"
OL863808W,Jews -- England -- Fiction
OL863808W,"Ivanhoe, Wilfred of, Sir (Fictitious character) -- Fiction"
OL863808W,Anglo-Saxons -- Fiction
OL863808W,Normans -- Great Britain -- Fiction
OL3476060W,"Fiction, general"
OL3476060W,Large type books
OL3476060W,"Fiction, Romance, Contemporary"
OL19781733W,Women’s Fiction
OL19781733W,Contemporary Romance
OL19781733W,mooning
OL19781733W,dry ice
OL19781733W,binge drinking
OL19781733W,suicide
OL19781733W,general practitioners
OL19781733W,mental health counsellors
OL19781733W,foster care
OL19781733W,congregate care
OL19781733W,social work
OL19781733W,raffles
OL19781733W,crushes
OL19781733W,Twitter
OL19781733W,bikini waxes
OL19781733W,manicures
OL19781733W,makeup
OL19781733W,graphic design
OL19781733W,classics
OL19781733W,Daily Telegraph
OL19781733W,cryptic crosswords
OL19781733W,Psychological fiction
OL19781733W,Novels
OL19781733W,Fiction
OL19781733W,Love stories
OL19781733W,single women
OL19781733W,social isolation
OL19781733W,intergenerational relations
OL19781733W,friendship
OL19781733W,computer technicians
OL19781733W,contemporary fiction
OL19781733W,literary fiction
OL19781733W,romance
OL19781733W,"Single women, fiction"
OL19781733W,"Friendship, fiction"
OL19781733W,"Fiction, romance, contemporary"
OL19781733W,"Fiction, women"
OL19781733W,"Scotland, fiction"
OL19781733W,nyt:combined-print-and-e-book-fiction=2018-06-24
OL19781733W,New York Times bestseller
OL19781733W,Single women -- Fiction
OL19781733W,Social isolation -- Fiction
OL19781733W,Intergenerational relations -- Fiction
OL19781733W,Friendship -- Fiction
OL19781733W,Computer technicians -- Fiction
OL19781733W,Solteras -- Ficción
OL19781733W,Aislamiento social -- Ficción
OL19781733W,Relaciones humanas -- Ficción
OL19781733W,Amistad -- Ficción
OL19781733W,Tecnólogos -- Ficción
OL19781733W,Novela psicología
OL19781733W,Novela romántica
OL19781733W,Glasgow (Scotland) -- Fiction
OL19781733W,Escocia -- Scotland -- Glasgow -- Ficción
OL5808603W,"Fiction, Romance, Contemporary"
OL42543873W,Fantasy
OL42543873W,Romance
OL42543873W,Romantasy
OL42543873W,Dark Romance
OL42543873W,Fiction
OL42543873W,Dark
OL42543873W,Adult
OL42543873W,Fantasy Romance
OL42543873W,Enemies To Lovers
OL16807730W,Serie:The_Heroes_of_Olympus
OL16807730W,Juvenile fiction
OL16807730W,Roman Mythology
OL16807730W,Greek Mythology
OL16807730W,Quests (Expeditions)
OL16807730W,Fiction
OL16807730W,Camps
OL16807730W,Fantasy & Magic
OL16807730W,Action & Adventure
OL16807730W,General
OL16807730W,"Legends, Myths, Fables"
OL16807730W,Greek & Roman
OL16807730W,"Romans, nouvelles"
OL16807730W,Mythologie romaine
OL16807730W,Mythologie grecque
OL16807730W,Roman adolescent anglais
OL16807730W,Greek Gods
OL16807730W,Mitología romana
OL16807730W,Ficción juvenil
OL16807730W,Mitología griega
OL16807730W,Campamentos
OL16807730W,Children's stories
OL16807730W,American fiction
OL16807730W,Children's fiction
OL16807730W,"Adventure and adventurers, fiction"
OL16807730W,Fantasy fiction
OL16807730W,"Heroes, fiction"
OL16807730W,"Fiction, humorous, general"
OL16807730W,"Fiction, romance, general"
OL16807730W,Child and youth fiction
OL16807730W,"Romans, nouvelles, etc. pour la jeunesse"
OL16807730W,Voyages dans d'autres mondes
OL16807730W,Quête
OL4052079W,"Fiction, Romance, Historical, Regency"
OL4052079W,"Lady's Companion, fiction"
OL4052079W,"Fiction, romance, general"
OL16041717W,"Fiction, Romance, Contemporary"
OL16041717W,"Fiction, romance, contemporary"
OL4342697W,Fiction in English
OL4342697W,Harlequin
OL4342697W,Romance
OL5695245W,"Fiction, Romance, Contemporary"
OL5695245W,"Passion, fiction"
OL5695245W,"Fashion, fiction"
OL5695245W,"Orphanages, fiction"
OL5695245W,"Art, fiction"
OL5695245W,"Women artists, fiction"
OL5695245W,"Millionaires, fiction"
OL5695245W,"Pregnant women, fiction"
OL5695245W,"Fiction, Romance,Contemporary"
OL14851670W,"Fiction, Romance"
OL21676778W,American literature
OL21676778W,"Fiction, romance, contemporary"
OL21676778W,"Fiction, women"
OL8365983W,"Fiction, Romance"
OL14851679W,"Fiction, Romance"
OL11930W,Fiction
OL11930W,India in fiction
OL11930W,History
OL11930W,Indian literature
OL11930W,1947-
OL11930W,Romans
OL11930W,18.07 English literature outside Europe and the USA
OL11930W,"India, fiction"
OL11930W,"Fiction, romance, general"
OL11930W,"Fiction, general"
OL3260978W,Fiction
OL3260978W,Contemporary Romance
OL3260978W,large print
OL3260978W,Large type books
OL3260978W,lawyer
OL3260978W,secretary
OL3260978W,Harlequin Romance
OL3844334W,Fiction
OL3844334W,Romance
OL3844334W,Contemporary
OL3844334W,Passion
OL3844334W,Love stories
OL3844334W,"Fiction, romance, general"
OL3467576W,"Fiction, romance, general"
OL921918W,"Fiction, Romance, Contemporary"
OL16772681W,Greeks
OL16772681W,Single mothers
OL16772681W,Married people
OL16772681W,Fiction
OL16772681W,Birthfathers
OL16772681W,Marriage
OL16772681W,Billionaires
OL16772681W,"Fiction, romance, general"
OL16772681W,"Marriage, fiction"
OL16772681W,"Greece, fiction"
OL16772681W,Romance fiction
OL16772681W,Man-woman relationships
OL16772681W,Large type books
OL16772681W,"Man-woman relationships, fiction"
OL3458039W,"Fiction, Romance, Contemporary"
OL3458039W,"Nurses, fiction"
OL3458039W,"Man-woman relationships, fiction"
OL3458039W,"Surgeons, fiction"
OL3759454W,"Fiction, Romance, Contemporary"
OL3759454W,"Fiction, general"
OL16057454W,Fiction
OL16057454W,romance
OL21438800W,"Fiction, romance, regency"
OL21438800W,English Romance fiction
OL21438800W,English Short stories
OL21438800W,American Romance fiction
OL21438800W,American Short stories
OL21438800W,"Fiction, romance, historical, regency"
OL3498586W,"Fiction, Romance, Contemporary"
OL3498586W,"Pregnant women,  fiction"
OL3498586W,"Women lawyers, fiction"
OL27436818W,"Fiction, Romance, Contemporary, Authors"
OL27436818W,Book editors
OL27436818W,Austalian fiction
OL27436818W,"Fiction, romance, general"
OL11277306W,Fiction
OL11277306W,Romance
OL5810769W,"Fiction, Romance, Contemporary, Modern"
OL5810769W,"Man-woman relationships, fiction"
OL5810769W,"Social classes, fiction"
OL5810769W,"Fiction, Romance, Contemporary"
OL5810769W,Passion
OL5810769W,"Fiction, romance, general"
OL112323W,"Fiction, fantasy, general"
OL112323W,Extortion
OL112323W,Fiction
OL112323W,Large type books
OL112323W,Historical Romance
OL112323W,Romance
OL112323W,Psychics
OL112323W,"Fiction, romance, historical, general"
OL3458025W,"Fiction, Romance, Contemporary"
OL3458025W,"Fiction, medical"
OL20504176W,"Fiction, Romance, Contemporary"
OL20504176W,"Sugar plantations, fiction"
OL24701020W,"Fiction, romance, general"
OL24701020W,"Fiction, fantasy, general"
OL4454529W,"Fiction, Romance, Historical"
OL4454529W,"Bodice ripper, fiction"
OL4454529W,"Dark romance, fiction"
OL4454529W,"Fiction, Romance, Historical, Regency"
OL4454529W,collectionID:bodice_ripper
OL4454529W,Gothic Romance
OL4454529W,Eden
OL4454529W,"Fiction, romance, Dark Romance, alpha male"
OL167315W,Romance fiction
OL167315W,Fiction
OL167315W,Real estate development
OL167315W,Islands
OL167315W,Romance-language fiction
OL167315W,Love stories
OL167315W,"Fiction, romance, contemporary"
OL167315W,Large type books
OL3457725W,"Fiction, Romance, Contemporary, Medical"
OL3457725W,"Nurses, fiction"
OL3457725W,Love stories
OL16041965W,"Fiction, Romance, Contemporary"
OL16041965W,"Man-woman relationships, fiction"
OL16041965W,Man-woman relationships
OL16041965W,Fiction
OL3773902W,"Fiction, Romance, Contemporary, Modern"
OL3773902W,"Passion, fiction"
OL3773902W,"Marriage, fiction"
OL3773902W,"Princes, fiction"
OL3773902W,"Forced marriage, fiction"
OL3773902W,"Man-woman relationships, fiction"
OL3773902W,"Mothers and daughters, fiction"
OL3773902W,"Great Britain, fiction"
OL28172150W,"Fiction, romance, general"
OL112346W,Historical Romance
OL112346W,Fiction
OL112346W,History
OL112346W,Middle Ages
OL112346W,Romance
OL112346W,Man-woman relationships
OL112346W,Historical fiction
OL112346W,Love stories
OL112346W,"Fiction, romance, historical"
OL112346W,"Great britain, fiction"
OL112346W,Large type books
OL112346W,"Fiction, romance, historical, general"
OL14862499W,Fiction in English
OL14862499W,Fiction
OL14862499W,Outlaws
OL14862499W,Western Romance
OL14862499W,Ransom
OL14862499W,Kidnapping
OL14862499W,Mexico
OL14862499W,Large type books
OL14862499W,"Fiction, romance, contemporary"
OL14862499W,English fiction
OL14862499W,Romance fiction
OL15155285W,Romance
OL15155285W,Fiction
OL15155285W,Passion
OL15155285W,Harlequin
OL15155285W,Marriage
OL15155285W,"Fiction, general"
OL24656464W,Fiction
OL24656464W,romance
OL4226052W,"Fiction, Romance, Contemporary"
OL137228W,"Fiction, Romance, Historical"
OL137228W,"Intrigue, fiction"
OL137228W,"Love Triangle, fiction"
OL3771269W,"Fiction, Romance, Contemporary"
OL3771269W,"Different cultures, fiction"
OL16820019W,"Fiction, Romance, Historical"
OL16820019W,"Man-woman relationships, fiction"
OL16820019W,"Nobility, fiction"
OL3632909W,French fiction
OL3632909W,"Fiction, erotica, general"
OL3632909W,Romance literature
OL15177049W,"Fiction, Romance, Historical"
OL15177049W,"Fiction, Romance, Historical, Regency"
OL15177049W,"Wagers, fiction"
OL3981135W,"Fiction, romance, general"
OL3548660W,Fiction
OL3548660W,Passion
OL3548660W,Romance
OL3548660W,"Fiction, romance, general"
OL3548660W,Billionaires
OL3548660W,Unmarried mothers
OL21440976W,"Fiction, romance, general"
OL34325W,Family secrets
OL34325W,Horsemen and horsewomen
OL34325W,Horse racing
OL34325W,Revenge
OL34325W,Fiction
OL34325W,"Fiction, romance, general"
OL34325W,"Fiction, romance, contemporary"
OL34325W,Large type books
OL34325W,"Fiction, romance, suspense"
OL34325W,"California, fiction"
OL5695974W,Fiction
OL5695974W,Historical Fiction
OL5695974W,Romance
OL5695974W,"Fiction, romance, historical"
OL5695974W,"Fiction, romance, historical, general"
OL4981182W,"Fiction, romance, general"
OL17501376W,"Fiction, Romance, Contemporary, Modern"
OL17501376W,"Middle East, fiction"
OL17501376W,"Princesses, fiction"
OL17501376W,"Fiction, romance, erotica"
OL24633401W,Series:Zodiac-Academy
OL24633401W,Fantasy
OL24633401W,Fantasy fiction
OL24633401W,Romance
OL24633401W,Dark Romantasy
OL24633401W,romantasy
OL24633401W,Fae
OL24633401W,dark romance
OL4181967W,"Fiction, Romance, Contemporary"
OL4181967W,"Millionaires, fiction"
OL4181967W,"Marriage, fiction"
OL4181967W,"Man-woman relationships, fiction"
OL4181967W,"Greeks, fiction"
OL4181967W,"Passion, fiction"
OL35718442W,nyt:combined-print-and-e-book-fiction=2023-11-12
OL35718442W,New York Times bestseller
OL35718442W,"Fiction, romance, general"
OL35718442W,"Fiction, general"
OL35718442W,Serie:Kings_of_Sin
OL3845645W,"Fiction, romance, contemporary"
OL3759044W,Fiction
OL3759044W,Passion
OL3759044W,Romance
OL3759044W,"Fiction, romance, general"
OL5837827W,"Fiction, Romance, Historical, Regency"
OL5837827W,"Fiction in English"""
OL5837827W,"Fiction, general"
OL3519213W,"Fiction, Romance, Contemporary"
OL3519213W,"Brazilians, fiction"
OL3519213W,"English teachers, fiction"
OL3519213W,"Executives, fiction"
OL17871891W,Fiction
OL17871891W,romance
OL15419842W,"Fiction, Romance, Contemporary"
OL15419842W,"Coma, fiction"
OL15419842W,"Amnesia, fiction"
OL15419842W,"Pregnancy, fiction"
OL15419842W,"Marriage, fiction"
OL15419842W,"Fiction, romance, erotica"
OL15419842W,"People with disabilities, fiction"
OL4331835W,Fiction
OL4331835W,Romance
OL4331835W,"Fiction, romance, historical"
OL4331835W,"London (england), fiction"
OL1979170W,History
OL1979170W,Fiction
OL1979170W,Medieval Romance
OL1979170W,Historical Romance
OL1979170W,"Fiction, romance, historical"
OL1979170W,Romance
OL1979170W,"Fiction, romance, historical, general"
OL1979170W,"Great britain, fiction"
OL4465416W,"Fiction, Romance, Contemporary"
OL3771210W,"Fiction, Romance, Contemporary"
OL3771210W,"Divorced women, fiction"
OL3771210W,"Single mothers, fiction"
OL8318484W,"Fiction, romance, contemporary"
OL8318484W,"Fiction, Romance, Contemporary"
OL8318484W,"Businesswomen, fiction"
OL8318484W,Large type books
OL15449069W,Man-woman relationships
OL15449069W,Fiction
OL15449069W,"Fiction, romance, erotica"
OL15449069W,"Fiction, romance, erotic"
OL21426118W,"Fiction, romance, general"
OL5688711W,Millionaires
OL5688711W,Fiction
OL5688711W,Romance
OL5688711W,Passion
OL5688711W,Secretaries
OL5688711W,"Fiction, romance, general"
OL36123560W,"Fiction, romance, general"
OL5691880W,Greeks
OL5691880W,Fiction
OL5691880W,"Fiction, romance, general"
OL5236224W,"Fiction, Romance, Contemporary"
OL3754780W,"Fiction, romance, general"
OL3754780W,Large type books
OL9276227W,"Fiction, romance, historical"
OL9276227W,"Fiction, romance, historical, general"
OL14913333W,Secret societies
OL14913333W,Historical Romance
OL14913333W,Fiction
OL14913333W,Romance
OL14913333W,Fantasy
OL14913333W,Psychic ability
OL14913333W,Parapsychology
OL14913333W,Romantic suspense novels
OL14913333W,"Fiction, romance, paranormal"
OL14913333W,"London (england), fiction"
OL14913333W,"Fiction, romance, historical"
OL14913333W,nyt:hardcover-fiction=2010-05-09
OL14913333W,New York Times bestseller
OL14913333W,"Fiction, romance, paranormal, general"
OL14913333W,"Fiction, romance, historical, general"
OL14913333W,Large type books
OL14913333W,Arcane Society (Imaginary organization)
OL23272W,Fiction
OL23272W,Kings and rulers
OL23272W,Britons
OL23272W,Arthurian romances
OL23272W,Adaptations
OL23272W,History
OL23272W,Social life and customs
OL23272W,Legends
OL23272W,Fantasy fiction
OL23272W,Historical fiction
OL23272W,Fantasy
OL23272W,Mythology
OL23272W,"Fiction, fantasy, historical"
OL23272W,"Arthur, king, fiction"
OL23272W,"Arthurian romances, adaptations"
OL23272W,"Fiction, historical"
OL23272W,"Fiction, historical, general"
OL23272W,"England, fiction"
OL584283W,Translations into English
OL584283W,May-December romances
OL584283W,Fiction
OL584283W,French Love stories
OL584283W,French fiction
OL584283W,Students
OL584283W,Romance literature
OL584283W,"Fiction, general"
OL584283W,Children's fiction
OL584283W,French Romance fiction
OL3771093W,"Fiction, Romance, Contemporary, Modern"
OL3771093W,"Rich people, fiction"
OL26085843W,Series:Game-Changers
OL26085843W,LGTBI
OL26085843W,"Fiction, romance, contemporary"
OL26085843W,Romance
OL26085843W,Sports Romance
OL26085843W,Hockey
OL26085843W,M M Romance
OL26085843W,Sports
OL26085843W,Contemporary
OL26085843W,Queer
OL26085843W,Contemporary Romance
OL3759055W,"Fiction, Romance, Contemporary, Modern"
OL3759055W,"Passion, fiction"
OL3759055W,Cuentos de amor
OL3759055W,Novela
OL3759055W,Libros en tipo grande
OL3759055W,Relaciones hombre-mujer
OL3771099W,"Fiction, Romance, Contemporary"
OL3771099W,"Fiction, Romance, Contemporary, Modern"
OL3771099W,"Stepbrothers, fiction"
OL3771099W,"Photographers, fiction"
OL3771099W,"Divorced women, fiction"
OL3771099W,"Inheritance and succession, fiction"
OL39108W,"Anarchists, fiction"
OL39108W,"Conspiracies, fiction"
OL39108W,"Bombings, fiction"
OL39108W,"Terrorism, fiction"
OL39108W,"Royal Greenwich Observatory, fiction"
OL39108W,Drama
OL39108W,Trading companies
OL39108W,Dutch
OL39108W,Classic Literature
OL39108W,Moles (Spies)
OL39108W,Political
OL39108W,British and Irish fiction (fictional works by one author)
OL39108W,English literature
OL39108W,"Africa, fiction"
OL39108W,"Fiction, psychological"
OL39108W,"London (England), fiction"
OL39108W,"Fiction, political"
OL39108W,Large type books
OL39108W,English Romances
OL39108W,Romance Ingles
OL39108W,English fiction
OL39108W,Drama (dramatic works by one author)
OL39108W,"Terrorists, fiction"
OL39108W,"Fiction, thrillers, espionage"
OL39108W,Jewish
OL39108W,Christian
OL39108W,Biographical
OL39108W,Medical
OL39108W,Suspense
OL39108W,Religious
OL39108W,Psychological
OL39108W,Occult & Supernatural
OL39108W,Mystery & Detective
OL39108W,Historical
OL39108W,Fantasy
OL39108W,Classics
OL39108W,Modern & contemporary fiction (post c 1945)
OL39108W,Radicalism
OL39108W,"Collected works (single author, multi-form)"
OL39108W,"Fiction, mystery & detective, general"
OL39108W,Novela policíaca inglesa
OL39108W,American fiction (fictional works by one author)
OL39108W,"England, fiction"
OL39108W,Mystery and detective stories
OL39108W,"Conrad, Joseph, 1857-1924. Secret agent"
OL39108W,"Conrad, Joseph"
OL39108W,"Secret agent (Conrad, Joseph)"
OL39108W,"Anarchistes -- Romans, nouvelles, etc"
OL39108W,"Attentats à la bombe -- Romans, nouvelles, etc"
OL39108W,Terrorism
OL39108W,Fiction
OL39108W,Conspiracies
OL39108W,Anarchists
OL39108W,Bombings
OL39108W,Royal Greenwich Observatory
OL39108W,LANGUAGE. LINGUISTICS. LITERATURE
OL39108W,Literature
OL39108W,Literary criticism. Literary studies
OL39108W,Play
OL555412W,"Fiction, romance, historical, general"
OL555412W,Fiction
OL555412W,Australian series
OL555412W,historical romance
OL555412W,"Fiction, romance, general"
OL1881774W,Actresses
OL1881774W,American Love stories
OL1881774W,Comedians
OL1881774W,Fiction
OL1881774W,"Love stories, American"
OL1881774W,Translations into Russian
OL1881774W,"Fiction, romance, contemporary"
OL1881774W,"Hollywood (los angeles, calif.), fiction"
OL1881774W,"California, fiction"
OL1881774W,"Actresses, fiction"
OL1881774W,"Fiction, romance, general"
OL3457698W,"Fiction, Romance, Contemporary"
OL3457698W,"Man-woman relationships, fiction"
OL3457698W,"England, fiction"
OL3457698W,"Physicians, fiction"
OL3771303W,"Fiction, Romance, Contemporary"
OL3771303W,"France, fiction"
OL2959309W,"Fiction, Romance, Contemporary"
OL2959309W,"Lawyers, fiction"
OL2959309W,"Caterers and catering, fiction"
OL2959309W,Caterers and catering
OL2959309W,Fiction
OL2959309W,Lawyers
OL21433555W,"Fiction, romance, erotica"
OL21433555W,English Romance fiction
OL11327153W,Fiction
OL11327153W,Romance
OL11327153W,Contemporary
OL11327153W,"Fiction, general"
OL3759041W,"Fiction, Romance, Contemporary"
OL19705711W,Family secrets
OL19705711W,Friendship
OL19705711W,Fiction
OL19705711W,"Fiction, romance, contemporary"
OL19705711W,"Friendship, fiction"
OL19705711W,FICTION / General
OL19705711W,FICTION / Romance / General
OL19705711W,FICTION / Family Life
OL19705711W,New York Times bestseller
OL19705711W,"Fiction, romance, general"
OL3771293W,"Fiction, Romance, Contemporary"
OL3771293W,"Fiction, Romance, Contempirary"
OL11277293W,"Fiction, Romance, Contemporary"
OL3771221W,"Fiction, Romance, Contemporary"
OL11762243W,"Fiction, Romance, Contemporary"
OL3845131W,"Fiction, Romance, Contemporary"
OL3498845W,"Fiction, Romance, Contemporary"
OL4273174W,"Fiction, Romance, Contemporary"
OL11327991W,"Fiction, Romance, Contemporary"
OL11327991W,"Fiction, general"
OL3775504W,"Fiction, Romance, Contemporary"
OL3775504W,"Fiction, romance, general"
OL3775504W,Large type books
OL4181997W,"Fiction, Romance, Contemporary"
OL4181997W,"Remarriage, fiction"
OL5236243W,"Fiction, Romance, Contemporary"
OL8315261W,"Fiction, romance, general"
OL8315261W,"Fiction, Romance, Contemporary"
OL8315261W,English Fiction
OL11277333W,"Fiction, Romance, Contemporary"
OL11277333W,"Amnesia, fiction"
OL11277333W,"Divorce, fiction"
OL11327950W,"Fiction, Romance, Contemporary"
OL8315270W,"Fiction, Romance, Contemporary"
OL8315270W,"Separated people,  fiction"
OL20561781W,"Fiction, Romance, Contemporary"
OL3845125W,"Fiction, Romance, Contemporary"
OL3981187W,"Fiction, Romance, Contemporary"
OL3981187W,"Fiction, general"
OL3771243W,"Fiction, Romance, Contemporary"
OL152332W,collectionID:bodice_ripper
OL152332W,England
OL152332W,Fiction
OL152332W,Man-woman relationships
OL152332W,Social life and customs
OL152332W,Large type books
OL152332W,"England, fiction"
OL152332W,"Fiction, romance, historical, general"
OL152332W,"Fiction, romance, general"
OL152332W,Historical Romance
OL152332W,"Fiction, romance, contemporary"
OL11277309W,"Fiction, Romance, Contemporary"
OL3845174W,"Fiction, Romance, Contemporary"
OL17809871W,"Fiction, Romance, Contemporary"
OL8315268W,"Fiction, Romance, Contemporary"
OL8315268W,"Fiction, general"
OL11327946W,"Fiction, Romance, Contemporary"
OL3457756W,"Fiction, Romance, Contemporary"
OL15171703W,"Fiction, Romance, Contemporary, Modern"
OL15171703W,"Fiction, romance, erotica"
OL15171703W,"Man-woman relationships, fiction"
OL15171703W,"Marriage, fiction"
OL15171703W,"Russians, fiction"
OL15171703W,"Twins, fiction"
OL15171703W,"Sisters, fiction"
OL15171703W,"Billionaires, fiction"
OL15171703W,"Fiction, romance, general"
OL3759068W,"Fiction, Romance, Contemporary"
OL24178205W,American literature
OL24178205W,New York Times bestseller
OL24178205W,Romantic fiction
OL24178205W,rom-com
OL24178205W,romance
OL24178205W,College Life
OL24178205W,Women authors
OL24178205W,women in STEM
OL24178205W,Contemporary Romance
OL24178205W,Contemporary
OL24178205W,Fiction
OL24178205W,Adult
OL24178205W,New Adult
OL24178205W,Young adults
OL3754835W,Fiction in English
OL3754835W,romance
OL3754835W,Large type books
OL3754835W,Romance
OL3754835W,fiction
OL11327965W,"Fiction, Romance, Contemporary"
OL11327965W,"Marriage, fiction"
OL3457959W,"Fiction, Romance, Contemporary"
OL3759348W,"Fiction, Romance, Contemporary"
OL3759348W,"Fiction, suspense"
OL3759348W,"Fiction, thrillers, suspense"
OL3770467W,"Fiction, Romance, Contemporary"
OL3735574W,"Fiction, Romance, Contemporary"
OL3735574W,"Fiction, suspense"
OL3735574W,"Fiction, thrillers, suspense"
OL28181491W,Romance
OL28181491W,Dark
OL28181491W,College
OL28181491W,New Adult
OL28181491W,Contemporary
OL28181491W,Contemporary Romance
OL28181491W,Adult
OL28181491W,Erotica
OL28181491W,Fiction
OL28181491W,Audiobook
OL28181491W,"Fiction, romance, general"
OL3771297W,"Fiction, Romance, Contemporary"
OL19747970W,Fiction
OL19747970W,Married people
OL19747970W,Marriage
OL19747970W,Secrecy
OL19747970W,"Fiction, romance, contemporary"
OL19747970W,"Fiction, family life, general"
OL19747970W,"Fiction, psychological"
OL19747970W,"Married people, fiction"
OL19747970W,"Marriage, fiction"
OL19747970W,"Man-woman relationships, fiction"
OL19747970W,"Fiction, family life"
OL19747970W,nyt:trade-fiction-paperback=2022-05-08
OL19747970W,New York Times bestseller
OL19747970W,Dramma
OL19747970W,Romance
OL4273160W,"Fiction, Romance, Contemporary"
OL4273160W,Passion
OL4273160W,"fiction"""
OL11327968W,"Fiction, romance, general"
OL3498543W,Fiction
OL3498543W,romance
OL2959243W,"Fiction, Romance, Contemporary"
OL3759338W,"Fiction, Romance, Contemporary"
OL3759338W,"Fiction, romance, general"
OL3845170W,"Fiction, Romance, Contemporary"
OL3845170W,Married people
OL3845170W,"fiction"""
OL3845168W,"Fiction, Romance, Contemporary"
OL26955716W,"Fiction, romance, general"
OL26955716W,Contemporary romance
OL26955716W,Second chance romance
OL26955716W,Estranged friends to lovers
OL26955716W,Small town
OL26955716W,Family drama
OL26955716W,Second chance at love
OL26955716W,Forgiveness
OL26955716W,Self-discovery
OL26955716W,Healing
OL26955716W,Redemption
OL26955716W,New York Times bestseller
OL26955716W,"Fiction, romance, contemporary"
OL26955716W,"Fiction, small town & rural"
OL26955716W,"Fiction, romance, romantic comedy"
OL3845178W,"Fiction, Romance, Contemporary"
OL3759185W,"Fiction, Romance, Contemporary"
OL6918872W,"Fiction, Romance, Contemporary"
OL3754725W,"Fiction, Romance, Contemporary"
OL3457845W,"Fiction, Romance, Contemporary"
OL3457845W,Fiction in English
OL17444354W,"Fiction, romance, general"
OL17444354W,"Fiction, Romance, Contemporary, Life change events"
OL17444354W,Männliche Jugend
OL17444354W,Liebesbeziehung
OL17444354W,Identitätsfindung
OL17444354W,Life change events
OL17444354W,Fiction
OL17444354W,"Fiction, romance, contemporary"
OL277730W,Children's fiction
OL277730W,Fantasy fiction
OL277730W,"Vampires, fiction"
OL277730W,Teenage romance
OL277730W,Interpersonal attraction
OL277730W,Teenage girls
OL277730W,Brothers
OL277730W,Secrets
OL277730W,Sibling rivalry
OL277730W,Betrayal
OL277730W,Revenge
OL277730W,Fiction
OL277730W,Triangles (Interpersonal relations)
OL277730W,Infatuation
OL277730W,Horror tales
OL277730W,Juvenile literature
OL277730W,Juvenile fiction
OL277730W,Vampires
OL277730W,Love & Romance
OL277730W,Paranormal fiction
OL277730W,Supernatural
OL277730W,Adolescence
OL277730W,"Fiction, romance, suspense"
OL277730W,"Brothers, fiction"
OL277730W,"Man-woman relationships, fiction"
OL277730W,Horror stories
OL277730W,"Fiction, horror"
OL277730W,"Fiction, romance, fantasy"
OL277730W,Vampire
OL277730W,Tagebuch
OL8315347W,"Fiction, Romance, Contemporary"
OL8315347W,"Single mothers, fiction"
OL3775507W,"Fiction, Romance, Contemporary"
OL3775507W,"Fiction, christian, romance"
OL3775507W,"Man-woman relationships, fiction"
OL3775418W,"Fiction, Romance, Contemporary"
OL3775418W,"Domestic abuse, fiction"
OL3775418W,"Adultery, fiction"
OL3775418W,"Rape, fiction"
OL3775418W,"Death, fiction"
OL3775418W,"Fiction, romance, contemporary"
OL20032935W,Publishers and publishing
OL20032935W,Man-woman relationships
OL20032935W,Competition (Psychology)
OL20032935W,Fiction
OL20032935W,"Fiction, romance, contemporary"
OL20032935W,"Man-woman relationships, fiction"
OL20032935W,Contemporary Women
OL20032935W,Humorous
OL20032935W,Romance
OL20032935W,Contemporary
OL20032935W,Love stories
OL20032935W,Romance fiction
OL20032935W,Man-woman relationship
OL20032935W,Work environment
OL20032935W,Interpersonal relations
OL20032935W,"Work relationships, enemies to lovers, he falls first, romance, contemporary"
OL11327893W,"Fiction, Romance,Contemporary"
OL11327893W,"Marriage, fiction"
OL8032345W,Fiction
OL8032345W,Romance
OL8032345W,Contemporary
OL8032345W,"Fiction, general"
OL3770490W,"Fiction, Romance, Contemporary"
OL3770490W,"Fiction, general"
OL3759069W,"Fiction, romance, general"
OL3775471W,"Fiction, Romance, Contemporary"
OL3467599W,"Fiction, romance, contemporary"
OL3759468W,"Fiction, Romance, Contemporary"
OL4233169W,"Fiction, Romance, Contemporary"
OL4233169W,"Adultery, fiction"
OL4233169W,"Love stories, fiction"
OL3770471W,"Fiction, Romance, Contemporary"
OL11762227W,Fiction
OL11762227W,romance
OL11762227W,contemporary
OL11762227W,infidelity
OL19964677W,"Fiction, Romance, Contemporary, Life change events"
OL19964677W,Death
OL19964677W,Families
OL19964677W,Poetry slams
OL19964677W,Fathers
OL19964677W,Life change events
OL19964677W,Fiction
OL19964677W,"Fiction, romance, general"
OL19964677W,"Fiction, general"
OL19964677W,"Crime, fiction"
OL19964677W,"Fiction, family life"
OL19964677W,Teenagers
OL19964677W,"Fiction, romance, contemporary"
OL3773896W,"Fiction, Romance, Contemporary"
OL3773896W,"Pregnancy, fiction"
OL3773896W,"Greeks, fiction"
OL3773896W,"Greek billionaires, fiction"
OL11277302W,"Fiction, Romance, Contemporary"
OL5236260W,"Fiction, Romance, Contemporary"
OL5236260W,Australian fiction
OL3773966W,"Fiction, Romance, Contemporary"
OL3773966W,"Fiction, romance, erotica"
OL3773966W,"Greeks, fiction"
OL3773966W,"Marriage, fiction"
OL3773973W,"Fiction, Romance, Contemporary"
OL3773973W,"Businessmen, fiction"
OL3773973W,"Betrothal, fiction"
OL3773973W,"Deception, fiction"
OL3773973W,"Stepsisters, fiction"
OL4084680W,"Fiction, Romance, Contemporary"
OL4084680W,"Fiction, romance, general"
OL3775475W,"Fiction, Romance, Contemporary"
OL3775475W,"Professional tennis, fiction"
OL3775475W,"Jealousy, fiction"
OL3775475W,"Fiction, romance, general"
OL3773994W,Romance
OL3773994W,Fiction
OL3773994W,Harlequin
OL3773994W,Marriage
OL3773994W,Mistresses
OL3773994W,The Husband Hunters Series
OL3773994W,Greeks
OL3773994W,"Fiction, romance, general"
OL3773994W,Large type books
OL3773994W,"Marriage, fiction"
OL3773994W,English Romance fiction
OL10530605W,Fiction
OL10530605W,Romance
OL10530605W,Contemporary
OL10530605W,Fiction in English
OL10530605W,"Fiction, romance, general"
OL3759277W,"Fiction, Romance, Contemporary"
OL3759277W,"Businesswomen, fiction"
OL2959250W,"Fiction, Romance, Contemporary"
OL2959250W,"Twins, fiction"
OL2959250W,"Geneva (Switzerland), fiction"
OL21802553W,Children's fiction
OL21802553W,"Love, fiction"
OL21802553W,"Soldiers, fiction"
OL21802553W,Science fiction
OL21802553W,"Young adult fiction, dystopian"
OL21802553W,"Young adult fiction, romance, paranormal"
OL21802553W,"Young adult fiction, action & adventure, general"
OL21802553W,"Young adult fiction, science fiction, romance"
OL21802553W,"Young adult fiction, science fiction, general"
OL5236219W,"Fiction, Romance, Contemporary"
OL3773934W,"Fiction, Romance, Contemporary, Modern"
OL3773934W,"Passion, fiction"
OL3773934W,"Mistresses, fiction"
OL3773934W,"Revenge, fiction"
OL3773934W,"Man-woman relationships, fiction"
OL3773934W,"Italy, fiction"
OL3773934W,"Mate selection, fiction"
OL3773934W,"Italians, fiction"
OL3773934W,"Bachelors, fiction"
OL3773934W,"Fiction, romance, general"
OL3759472W,Fiction
OL3759472W,Romance
OL3759472W,Contemporary
OL3759472W,blackmail
OL3759472W,"Fiction, general"
OL3775425W,"Fiction, Romance, Contemporary"
OL3775425W,"Identical twins, fiction"
OL3775425W,"Divorce, fiction"
OL3775425W,"Broken families, fiction"
OL3775425W,"Jealousy, fiction"
OL3775425W,"Brain injury, fiction"
OL3775425W,"Death, fiction"
OL3775425W,"Fiction, romance, erotica"
OL8869211W,"Fiction, Romance, Contemporary"
OL8869211W,"Fiction, romance, general"
OL4233152W,"Fiction, Romance, Contemporary"
OL4233152W,incomplete scan
OL8315332W,"Fiction, Romance, Contemporary"
OL3498690W,"Fiction, Romance, Contemporary"
OL3498690W,New Zealand Romance fiction
OL8315317W,"Fiction, romance, general"
OL8315317W,"Fiction, romance, contemporary, general"
OL15456729W,Vampires--Fiction.
OL15456729W,Witches--Fiction.
OL15456729W,Alchemy--Manuscripts--Fiction.
OL15456729W,Science and magic--Fiction.
OL15456729W,Alchemy
OL15456729W,Vampires
OL15456729W,Witches
OL15456729W,Manuscripts
OL15456729W,Science and magic
OL15456729W,Fiction
OL15456729W,"Vampires, fiction"
OL15456729W,"Fiction, romance, paranormal"
OL15456729W,"Fiction, occult & supernatural"
OL15456729W,Magic
OL15456729W,Amerikanisches Englisch
OL15456729W,Fantasy fiction
OL15456729W,Love stories
OL15456729W,Large type books
OL15456729W,"Man-woman relationships, fiction"
OL15456729W,Romance fiction
OL15456729W,nyt:hardcover-fiction=2011-02-27
OL15456729W,New York Times bestseller
OL15456729W,"Fiction, romance, paranormal, general"
OL15456729W,"Fiction, romance, general"
OL15456729W,"Fiction, thrillers, general"
OL15456729W,Women college teachers
OL15456729W,American fiction
OL11327970W,"Fiction, Romance, Contemporary"
OL17311801W,"Fiction, Romance, Contemporary"
OL3759292W,"Fiction, Romance, Contemporary"
OL3759292W,"Passion, fiction"
OL25555522W,"Fiction, romance, general"
OL25555522W,"Fiction, general"
OL25555522W,Fiction
OL25555522W,Violence
OL25555522W,Dark Contemporary Romance
OL3498559W,"Fiction, Romance, Contemporary"
OL3498559W,"Passion, fiction"
OL3457886W,"Fiction, Romance, Contemporary"
OL3457886W,"Nurses, fiction"
OL3457886W,"Surgeons, fiction"
OL491810W,Romance
OL491810W,Contemporary Romance
OL491810W,Fiction
OL491810W,Infants
OL491810W,Widowers
OL491810W,"Fiction, romance, general"
OL491810W,Large type books
OL491810W,Prenuptial agreements
OL21883446W,LGBTQ romance
OL21883446W,Lambda Literary Awards
OL21883446W,Lambda Literary Award Winner
OL21883446W,"Lesbians, fiction"
OL21883446W,"Brothers and sisters, fiction"
OL21883446W,"Fiction, gay"
OL21883446W,"Fiction, romance, contemporary"
OL21883446W,"Fiction, lgbtq+, gay"
OL21883446W,Lesbians
OL21883446W,Fiction
OL21883446W,Sexual minorities
OL21883446W,Astrologers
OL21883446W,Internet personalities
OL21883446W,Brothers and sisters
OL21883446W,FICTION / Romance / Romantic Comedy
OL21883446W,FICTION / Romance / LGBT / General
OL21883446W,FICTION / Romance / Holiday
OL21883446W,Blind dates
OL21883446W,Actuaries
OL21883446W,Siblings
OL21883446W,Truthfulness and falsehood
OL3844287W,"Fiction, romance, general"
OL14862505W,"Fiction, Romance, Contemporary"
OL14862505W,"Fiction, general"
OL97190W,Fiction
OL97190W,Women pioneers
OL97190W,Christian
OL97190W,Western canada in fiction
OL97190W,Women pioneers in fiction
OL97190W,Livres en gros caractères
OL97190W,Love stories
OL97190W,Large type books
OL97190W,"Fiction, christian, western"
OL97190W,"Fiction, christian, romance, general"
OL97190W,"Canada, fiction"
OL97190W,"Frontier and pioneer life, fiction"
OL97190W,"Fiction, christian, romance"
OL97190W,Drama
OL97190W,Western plays
OL97190W,Man-woman relationships
OL34832132W,"Fiction, romance, general"
OL34832132W,"Fiction, romance, contemporary"
OL9793773W,Romance fiction
OL9793773W,"Fiction, romance, short stories"
OL15668W,Fiction
OL15668W,Bodyguards
OL15668W,History
OL15668W,Love stories
OL15668W,Historical fiction
OL15668W,"Fiction, romance, historical"
OL15668W,"Texas, fiction"
OL15668W,Large type books
OL15668W,"Fiction, romance, historical, general"
OL8268347W,"Fiction, Romance, Contemporary"
OL2959278W,Fiction
OL2959278W,Italians
OL2959278W,Billionaires
OL2959278W,Extortion
OL2959278W,"Fiction, romance, general"
OL2959278W,"Italy, fiction"
OL5810791W,"Fiction, Romance, Contemporary"
OL5810791W,"Forced marriage,  fiction"
OL5810791W,"Passion, fiction"
OL5810791W,"Inheritance and succession, fiction"
OL5810791W,"Property Developer, fiction"
OL5236140W,"Fiction, Romance, Contemporary"
OL5236140W,Tender Romance
OL2748916W,Fiction
OL2748916W,Historical Fiction
OL2748916W,Romance
OL2748916W,Insanity (Law)
OL2748916W,"Fiction, romance, historical"
OL14857616W,"Fiction, Romance, Historical, Regency"
OL14857616W,"Fiction, romance, general"
OL167269W,Large type books
OL167269W,"Fiction, Romance, Contemporary, Large type books"
OL167269W,"Fiction, mystery & detective"
OL167269W,Older men
OL167269W,Fiction
OL167269W,Stepmothers
OL167269W,Brothers and sisters
OL167269W,Widows
OL167269W,"Fiction, romance, general"
OL167269W,"Fiction, general"
OL15152744W,"Fiction, Romance, Historical"
OL15152744W,Blydon series
OL3845054W,Fiction
OL3845054W,Roommates
OL3845054W,"Fiction, romance, general"
OL2629881W,Romance
OL2629881W,Fiction
OL2629881W,"Fiction, romance, general"
OL15462026W,Rich people
OL15462026W,Betrayal
OL15462026W,Fiction
OL15462026W,Passion
OL15462026W,Sicilians
OL15462026W,Romance
OL15462026W,Harlequin
OL15462026W,Marriage
OL15462026W,Revenge
OL15462026W,"Fiction, romance, erotica"
OL4331799W,Romance
OL4331799W,Fiction
OL4331799W,"Fiction, romance, historical"
OL167330W,Oil industries
OL167330W,Fiction
OL167330W,Oil industries -- Fiction
OL167330W,Texas -- Fiction
OL167330W,Large type books
OL167330W,"Fiction, romance, contemporary"
OL167330W,"Texas, fiction"
OL167330W,"Fiction, romance, general"
OL15600002W,Billionaires
OL15600002W,Forced marriage
OL15600002W,Italians
OL15600002W,Aunts
OL15600002W,Fiction
OL15600002W,"Fiction, romance, erotica"
OL15600002W,"Fiction, romance, erotic"
OL21580696W,"Fiction, romance, contemporary"
OL21580696W,New Zealand Romance fiction
OL21580696W,"Fiction, romance, general"
OL17356524W,Fiction
OL17356524W,Triangles (Interpersonal relations)
OL17356524W,Man-woman relationships
OL17356524W,Mate selection
OL17356524W,"Fiction, romance, general"
OL17356524W,"Man-woman relationships, fiction"
OL17356524W,nyt:trade-fiction-paperback=2023-04-23
OL17356524W,New York Times bestseller
OL28436821W,"Fiction, romance, general"
OL17345493W,Young women
OL17345493W,Wizards
OL17345493W,Friendship
OL17345493W,Fiction
OL17345493W,"Fiction, fantasy, general"
OL17345493W,FICTION / Fantasy / Epic
OL17345493W,FICTION / Adventure
OL17345493W,FICTION / Romance / Fantasy
OL17345493W,award:nebula_award=novel
OL17345493W,Immortalism
OL17345493W,Indentured servants
OL17345493W,Female friendship
OL17345493W,Good and evil
OL17345493W,Identity (Psychology)
OL17345493W,Magic
OL17345493W,Adaptations
OL17345493W,Folklore
OL17345493W,Fate and fatalism
OL17345493W,Fear
OL17345493W,Courage
OL17345493W,Survival
OL17345493W,Choice
OL17345493W,Immortalisme
OL17345493W,"Romans, nouvelles"
OL17345493W,Main-d'œuvre engagée à long terme
OL17345493W,Amitié féminine
OL17345493W,Identité (Psychologie)
OL17345493W,Fantasy
OL17345493W,Epic
OL17345493W,Science Fiction
OL17345493W,Adventure
OL17345493W,Romance
OL17345493W,"Fiction, science fiction, action & adventure"
OL11327404W,"Fiction, romance, general"
OL11327404W,Large type books
OL5695642W,"Fiction, Romance, Contemporary"
OL5695642W,"Fiction, romance, general"
OL37873918W,"Fiction, romance, general"
OL37873918W,"Fiction, general"
OL4220822W,"Fiction, Romance, Contemporary"
OL17383337W,"Fiction, Romance, Contemporary, Modern"
OL17383337W,"Man-woman relationships, fiction"
OL8165659W,"Fiction, Romance, Historical, Regency"
OL8165659W,"Fiction, romance, general"
OL4233171W,"Fiction, Romance, Contemporary, Modern"
OL4233171W,"Marriage, fiction"
OL4233171W,"Amnesia, fiction"
OL4233171W,"Hoteliers, fiction"
OL3773963W,Billionaires
OL3773963W,Single mothers
OL3773963W,Fiction
OL3773963W,Romance
OL3773963W,Harlequin
OL3773963W,Passion
OL3773963W,Greeks
OL3773963W,ebook
OL3773963W,"Fiction, romance, general"
OL3773963W,Large type books
OL3773963W,"Twins, fiction"
OL3773963W,"Mothers and sons, fiction"
OL3773963W,"Single women, fiction"
OL3771317W,"Fiction, Romance, Contemporary"
OL3771317W,Fiction in English
OL7990735W,"Fiction, Romance, Contemporary"
OL7990735W,Large type books
OL7990735W,"Fiction, general"
OL7990735W,Teachers
OL7990735W,Fiction
OL7990735W,Upper class
OL7990735W,Love stories
OL7990735W,Description and travel
OL7990735W,Romance fiction
OL5946131W,"Fiction, Romance, Historical, Regency"
OL3773905W,Mayan cities
OL3773905W,Twins
OL3773905W,"Fiction, romance, general"
OL14862299W,"Fiction, Romance, Contemporary"
OL14862299W,Anthology
OL4996159W,collectionID:Abodice_ripper
OL4996159W,morgan series
OL4996159W,Bodice ripper
OL4996159W,alpha male
OL4996159W,Dark romance
OL4996159W,challenger series
OL4996159W,Romance
OL4996159W,Fiction
OL4996159W,Brandon-Morgan Series
OL4996159W,Romance fiction
OL4996159W,Historical Romance
OL4996159W,"Fiction, romance, historical"
OL4996159W,"Fiction, romance, general"
OL4996159W,"Fiction, romance, historical, general"
OL10530569W,Fiction
OL10530569W,Literature
OL10530569W,Romance
OL10530569W,"Fiction, romance, general"
OL10530569W,"Fiction, romance, contemporary"
OL10530569W,Large type books
OL2732491W,Fiction
OL2732491W,Historical Fiction
OL2732491W,Jesuits
OL2732491W,Life on other planets
OL2732491W,Literature
OL2732491W,Romance
OL2732491W,Twenty-first century
OL2732491W,"Fiction, science fiction, general"
OL2732491W,"Fiction, religious"
OL2732491W,LGBTQ gender identity
OL2732491W,LGBTQ science fiction & fantasy
OL2732491W,collection:otherwise_tiptree_award=winner
OL2732491W,Science fiction
OL4084674W,"Fiction, Romance, Contemporary"
OL4084674W,"Love stories, vintage, fiction"
OL15893W,Journalists
OL15893W,Single mothers
OL15893W,Fiction
OL15893W,Romance
OL15893W,"Fiction, action & adventure"
OL15893W,"Fiction, romance, general"
OL13693160W,"Fiction, Romance, Contemporary"
OL13693160W,"Aunts,  fiction"
OL13693160W,"Orphans, fiction"
OL13693160W,"Italians, fiction"
OL13693160W,"Billionaires, fiction"
OL13693160W,"Man-woman relationships, fiction"
OL4092634W,Historical fiction
OL4092634W,Romance
OL4092634W,Fiction
OL4092634W,"Fiction, romance, historical, general"
OL4092634W,"Fiction, historical, general"
OL4092634W,"Fiction, romance, historical, tudor"
OL4092634W,"Fiction, mystery & detective, general"
OL3754731W,Fiction
OL3754731W,romance
OL21487810W,"Fiction, romance, contemporary"
OL21487810W,Romances
OL1902295W,Fiction
OL1902295W,Women novelists
OL1902295W,Ranchers
OL1902295W,Contemporary romance
OL1902295W,Large type books
OL1902295W,"Fiction, romance, general"
OL1902295W,"Authors, fiction"
OL1902295W,"Wyoming, fiction"
OL17925545W,Romance
OL17925545W,Large type books
OL17925545W,Contemporary
OL17925545W,FICTION
OL17925545W,FICTION / Romance / Contemporary
OL17925545W,"Fiction, romance, suspense"
OL17925545W,"Texas, fiction"
OL17925545W,"Man-woman relationships, fiction"
OL17925545W,Women journalists
OL17925545W,Amnesia
OL17925545W,Fiction
OL17925545W,"Fiction, romance, general"
OL2959312W,Large type books
OL2959312W,Fiction
OL2959312W,"Fiction, romance, general"
OL2959312W,"Australia, fiction"
OL16030268W,"Fiction, Romance, Historical, Regency"
OL16030268W,"Fiction, general"
OL21578857W,"Fiction, romance, contemporary"
OL21578857W,Australian Romance fiction
OL21578857W,"Fiction, romance, general"
OL26907480W,"Fiction, romance, general"
OL5695925W,Fiction
OL5695925W,Romance
OL5695925W,Historical Fiction
OL5695925W,Nobility
OL5695925W,History
OL5695925W,"Fiction, romance, historical, general"
OL5695925W,"Scotland, fiction"
OL14963843W,"Fiction, Romance, Historical"
OL14963843W,"Man-woman relationships, fiction"
OL14963843W,"Nobility, fiction"
OL14963843W,"Veterans,  fiction"
OL14963843W,"Napoleonic Wars, 1800-1815"
OL14963843W,"History"""
OL14963843W,"London (England), fiction"
OL5797749W,"Fiction, romance, general"
OL5797749W,"Marriage, fiction"
OL5797749W,"Texas, fiction"
OL5797749W,"Fiction, general"
OL5797749W,"Fiction, romance, historical, general"
OL5797749W,Companionate marriage
OL5797749W,Fiction
OL5797749W,Mariage compagnonnage
OL5797749W,"Romans, nouvelles"
OL9224702W,"Fiction, Romance, Contemporary"
OL4233115W,"Fiction, Romance, Contemporary"
OL4233115W,"Passion, fiction"
OL4233115W,"Millionaires, fiction"
OL17461718W,Fiction
OL17461718W,romance
OL17461718W,"Fiction, romance, general"
OL17461718W,Man-woman relationships
OL17461718W,"Fiction, romance, erotica"
OL17461718W,"Man-woman relationships, fiction"
OL17461718W,"Fiction, romance, erotic"
OL17461718W,Americans
OL17461718W,Betrothal
OL17436292W,Man-woman relationships
OL17436292W,Fiction
OL17436292W,"Fiction, romance, erotica"
OL17436292W,"Fiction, romance, erotic"
OL17436292W,Large type books
OL17436292W,Romance fiction
OL17436292W,Millionaires
OL17436292W,Businesswomen
OL17436292W,Social classes
OL17436292W,"Fiction, romance, general"
OL8315292W,"Fiction, Romance, Contemporary"
OL8315292W,"Search and rescue operations, fiction"
OL8315292W,"Fiction, general"
OL10215W,Literature: Texts
OL10215W,Untranslated Fiction - General
OL10215W,Literature - Classics / Criticism
OL10215W,Literary Criticism
OL10215W,Russian & Former Soviet Union
OL10215W,"Fiction, science fiction, general"
OL10215W,"Fiction, dystopian"
OL10215W,Classic Literature
OL10215W,Fiction
OL10215W,Science Fiction
OL10215W,Political fiction
OL10215W,Dystopias
OL10215W,Russian fiction
OL10215W,Russian prose
OL10215W,totalitarianism
OL10215W,Russian satire
OL10215W,dystopia
OL10215W,Russian language materials
OL10215W,Authoritarianism
OL10215W,Modern fiction
OL10215W,Russian Novel And Short Story
OL10215W,Literary
OL10215W,Fiction / Literary
OL10215W,Continental european fiction (fictional works by one author)
OL10215W,Corrupt practices
OL10215W,Political science
OL10215W,Electronic surveillance
OL10215W,Criticism and interpretation
OL10215W,"Fiction, general"
OL10215W,"Soviet union, fiction"
OL10215W,Biography
OL10215W,"My (Zami︠a︡tin, Evgeniĭ Ivanovich)"
OL10215W,"Science fiction, Russian"
OL10215W,Russian Science fiction
OL10215W,Group identity
OL10215W,Pg3476.z34 m913 1983
OL10215W,Russian fiction--20th century
OL10215W,"Satire, russian"
OL10215W,Totalitarianism and literature
OL10215W,Pg3476.z34 m913 2006
OL10215W,891.73/42
OL10215W,"Fiction, romance, general"
OL10215W,Translations into English
OL10215W,Utopias
OL10215W,Dystopias - Fiction
OL20153602W,"Fiction, romance, contemporary"
OL20153602W,"Fiction, humorous"
OL20153602W,nyt:trade-fiction-paperback=2021-06-06
OL20153602W,New York Times bestseller
OL17856195W,Fiction in English
OL17856195W,"Fiction, romance, general"
OL17344325W,fiction
OL17344325W,romance
OL17344325W,contemporary
OL17344325W,Interpersonal relationships
OL17344325W,Contemporary Women
OL17344325W,Interpersonal relations
OL17344325W,Sagas
OL17344325W,Roommates
OL17344325W,Female friendship
OL17344325W,"Fiction, romance, contemporary"
OL17344325W,"Friendship, fiction"
OL17344325W,"Fiction, women"
OL17344325W,Large type books
OL17344325W,FICTION / Contemporary Women
OL17344325W,FICTION / Sagas
OL17344325W,FICTION / Romance / Contemporary
OL8365984W,Fiction in English
OL8365984W,"Fiction, romance, general"
OL8365984W,"Fiction, Romance"
OL28701547W,"Fiction, romance, general"
OL28701547W,"Fiction, action & adventure"
OL491812W,Open Library Staff Picks
OL491812W,Businesspeople
OL491812W,Fiction
OL491812W,Consolidation and merger of corporations
OL491812W,"Fiction, romance, contemporary"
OL491812W,"Fiction, romance, suspense"
OL491812W,"Fiction, romance, general"
OL491812W,Large type books
OL491812W,Businesswomen
OL5683849W,Fiction
OL5683849W,Romance
OL5683849W,Secrecy
OL5683849W,"Fiction, romance, suspense"
OL2625443W,Fiction
OL2625443W,Novela
OL2625443W,Maestros
OL2625443W,Missing persons
OL2625443W,Unrequited love
OL2625443W,Women novelists
OL2625443W,Businesswomen
OL2625443W,Teachers
OL2625443W,Lesbische Liebe
OL2625443W,Bindungslosigkeit
OL2625443W,Geschäftsfrau
OL2625443W,Schriftstellerin
OL2625443W,Social life and customs
OL2625443W,"Fiction, romance, contemporary"
OL2625443W,"Japan, fiction"
OL2625443W,Near and far eastern fiction (fictional works by one author)
OL2625443W,Language and languages
OL2625443W,Japan in fiction
OL15677W,Love stories
OL15677W,"Fiction, romance, historical"
OL15677W,Large type books
OL15677W,"Fiction, romance, historical, general"
OL111569W,Fiction
OL111569W,Contemporary Romance
OL111569W,Romantic Suspense
OL111569W,Man-woman relationships
OL111569W,collection
OL111569W,Open Library Staff Picks
OL111569W,Silhouette Intimate Moments
OL111569W,"Fiction, romance, general"
OL111569W,"Fiction, romance, contemporary"
OL15686W,"Fiction, romance, historical, general"
OL15686W,"Young women, fiction"
OL81606W,paranormal
OL81606W,nightmares
OL81606W,cuckoo clocks
OL81606W,word processors
OL81606W,Polaroid cameras
OL81606W,speechwriting
OL81606W,Dissociative identity disorder
OL81606W,ambush
OL81606W,sanity
OL81606W,caretakers
OL81606W,plagiarism
OL81606W,housemaids
OL81606W,short stories
OL81606W,diction
OL81606W,Fiction
OL81606W,Horror
OL81606W,Thriller
OL81606W,supernatural
OL81606W,red-eye flights
OL81606W,autopilot
OL81606W,American Horror tales
OL81606W,Vdobibl
OL81606W,Horror fiction
OL81606W,Horror tales
OL81606W,New York Times reviewed
OL81606W,"Fiction, horror"
OL81606W,"Fiction, short stories (single author)"
OL81606W,Horror stories
OL81606W,"Fiction, romance, general"
OL81606W,"Fiction, erotica, general"
OL17567120W,English Romance fiction
OL17567120W,"Fiction, romance, general"
OL4065810W,collectionID:Mbodice_ripper
OL4065810W,Social life and customs
OL4065810W,Twins
OL4065810W,Fiction
OL4065810W,"Fiction, romance, historical, general"
OL4065810W,"Fiction, romance, historical"
OL4065810W,Medieval romance
OL4065810W,"Fiction, romance, general"
OL4065810W,Bodice Ripper
OL4065810W,Alpha male
OL4065810W,Manners and customs
OL24610711W,Man-woman relationships -- Fiction
OL24610711W,Escaped prisoners -- Fiction
OL24610711W,Escaped prisoners
OL24610711W,Man-woman relationships
OL24610711W,"Fiction, romance, general"
OL24610711W,Dark Romance
OL24610711W,Romance
OL24610711W,Dark
OL24610711W,Spicy
OL24610711W,Smut
OL24610711W,Contemporary
OL24610711W,Abuse
OL24610711W,Crime
OL24610711W,Contemporary Romance
OL5810807W,Fiction
OL5810807W,Romance
OL5810807W,Contemporary
OL5810807W,Passion
OL5810807W,Large print
OL5810807W,"Fiction, romance, general"
OL1804648W,Paranormal fiction
OL1804648W,Fiction
OL1804648W,Large type books
OL1804648W,Villages
OL1804648W,Herbalists
OL1804648W,Healers
OL1804648W,Witches
OL1804648W,Occult fiction
OL1804648W,Supernatural
OL1804648W,"Fiction, general"
OL1804648W,"Fiction, romance, suspense"
OL1804648W,"Fiction, thrillers, general"
OL1804648W,Inheritance and succession
OL1804648W,Magic
OL1804648W,Dwellings
OL1804648W,"Fiction, gothic"
OL1804648W,"Fiction, romance, historical, general"
OL11277261W,Fiction
OL11277261W,Contemporary Romance
OL11277261W,Large print
OL11277261W,Marriage
OL11277261W,Anonymous letters
OL11277261W,Infidelity
OL11277261W,Forbidden! series
OL11277261W,Harlequin Presents
OL11277261W,"Fiction, general"
OL11277261W,Large type books
OL11277261W,"Fiction, romance, general"
OL8365993W,"Fiction, Romance"
OL8365993W,"Love stories, fiction"
OL13754370W,Fiction
OL13754370W,Drug traffic
OL13754370W,Murder for hire in fiction
OL13754370W,Drug traffic in fiction
OL13754370W,Murder for hire
OL13754370W,"Fiction, african american, urban"
OL13754370W,"African americans, fiction"
OL13754370W,"Fiction, romance, suspense"
OL13754370W,"Miami (fla.), fiction"
OL13754370W,"Crime, fiction"
OL13754370W,"Fiction, romance, general"
OL13754370W,"Fiction, urban"
OL13754370W,"Man-woman relationships, fiction"
OL13754370W,"Fiction, african american & black, urban & street lit"
OL13754370W,"Fiction, urban & street lit"
OL13754370W,African Americans
OL13754370W,"Fiction, suspense"
OL13754370W,"Fiction, thrillers"
OL13754370W,"Fiction, thrillers, general"
OL13754370W,"Fiction, general"
OL5236210W,"Fiction, Romance, Contemporary"
OL5236210W,Tender romance
OL5236232W,"Fiction, Romance, Contemporary"
OL5236232W,"Tender Romance, Fiction"
OL810247W,"Fiction, Romance, Historical"
OL810247W,Large type books
OL16024603W,"Fiction, Romance, Contemporary, Modern"
OL16024603W,"Brides, fiction"
OL16024603W,"Arranged marriage, fiction"
OL16024603W,"Virgins, fiction"
OL16024603W,"Fiction, romance, erotica"
OL213269W,"Fiction, historical, general"
OL213269W,"Fiction, suspense"
OL213269W,"France, fiction"
OL213269W,Widows
OL213269W,Fiction
OL213269W,English
OL213269W,Travel
OL213269W,Veuves
OL213269W,"Romans, nouvelles"
OL213269W,Fiction in English
OL213269W,France
OL213269W,romance
OL213269W,suspense
OL213269W,Large type books
OL213269W,"Fiction, romance, suspense"
OL213269W,"Fiction, thrillers, general"
OL213269W,"Fiction, general"
OL5692981W,Vendetta
OL5692981W,Fiction
OL5692981W,Romance
OL5692981W,History
OL5692981W,"Scotland, fiction"
OL5692981W,"Fiction, romance, historical"
OL5692981W,Large type books
OL5692981W,Time Travel Romance
OL5692981W,"Fiction, romance, general"
OL21101115W,American literature
OL21101115W,Fairies
OL21101115W,Fiction
OL21101115W,Angels
OL21101115W,Friendship
OL21101115W,Ethics
OL21101115W,War stories
OL21101115W,Fellowship
OL21101115W,Fées
OL21101115W,"Romans, nouvelles"
OL21101115W,Anges
OL21101115W,Amitié
OL21101115W,Morale
OL21101115W,Récits de guerre
OL21101115W,FICTION / Fantasy / Romance
OL21101115W,FICTION / Fantasy / Urban
OL21101115W,FICTION / Fantasy / Action & Adventure
OL21101115W,Magic
OL21101115W,Assassins
OL21101115W,Insurgency
OL21101115W,Geographical myths
OL21101115W,[series:SJM_Crescent:City]
OL21101115W,"Fiction, fantasy, epic"
OL21101115W,"Fiction, fantasy, action & adventure"
OL21101115W,"Fiction, fantasy, paranormal"
OL21101115W,"Fiction, fantasy, urban"
OL21101115W,"Fiction, science fiction, apocalyptic & post-apocalyptic"
OL21101115W,"Fiction, fantasy, romance"
OL3770785W,Fiction
OL3770785W,Romance
OL3770785W,Contemporary
OL3770785W,Youth workers
OL3770785W,Unmarried mothers
OL3770785W,Description and travel
OL3770785W,Canadian Love stories
OL3770785W,Automobile mechanics
OL3770785W,Canadian Romance fiction
OL3771122W,"Fiction, Romance, Contemporary"
OL5367632W,Fiction in English
OL5367632W,"Fiction, romance, general"
OL27004W,"Fiction, Romance, Historical, Regency"
OL3498794W,"Fiction, romance, contemporary"
OL3498794W,"Australia, fiction"
OL3498794W,"Fiction, romance, erotica"
OL3498794W,"Fiction, romance, erotic"
OL3498794W,"Fiction, Romance, Contemporary"
OL28053600W,"Fiction, romance, general"
OL28053600W,"Fiction, general"
OL4955619W,"Fiction, romance, general"
OL4955619W,Large type books
OL9367893W,Contemporary Fiction
OL9367893W,Fiction in English
OL9367893W,Romance Fiction
OL9367893W,1970s
OL9367893W,"Fiction, romance, general"
OL28948988W,"Fiction, romance, contemporary"
OL28948988W,"Fiction, Romance, Contemporary, Life change events"
OL28948988W,High school students
OL28948988W,Juvenile fiction
OL28948988W,Amnesia
OL28948988W,Fiction
OL5686935W,Fiction
OL5686935W,Romance
OL5686935W,Passion
OL5686935W,Housekeepers
OL5686935W,Soldiers
OL5686935W,"Fiction, romance, general"
OL213263W,Adaptations
OL213263W,Arthurian romances
OL213263W,Britons
OL213263W,Fiction
OL213263W,Kings and rulers
OL213263W,Merlin (Legendary character)
OL213263W,Wizards
OL213263W,History
OL213263W,"Arthur, King"
OL213263W,Merlin
OL213263W,Fantasy fiction
OL213263W,Historical fiction
OL213263W,Romances
OL213263W,Large type books
OL213263W,"Fiction, fantasy, historical"
OL213263W,"Merlin (legendary character), fiction"
OL213263W,"Arthur, king, fiction"
OL213263W,Fantastic fiction
OL213263W,"Fiction, romance, historical"
OL213263W,"Great britain, fiction"
OL213263W,"Fiction, historical, general"
OL213263W,"Fiction, fantasy, general"
OL213263W,Legends
OL3458063W,"Fiction, Romance, Contemporary"
OL3458063W,"Nurses, fiction"
OL3458063W,"Netherlands, fiction"
OL3458063W,"Doctor Nurse romance, fiction"
OL3775371W,"Fiction, Romance, Contemporary"
OL17356811W,Social Issues
OL17356811W,Young adult fiction
OL17356811W,Girls & Women
OL17356811W,Fiction
OL17356811W,Triangles (Interpersonal relations)
OL17356811W,Love & Romance
OL17356811W,Dating
OL17356811W,Friendship
OL17356811W,Love
OL17356811W,juvenile fiction
OL17356811W,Romance
OL17356811W,Teenagers
OL17356811W,Friendship in adolescence
OL17356811W,Infatuation
OL17356811W,Dating (Social customs)
OL17356811W,Sisters
OL17356811W,Love stories
OL17356811W,JUVENILE FICTION / Love & Romance
OL17356811W,JUVENILE FICTION / Girls & Women
OL17356811W,JUVENILE FICTION / Social Issues / Dating & Sex
OL17356811W,Korean American teenagers
OL17356811W,Dating & Sex
OL17356811W,nyt:young-adult=2015-06-14
OL17356811W,New York Times bestseller
OL17356811W,Children's fiction
OL17356811W,"Love, fiction"
OL17356811W,"Sisters, fiction"
OL17356811W,"Dating (social customs), fiction"
OL17356811W,"Friendship, fiction"
OL17356811W,Romance fiction
OL17356811W,Interpersonal relations
OL796601W,Brazilians
OL796601W,Love
OL796601W,Prostitutes
OL796601W,Sex
OL796601W,Fiction
OL796601W,Romance fiction
OL796601W,"Fiction, visionary & metaphysical"
OL796601W,"Brazil, fiction"
OL796601W,Love stories
OL152322W,Fiction
OL152322W,Romance
OL152322W,Historical
OL152322W,Large type books
OL152322W,"Fiction, romance, general"
OL152322W,Historical Romance
OL152322W,"Fiction, romance, historical, general"
OL152322W,Nobility
OL152322W,Mate selection
OL152322W,Social life and customs
OL152322W,Historical fiction
OL152322W,Romance fiction
OL152322W,Manners and customs
OL11277296W,Fiction
OL11277296W,Contemporary Romance
OL11277296W,Yesterday series
OL11277296W,Harlequin Romance
OL3775466W,"Fiction, Romance, Contemporary"
OL3775466W,"Fiction, Romance, Erotica"
OL3775466W,"Fiction, romance, general"
OL3498824W,"Fiction, general"
OL3498824W,Romance
OL3498824W,Fiction
OL3498824W,Harlequin
OL3498824W,Marriage
OL213266W,"Fiction, historical, general"
OL213266W,"Fiction, romance, general"
OL213266W,Fiction
OL213266W,Governesses
OL213266W,romance
OL213266W,mystery
OL213266W,"France, fiction"
OL213266W,"Fiction, romance, suspense"
OL213266W,"Fiction, gothic"
OL213266W,English fiction
OL3467513W,Fiction
OL3467513W,Romance
OL3467513W,Contemporary
OL3467513W,Foreign Affairs
OL3467513W,"Fiction, romance, general"
OL29189552W,"Fiction, romance, general"
OL3519329W,"Fiction, Romance, Contemporary"
OL3519329W,"Widows, fiction"
OL3773920W,"Fiction, Romance, Contemporary, Modern"
OL3773920W,"Spaniards, fiction"
OL3773920W,"Marriage, fiction"
OL3773920W,"Passion, fiction"
OL111439W,"Fiction, Romance, Contemporary"
OL111439W,"Boatbuilding, fiction"
OL111439W,"Brothers, fiction"
OL111439W,Domestic fiction
OL111439W,Chesapeake Bay Saga
OL111439W,Women's Fiction
OL16037643W,"Fiction, Romance, Contemporary"
OL11328047W,"Fiction, Romance, Contemporary"
OL11328047W,"Fiction, general"
OL11327956W,"Fiction, Romance, Contemporary"
OL11327956W,"Man-woman relationships, fiction"
OL2959291W,"Fiction, Romance, Contemporary"
OL3759267W,"Fiction, Romance, Contemporary"
OL15190273W,Fiction
OL15190273W,Passion
OL15190273W,Romance
OL15190273W,"Fiction, romance, erotica"
OL15190273W,"Fathers and daughters, fiction"
OL15190273W,"Fiction, romance, erotic"
OL15190273W,Brides
OL15190273W,Spaniards
OL15190273W,Billionaires
OL15190273W,"Fiction, romance, general"
OL4412059W,"Fiction, Romance, Contemporary"
OL4412059W,Fiction in English
OL3519328W,"Fiction, Romance, Contemporary"
OL11327922W,"Fiction, Romance, Contemporary"
OL11327922W,"Fiction, romance, erotica"
OL11327922W,"Marriage, fiction"
OL11327922W,"Stepbrothers, fiction"
OL11327922W,"Man-woman relationships, fiction"
OL3457864W,"Fiction, Romance, Contemporary"
OL15335027W,Fiction
OL15335027W,romance
OL5236256W,"Fiction, Romance, Contemporary"
OL5236256W,Fiction in English
OL19737574W,Science fiction
OL19737574W,Romance fiction
OL19737574W,Ability
OL19737574W,Dictatorship
OL19737574W,Resistance to Government
OL19737574W,Soldiers
OL19737574W,Fiction
OL19737574W,Children's fiction
OL19737574W,"Soldiers, fiction"
OL19737574W,"Love, fiction"
OL19737574W,"Adventure and adventurers, fiction"
OL3457832W,"Fiction, Romance, Contemporary"
OL3457832W,"Man-woman relationships, fiction"
OL3457832W,"Surgeons, fiction"
OL3754813W,"Fiction, Romance, Contemporary"
OL11327992W,"Fiction, Romance, Contemporary"
OL17179785W,"Fiction, Romance, Contemporary"
OL3845015W,"Fiction, Romance, Contemporary"
OL15870434W,"Fiction, Romance, Contemporary"
OL3771298W,"FictIon, Romance, Contemporary"
OL3467543W,Romance
OL3467543W,Fiction
OL3467543W,Harlequin
OL3467543W,Marriage
OL3467543W,"Fiction, romance, general"
OL4356929W,Temporary employees
OL4356929W,Romance fiction
OL4356929W,Fiction
OL3780296W,Fiction
OL3780296W,Contemporary Romance
OL3780296W,hotels
OL3775431W,"Fiction, romance, general"
OL8087183W,"Fiction, romance, general"
OL3476087W,"Fiction, Romance, Contemporary"
OL3476087W,New Zealand Romance fiction
OL3476087W,"Fiction, general"
OL3476087W,Romance fiction
OL3759085W,"Fiction, Romance, Contemporary"
OL3759120W,"Fiction, Romance, Contemporary, Modern"
OL3759120W,"Widows, fiction"
OL3759120W,"Man-woman relationships, fiction"
OL3759120W,"Millionaires, fiction"
OL3759120W,"Revenge, fiction"
OL3759120W,"Passion, fiction"
OL3759120W,"Fiction, romance, erotica"
OL3845146W,"Fiction, Romance, Contemporary"
OL3754827W,"Fiction, Romance, Contemporary"
OL11277328W,Fiction
OL11277328W,Romance
OL11277328W,"Contemporary"""
OL25434351W,Series:Game-Changers
OL25434351W,LGTBI
OL25434351W,"Fiction, romance, contemporary"
OL25434351W,Romance
OL25434351W,Sports Romance
OL25434351W,Hockey
OL25434351W,M M Romance
OL25434351W,Enemies To Lovers
OL25434351W,Contemporary
OL25434351W,Queer
OL15296267W,"Fiction, Romance, Contemporary, Modern"
OL15296267W,"Fiction, Romance, Contemporary"
OL15296267W,"Pregnancy, fiction"
OL15296267W,"Man-woman relationships, fiction"
OL15296267W,"Teachers, fiction"
OL15296267W,Fiction
OL15296267W,"erotica"""
OL15296267W,"Greeks, fiction"
OL4440535W,"Fiction, Romance, Contemporary"
OL4182020W,"Fiction, Romance, Contemporary"
OL4182020W,"Revenge, fiction"
OL4182020W,Sexual attraction
OL4182020W,"fiction"""
OL11327915W,"Fiction, Romance, Contemporary"
OL3771218W,"Fiction, Romance, Contemporary"
OL3775493W,"Fiction, Romance, Contemporary"
OL3775493W,"Fiction, romance, general"
OL5809066W,Romance
OL5809066W,Passion
OL5809066W,Fiction
OL5809066W,"Fiction, romance, general"
OL5809066W,Teachers
OL59379W,Fiction
OL59379W,Historical Fiction
OL59379W,Romance
OL59379W,"Fiction, romance, historical"
OL59379W,Large type books
OL59379W,"Fiction, romance, historical, general"
OL59379W,Romance fiction
OL16591835W,JUVENILE FICTION / Action & Adventure / General
OL16591835W,JUVENILE FICTION / Love & Romance
OL16591835W,Prisoners
OL16591835W,Fiction
OL16591835W,Science fiction
OL16591835W,Interpersonal relations
OL16591835W,Psychic ability
OL16591835W,JUVENILE FICTION / Fantasy & Magic
OL16591835W,Love & Romance
OL16591835W,Action & Adventure
OL16591835W,JUVENILE FICTION
OL16591835W,Fantasy & Magic
OL16591835W,General
OL16591835W,Parapsychology
OL16591835W,Children's fiction
OL16591835W,"Interpersonal relations, fiction"
OL16591835W,"Parapsychology, fiction"
OL3294444W,"Fiction, Romance, Contemporary"
OL3294444W,"Sex in the workplace, fiction"
OL3773979W,"Fiction, Romance, Contemporary"
OL3773979W,"Married people, fiction"
OL3773979W,"Husband and wife, fiction"
OL3773979W,"Man-woman relationships, fiction"
OL3773979W,Cuentos de amor
OL3773979W,Novela
OL3773979W,Relaciones hombre-mujer
OL3773979W,Reading materials
OL3773979W,Spanish language
OL3773979W,"Fiction, romance, erotica"
OL3773979W,"Fiction, romance, contemporary"
OL4225433W,"Fiction, romance, general"
OL1902450W,Fiction
OL1902450W,Contemporary Romance novel
OL1902450W,Marriage brokerage
OL1902450W,"Fiction, christian, romance"
OL1902450W,"Man-woman relationships, fiction"
OL1902450W,"Fiction, romance, contemporary"
OL1902450W,"Fiction, romance, general"
OL4472925W,Fiction
OL4472925W,romance
OL3294326W,"Fiction, romance, general"
OL3754963W,"Fiction, Romance, Contemporary"
OL3773899W,"Fiction, Romance, Contemporary, Modern"
OL3773899W,"Passion, fiction"
OL3773899W,"Vengeance, fiction"
OL3773899W,"Marriage, fiction"
OL3773899W,"Greeks, fiction"
OL5236136W,"Fiction, Romance, Contemporary"
OL3981197W,"Fiction, Romance, Contemporary"
OL3981197W,"Fiction, romance, general"
OL3759109W,"Fiction, Romance, Contemporary"
OL3759109W,"Women lawyers, fiction"
OL3759109W,"Fiction, Romance, Erotica"
OL3773972W,"Fiction, Romance, Contemporary"
OL3773972W,"Spaniards, fiction"
OL3773972W,"Waitresses, fiction"
OL3773972W,"Investment Bankers, fiction"
OL3773972W,"Money Markets, fiction"
OL3773972W,"Marriage, fiction"
OL3773972W,"Married people, fiction"
OL3773972W,"Pregnancy, fiction"
OL3773972W,"Pottery, fiction"
OL3773972W,"Fiction, romance, general"
OL28744393W,"Fiction, romance, general"
OL28744393W,"Fiction, general"
OL28744393W,nyt:trade-fiction-paperback=2023-05-14
OL28744393W,New York Times bestseller
OL28744393W,Serie:Kings_of_Sin
OL1230715W,Fiction
OL1230715W,Plague
OL1230715W,Plague in literature
OL1230715W,Epidemics
OL1230715W,Peste bubónica
OL1230715W,FICTION / Classics
OL1230715W,FICTION / Psychological
OL1230715W,FICTION / Literary
OL1230715W,Continental european fiction (fictional works by one author)
OL1230715W,Medicine in Literature
OL1230715W,French fiction
OL1230715W,Psychological
OL1230715W,Reading Level-Grade 11
OL1230715W,Reading Level-Grade 12
OL1230715W,"Fiction, medical"
OL1230715W,"France, fiction"
OL1230715W,Drama (dramatic works by one author)
OL1230715W,Romance literature
OL1230715W,"Fiction, psychological"
OL1230715W,"Fiction, classics"
OL1230715W,Determination (Personality trait)
OL1230715W,Peste
OL1230715W,"Romans, nouvelles"
OL1230715W,Romance Frances
OL1230715W,Novela
OL1230715W,Disease Outbreaks
OL1230715W,Fictional Works
OL1230715W,Psychology
OL1230715W,Psychological fiction
OL3773996W,"Fiction, Romance, Contemporary"
OL3773996W,"Fiction, general"
OL11277308W,Fiction in English
OL11277308W,"Fiction, Romance, Contemporary"
OL11277308W,"Love triangle, fiction"
OL41943074W,American literature
OL41943074W,"Fiction, fantasy, epic"
OL41943074W,"Fiction, fantasy, romance"
OL41943074W,"Fiction, romance, fantasy"
OL41943074W,Serie:The_Empyrean
OL41943074W,Onyx Storm
OL41943074W,Rebecca Yarros
OL41943074W,Onyx Storm Rebecca Yarros
OL41943074W,Roman Empire
OL41943074W,Books
OL41943074W,Rare books
OL3759162W,"Fiction, Romance, Contemporary"
OL3759162W,"Revenge, fiction"
OL3759162W,"Stepfamilies, fiction"
OL3759162W,"Inheritance and succession, fiction"
OL54797W,"Man-woman relationships, fiction"
OL54797W,Oral reading
OL54797W,Older people
OL54797W,Ancianos
OL54797W,Novela
OL54797W,Relaciones hombre-mujer
OL54797W,Open Library Staff Picks
OL54797W,American fiction
OL54797W,Aged
OL54797W,Love stories
OL54797W,Oral reading -- Fiction
OL54797W,Older people -- Fiction
OL54797W,North Carolina -- Fiction
OL54797W,Reading Level-Grade 9
OL54797W,Reading Level-Grade 8
OL54797W,Reading Level-Grade 11
OL54797W,Reading Level-Grade 10
OL54797W,Reading Level-Grade 12
OL54797W,"Fiction, romance, historical"
OL54797W,"North Carolina, fiction"
OL54797W,Large type books
OL54797W,Romance fiction
OL54797W,Kärlek
OL54797W,Skönlitteratur
OL54797W,-- North Carolina -- Fiction
OL54797W,"Fiction, romance, general"
OL54797W,Romance
OL54797W,--north carolina--fiction
OL54797W,Oral reading--fiction
OL54797W,Older people--fiction
OL54797W,Ps3569.p363 n68 2004
OL54797W,813.54
OL54797W,Man-woman relationships
OL54797W,Fiction
OL15151758W,"Fiction, Romance, Contemporary"
OL491708W,Fiction
OL491708W,Mail order brides
OL491708W,"Fiction, romance, contemporary"
OL491708W,"Marriage, fiction"
OL491708W,"Montana, fiction"
OL491708W,"Fiction, romance, general"
OL491708W,"Fiction, romance, erotica"
OL491708W,"Fiction, general"
OL491708W,Large type books
OL491708W,"Fiction, romance, erotic"
OL3759296W,"Fiction, Romance, Contemporary"
OL15134433W,"Fiction, Romance, Contemporary"
OL15134433W,"Passion, fiction"
OL15134433W,"Poor women, fiction"
OL15134433W,"Extortion, fiction"
OL15134433W,"Fiction, romance, general"
OL16772684W,Young women
OL16772684W,Businessmen
OL16772684W,Fiction
OL16772684W,"Fiction, romance, erotica"
OL16772684W,"Young women, fiction"
OL16772684W,"Fiction, Romance, Contemporary"
OL16772684W,Romance fiction
OL16772684W,"Fiction, romance, erotic"
OL11762248W,Fiction
OL11762248W,Romance
OL11762248W,"Contemporary"""""
OL11762248W,"Artists, fiction"
OL11762248W,"Fiction, general"
OL3759118W,collectionID:Gbodice_ripper
OL3759118W,"Fiction, romance, general"
OL3759118W,Romance fiction
OL3759118W,"Fiction, general"
OL3759118W,Bodice ripper
OL3759118W,Dark romance
OL3770380W,"Fiction, romance, general"
OL3476056W,"Fiction, romance, general"
OL3476056W,"Fiction, Romance, Contemporary"
OL3845144W,"Fiction, Romance, Contemporary"
OL3771261W,"Fiction, Romance, Contemporary"
OL29046643W,Fiction
OL29046643W,Contemporary Romance
OL29046643W,The Windsors series
OL3498840W,"Fiction, Romance, Contemporary"
OL3498840W,"Fiction, romance, contemporary"
OL111597W,Islas
OL111597W,Brujas
OL111597W,Novela oculta
OL111597W,Mujeres
OL111597W,Abused wives
OL111597W,Massachusetts in fiction
OL111597W,Abused wives in fiction
OL111597W,Women in fiction
OL111597W,Fiction
OL111597W,Open Library Staff Picks
OL111597W,Witches
OL111597W,Ficción
OL111597W,Witches in fiction
OL111597W,Islands
OL111597W,Islands in fiction
OL111597W,Women
OL111597W,"Love stories, American"
OL111597W,Witches -- Fiction
OL111597W,Abused wives -- Massachusetts -- Fiction
OL111597W,Massachusetts -- Fiction
OL111597W,Abused wives -- Fiction
OL111597W,Secrets
OL111597W,FICTION / Romance / General
OL111597W,Esposas maltratadas
OL111597W,"Fiction, romance, paranormal"
OL111597W,"New england, fiction"
OL111597W,"Fiction, occult & supernatural"
OL111597W,"Fiction, romance, paranormal, general"
OL111597W,"Fiction, romance, general"
OL111597W,"Massachusetts, fiction"
OL3476028W,"Fiction, Romance, Contemporary"
OL3476028W,Nannies
OL3476028W,Farmers
OL3518642W,"Fiction, Romance, Contemporary"
OL3518642W,"Fiction, general"
OL3498561W,"Fiction, romance, general"
OL4342692W,"Fiction, Romance, Contemporary"
OL4342692W,"Fiction, romance, general"
OL3775491W,"Fiction, Romance, Contemporary"
OL3775456W,Fiction
OL3775456W,Contemporary Romance
OL3775456W,ranch
OL3775456W,Harlequin Presents
OL3775456W,"Fiction, romance, general"
OL59382W,Fiction
OL59382W,Romance
OL59382W,History
OL59382W,"Fiction, romance, historical"
OL59382W,Large type books
OL59382W,"Fiction, action & adventure"
OL59382W,"Fiction, romance, historical, general"
OL59382W,collectionID:MBodice_ripper
OL15178385W,"Fiction, Romance, Contemporary"
OL15178385W,"Passion, fiction"
OL15178385W,"Rich people, fiction"
OL15178385W,:Mistresses
OL15178385W,"fiction"""
OL15178385W,"Man-woman relationships, fiction"
OL15178385W,"Greeks, fiction"
OL15178385W,"Pregnant women, l fiction"
OL15178385W,"Fiction, romance, erotica"
OL15178385W,"Fiction, romance, general"
OL3519302W,"Fiction, Romance, Contemporary"
OL3457793W,"Fiction, Romance, Contemporary"
OL3457793W,Fiction in English
OL3476072W,"Fiction, Romance, Contemporary"
OL5236250W,"Fiction, Romance, Contemporary"
OL5809096W,"Fiction, Romance, Contemporary"
OL5809096W,"Marriage of convenience, fiction"
OL5809096W,"Fiction, romance, general"
OL59383W,Fiction
OL59383W,Romance
OL59383W,Social life and customs
OL59383W,Manners and customs
OL59383W,Historical Romance
OL59383W,Forced marriage
OL59383W,"Fiction, romance, historical"
OL59383W,Historical fiction
OL59383W,Historical
OL59383W,Love stories
OL59383W,"London (england), fiction"
OL59383W,"Fiction, sagas"
OL59383W,"Fiction, romance, historical, general"
OL59383W,"Fiction, romance, general"
OL59448W,collectionID:Sleazy_pulp
OL59448W,Fiction
OL59448W,Lesbians
OL59448W,Lesbian romance novel
OL59448W,Lesbian love story
OL59448W,Divorce
OL59448W,Child custody
OL59448W,Road trip
OL59448W,"Fiction, action & adventure"
OL59448W,Social conditions
OL59448W,Family relationships
OL59448W,Mothers
OL59448W,Automobile travel
OL59448W,Nineteen fifties
OL59448W,Custody of children
OL59448W,"Lesbians, fiction"
OL59448W,"Fiction, romance, general"
OL59448W,"Fiction, lesbian"
OL59448W,"Fiction, romance, fantasy"
OL59448W,Romance
OL59448W,Lesbian
OL59448W,Media Tie-In
OL59448W,"Fiction, mystery & detective, general"
OL59448W,"Fiction, lgbtq+, lesbian"
OL59448W,"Fiction, lgbtq+, gay"
OL59448W,Classics
OL59448W,Literary
OL59448W,Psychological
OL59448W,English & college success -> english -> fiction
OL59448W,Political science
OL59448W,Early works to 1800
OL59448W,Political ethics
OL59448W,Philosophy
OL59448W,The State
OL59448W,LGBTQ fiction before Stonewall
OL18203673W,Biographers
OL18203673W,Fiction
OL18203673W,"Fiction, general"
OL18203673W,"Hollywood (los angeles, calif.), fiction"
OL18203673W,nyt:trade-fiction-paperback=2021-01-31
OL18203673W,New York Times bestseller
OL18203673W,"Fiction, romance, contemporary"
OL18203673W,Women journalists
OL18203673W,Motion picture actors and actresses
OL18203673W,Motion picture industry
OL18203673W,Biography
OL18203673W,Authorship
OL18203673W,Man-woman relationships
OL18203673W,LGBTQ novels
OL18203673W,Actors and actresses
OL18203673W,Contemporary Women
OL18203673W,Family Life
OL18203673W,Romance
OL18203673W,Contemporary
OL2705658W,Fiction
OL2705658W,romance
OL2705658W,contemprorary
OL2705658W,"Fiction, general"
OL2705658W,"Fiction, romance, general"
OL3773910W,"Fiction, Romance, Contemporary"
OL3773910W,"Passion, fiction"
OL3773910W,"Pregnancy, fiction"
OL27678542W,"Fiction, romance, general"
OL3457907W,"Fiction, Romance, Contemporary, Medical"
OL3457907W,"Marriage, fiction"
OL5236263W,"Fiction, Romance, Contemporary"
OL3476046W,"Fiction, Romance, Contemporary"
OL3476046W,Women teachers
OL11327941W,Fiction
OL11327941W,romance
OL11327941W,inheritance
OL11327941W,disabled
OL11327941W,adultery
OL11327941W,"Fiction, general"
OL11327941W,"Fiction, romance, general"
OL2959247W,"Fiction, Romance, Contemporary"
OL2959247W,"Infants, fiction"
OL2959247W,"Fatherhood, fiction"
OL9265172W,"Fiction, Romance, Contemporary, Modern"
OL9265172W,"Man-woman relationships, fiction"
OL9265172W,"Passion, fiction"
OL4472973W,Fiction
OL4472973W,Contemporary Romance
OL4472973W,Harlequin Romance
OL4412009W,"Fiction, romance, general"
OL11327958W,"Fiction, Romance, Contemporary"
OL11327958W,"Strangers, fiction"
OL11327958W,"Man-woman relationships, fiction"
OL11327958W,"Fiction, romance, billionaires"
OL11327958W,"Fiction, romance, romantic comedy"
OL3457792W,"Fiction, Romance, Contemporary"
OL3457792W,"Love stories, fiction"
OL3759102W,"Fiction, Romance, Contemporary"
OL16245633W,"Fiction, Romance, Contemporary"
OL16245633W,"Marriage, fiction"
OL16245633W,Passion
OL16245633W,Runaway wives
OL16245633W,larger print
OL16245633W,"Fiction, romance, general"
OL16245633W,"Fiction, romance, contemporary"
OL14862438W,"Fiction, Romance, Contemporary"
OL14862438W,"Embezzlement,  fiction"
OL14862438W,"Blackmail, fiction"
OL14862438W,"Man-woman relationships, fiction"
OL3476062W,"Fiction, Romance, Contemporary"
OL3498633W,"Fiction, Romance, Contemporary"
OL3498633W,Fiction in English
OL3498633W,"Bankruptcy, fiction"
OL3498633W,"Business consultant, fiction"
OL3498633W,"Capitalists and financiers, fiction"
OL3759079W,"Fiction, Romance, Contemporary"
OL3458028W,"Fiction, Romance, Contemporary"
OL3458028W,"Man-woman relationships, fiction"
OL10530593W,"Fiction, Romance, Contemporary"
OL10530593W,"Fiction in English"""
OL10530593W,"Fiction, romance, historical, general"
OL2045111W,Fiction
OL2045111W,"Fiction, general"
OL2045111W,"Japan, fiction"
OL2045111W,"Fiction, romance, general"
OL2045111W,Asian literature
OL3771188W,"Fiction, Romance, Contemporary, Passion"
OL3771188W,"Fiction, Romance, Contemporary"
OL3457861W,"Fiction, Romance, Contemporary"
OL3457861W,Vintage Mills & bmBoon
OL3457861W,Sweet Romance
OL3457861W,Fiction in English
OL3475953W,"Fiction, Romance, Contemporary"
OL3475953W,"Inheritance and succession, fiction"
OL3475953W,"New Zealand, fiction"
OL1902482W,"Fiction, Romance, general"
OL1902482W,"Fiction, romance, general"
OL8464993W,"Fiction, Romance, Historical, Regency"
OL8464993W,"Social life and customs, fiction"
OL8464993W,"Manners and customs, fiction"
OL8464993W,"Sisters, fiction"
OL8464993W,Londres (Inglaterra)
OL8464993W,Novela
OL8464993W,Hermanas
OL8464993W,nyt:trade-fiction-paperback=2021-05-16
OL8464993W,New York Times bestseller
OL8464993W,"Marriage, fiction"
OL8464993W,nyt:mass-market-monthly=2022-05-08
OL8464993W,"Man-woman relationsips,, fiction"
OL8464993W,"Fiction, romance, historical, regency & georgian"
OL8464993W,"England, fiction"
OL4996286W,collectionID:bodice_ripper
OL4996286W,"Fiction, romance, historical"
OL4996286W,"Fiction, romance, general"
OL4996286W,"Fiction, romance"
OL4996286W,Bodice Ripper
OL4996286W,Historical Romance
OL4996286W,alpha male
OL4996286W,Romance
OL4996286W,"Fiction, general"
OL3519250W,"Fiction, Romance, Contemporary"
OL11327653W,Fiction
OL11327653W,Romance
OL11327653W,Contemporary
OL11327653W,"Fiction, general"
OL3771184W,"Fiction, Romance, Contemporary"
OL3759019W,"Fiction, Romance, Contemporary"
OL3771259W,"Fiction, Romance, Contemporary"
OL4233143W,"Fiction, Romance, Contemporary"
OL4233143W,"Greeks, fiction"
OL3771282W,"Fiction, Romance, Contemporary"
OL3771282W,"Guardianship, fiction"
OL3457929W,"Fiction, Romance, Contemporary"
OL3457929W,Vintage Mills & Boon
OL3457929W,Sweet romance
OL3457929W,Hospital romance
OL3457929W,"Medical consultants, fiction"
OL3457929W,"Man-woman relationships, fiction"
OL3845157W,"Fiction, Romance, Contemporary"
OL3476081W,"Fiction, Romance, Contemporary"
OL3476081W,Fiction
OL3476081W,romance
OL3476081W,contemporary
OL3476081W,Models (Persons)
OL3476081W,"Fiction, general"
OL15421579W,"Fiction, Romance, Contemporary"
OL4233136W,"Fiction, Romance, Contemporary, Modern"
OL4233136W,"Brothers, fiction"
OL4233136W,"Mate selection, fiction"
OL15121008W,Fiction
OL15121008W,Romance
OL15121008W,Tender Romance
OL15121008W,"Fiction, romance, general"
OL15121008W,"Texas, fiction"
OL15121008W,"Veterinarians, fiction"
OL15121008W,Veterinarians
OL3759057W,"Fiction, Romance, Contemporary"
OL3759057W,"One night stand, fiction"
OL3759057W,"Revenge, fiction"
OL3759057W,"Sexual harassment,  fiction"
OL3759057W,"Publishing, fiction"
OL3759057W,"Authors, fiction"
OL3759057W,"Fiction, thrillers, suspense"
OL25960186W,"Fiction, romance, contemporary"
OL25960186W,RomCom
OL3476067W,Fiction
OL3476067W,romance
OL3476067W,contemporary
OL111440W,Domestic fiction
OL111440W,Brothers
OL111440W,Romance
OL111440W,Chesapeake Bay Saga
OL111440W,Contemporary Romance
OL111440W,Women's Fiction
OL111440W,Fiction
OL2959327W,"Fiction, Romance, Contemporary"
OL2959327W,"Marriage, fiction"
OL4092569W,"Fiction, Romance, Historical, Regency"
OL4092569W,Love stories
OL4092569W,History
OL4092569W,"Great Britain, fiction"
OL4092569W,English fiction
OL4092569W,Heiresses
OL4092569W,Female friendship
OL4092569W,Guardian and ward
OL4092569W,Runaway women
OL4092569W,American Historical fiction
OL4092569W,Fiction
OL4092569W,Romance fiction
OL3759294W,"Fiction, Romance, Contemporary"
OL3759294W,"Inheritance and succession,  fiction"
OL3759294W,"Ranchers, fiction"
OL3467523W,"Fiction, Romance, Contemporary, Modern"
OL3467523W,"Passion, fiction"
OL3467523W,"Nerves, peripheral, fiction"
OL59384W,"Fiction, Romance, Historical, Fiction in English"
OL59384W,Love stories
OL59384W,Passion
OL59384W,Large type books
OL59384W,"Fiction, general"
OL59384W,"Fiction, romance, historical, general"
OL59384W,Eighteenth century
OL59384W,Fiction
OL11327969W,"Fiction, Romance, Contemporary"
OL8315275W,Fiction
OL8315275W,Contemporary Romance
OL8315275W,Harlequin Romance
OL8315275W,Today's Woman series
OL8315275W,"Fiction, romance, contemporary"
OL8433267W,Romance fiction
OL8433267W,Fiction in English
OL97176W,Love stories
OL97176W,Davis family (Fictitious characters : Oke)
OL97176W,Love
OL97176W,Fiction
OL97176W,Marriage
OL97176W,Women pioneers
OL97176W,"Fiction, christian, western"
OL97176W,"Fiction, christian, romance"
OL97176W,"Frontier and pioneer life, fiction"
OL97176W,Large type books
OL97176W,Christian life
OL97176W,historical romance
OL97176W,"Fiction, christian, romance, general"
OL97176W,"Fiction, romance, historical, general"
OL17884509W,"Fiction, Romance, Contemporary"
OL17884509W,"Man-woman relationships, fiction"
OL17884509W,"Greeks, fiction"
OL17884509W,"Tycoons, fiction"
OL17884509W,"Fiction, romance, general"
OL3498562W,Romance
OL3498562W,Passion
OL3498562W,Fiction
OL3498562W,"Fiction, romance, general"
OL3498562W,"Married people, fiction"
OL3498562W,Large type books
OL66554W,"Fiction, Romance, Historical, Regency"
OL66554W,British and Irish fiction (fictional works by one author)
OL66554W,Brothers and sisters
OL66554W,Courtship
OL66554W,Drama
OL66554W,English fiction
OL66554W,English literature
OL66554W,Families
OL66554W,Family
OL66554W,Family life
OL66554W,Family relations
OL66554W,Fiction Classics
OL66554W,History
OL66554W,Interpersonal relations
OL66554W,Literary Fiction
OL66554W,Love stories
OL66554W,manners
OL66554W,Manners and customs
OL66554W,marriage
OL66554W,Sisters
OL66554W,Social classes
OL66554W,Social life and customs
OL66554W,Upper class
OL66554W,wealth
OL66554W,Women in England
OL66554W,young ladies
OL66554W,Young women
OL66554W,entail
OL66554W,"Young women, fiction"
OL66554W,"Sisters, fiction"
OL66554W,"Fiction, family life, general"
OL66554W,"England, fiction"
OL66554W,"Man-woman relationships, fiction"
OL66554W,Roman anglais
OL66554W,Classes sociales
OL66554W,"Romans, nouvelles"
OL66554W,Sœurs
OL66554W,Amours
OL66554W,Jeunes femmes
OL66554W,Familles
OL66554W,"Mœurs et coutumes"""
OL66554W,Clases sociales
OL66554W,Novela
OL66554W,Jóvenes (Mujeres)
OL66554W,Cortejo amoroso
OL66554W,Hermanas
OL66554W,Cuentos de amor
OL66554W,"Fiction, coming of age"
OL66554W,"Fiction, romance, general"
OL66554W,"Great britain, social life and customs, fiction"
OL66554W,Readers
OL66554W,Prejudices
OL66554W,Romance fiction
OL66554W,Historical fiction
OL66554W,Classical literature
OL66554W,Domestic fiction
OL66554W,"English language, textbooks for foreign speakers"
OL66554W,"Women, fiction"
OL66554W,Adaptations
OL66554W,Gentry
OL66554W,Mate selection
OL66554W,"Fiction, romance, historical, general"
OL66554W,English literature (collections)
OL66554W,Coloring books
OL66554W,"Fiction, family life"
OL66554W,"Language and languages, study and teaching"
OL66554W,Emoticons
OL66554W,Drama (dramatic works by one author)
OL66554W,Feelings
OL66554W,Class
OL66554W,Englisch
OL66554W,Roman
OL66554W,Sociala klasser i litteraturen
OL66554W,Prophecies
OL66554W,Great britain
OL66554W,Reading level-grade 7
OL66554W,Reading level-grade 9
OL66554W,Reading level-grade 8
OL66554W,Reading level-grade 11
OL66554W,Reading level-grade 10
OL66554W,Reading level-grade 12
OL66554W,Large type books
OL66554W,"Fiction, romance, historical"
OL66554W,"Austen, jane, 1775-1817"
OL66554W,Literature and fiction (general)
OL66554W,"English literature, history and criticism"
OL66554W,England
OL66554W,Художественная литература -- Великобритания -- Английская литература -- 1-ая пол. 19 в. -- Романы
OL66554W,Novel
OL66554W,Fiction
OL66554W,Long Now Manual for Civilization
OL66554W,Elizabeth Bennet (Fictitious character)
OL66554W,Fitzwilliam Darcy (Fictitious character)
OL66554W,"Pride and prejudice (Austen, Jane)"
OL66554W,Mr. Collins (Fictitious character)
OL3771313W,"Fiction, Romance, Contemporary"
OL3754925W,"Fiction, Romance, Contemporary"
OL7990769W,"Fiction, Romance, Contemporary"
OL5236262W,"Fiction, Romance, Contemporary"
OL3771088W,"Fiction, Romance, Contemporary"
OL3771088W,"Passion, fiction"
OL3771088W,"Greeks, fiction"
OL3771088W,"Marriage, fiction"
OL3771088W,"Separation, fiction"
OL3771088W,"Pregnancy, fiction"
OL3771088W,"Married people, fiction"
OL11327984W,"Fiction, Romance, Contemporary"
OL11327984W,"Love stories, fiction"
OL16023738W,"Fiction, Romance, Contemporary"
OL16023738W,"Mistresses, fiction"
OL16023738W,"Librarians, fiction"
OL16023738W,"Seduction, fiction"
OL16023738W,"Catalogers, fiction"
OL16023738W,"Virgins, fiction"
OL16023738W,"Fiction, romance, erotica"
OL16023738W,"Passion, fiction"
OL109410W,Vampires
OL109410W,Fiction
OL109410W,"Fiction, romance, fantasy"
OL109410W,"Vampires, fiction"
OL109410W,"Fiction, occult & supernatural"
OL109410W,"Fiction, romance, general"
OL109410W,"Fiction, romance, collections & anthologies"
OL3467508W,"Fiction, romance, contemporary fiction in english"
OL24156651W,"Fiction, romance, erotica"
OL24156651W,"Man-woman relationships, fiction"
OL24156651W,"Erotic stories, fiction"
OL3845162W,"Fiction, Romance, Contemporary"
OL3845162W,"Inheritance and succession, fiction"
OL3845162W,Inheritance and succession
OL3845162W,Fiction
OL20824826W,Young adult romance
OL20824826W,contemporary romance
OL20824826W,new adult romance
OL20824826W,forbidden love
OL20824826W,second chance romance
OL20824826W,first love
OL20824826W,love triangle
OL20824826W,grief
OL20824826W,loss
OL20824826W,healing
OL20824826W,forgiveness
OL20824826W,redemption
OL20824826W,nyt:young-adult-paperback-monthly=2023-10-08
OL20824826W,New York Times bestseller
OL20824826W,Children's fiction
OL20824826W,"Adolescence, fiction"
OL20824826W,"Death, fiction"
OL3476086W,"Fiction, Romance, Contemporary"
OL3294280W,"Fiction, Romance, Contemporary"
OL3294280W,Văn học
OL2959347W,"Fiction, Romance, Contemporary"
OL3775422W,"Fiction, romance, contemporary"
OL3775422W,"Fiction, general"
OL3775422W,"Fiction, romance, general"
OL3773890W,"Fiction, Romance, Contemporary"
OL3773890W,Royalty
OL3773890W,Gulf state
OL3773890W,Mistress
OL3773890W,South of France
OL3773890W,Arab
OL3773890W,Large type books
OL3773890W,"Man-woman relationships,  fiction"
OL3773890W,"Brothers and sisters, fiction"
OL3773890W,"Revenge, fiction"
OL3773890W,"Marriage,  fiction"
OL3773890W,"Billionaires, fiction"
OL3773890W,Separated people
OL3773890W,Pregnant women
OL3773890W,"Fiction, romance, erotica"
OL3773890W,"Fiction, romance, erotic"
OL3773890W,Kings and rulers
OL3771258W,"Fiction, Romance, Contemporary"
OL4092689W,"Fiction, Romance, Historical"
OL4092689W,Social life and customs
OL4092689W,Aristocracy (Social class)
OL4092689W,Open Library Staff Picks
OL4092689W,Marriage proposals
OL4092689W,Nobility
OL4092689W,History
OL4092689W,"Fiction, romance, historical, general"
OL4092689W,"Fiction, mystery & detective, general"
OL4092689W,"Fiction, general"
OL4092689W,Fiction
OL16772680W,"Fiction, Romance, Contemporary"
OL16772680W,"Sex in the workplace, fiction"
OL16772680W,"Man-woman relationships, fiction"
OL16772680W,"Secretaries, fiction"
OL16772680W,"Fiction, romance, erotica"
OL16772680W,"Pregnancy, fiction"
OL3773927W,"Fiction, Romance,  Contemporary"
OL3773927W,"Passion, fiction"
OL3773927W,"Marriage, fiction"
OL3773927W,"Greeks,  fiction"
OL3773927W,Sister Brides series
OL3773927W,venture capital
OL3457710W,"Fiction, Romance, Contemporary"
OL3457710W,Tender Romance
OL3457710W,"Physicians, fiction"
OL2959302W,"Fiction, Romance, Contemporary"
OL2959302W,"Secretaries, fiction"
OL2959302W,"Australia, fiction"
OL2959302W,"Man-woman relationships, fiction"
OL2705595W,Fiction
OL2705595W,Romance
OL15177089W,Fiction
OL15177089W,Passion
OL15177089W,Romance
OL15177089W,"Fiction, romance, general"
OL15177089W,"Marriage, fiction"
OL15177089W,Love stories
OL15177089W,Large type books
OL15177089W,Romance fiction
OL3759337W,"Fiction, Romance, Contemporary"
OL3759337W,"Marriage, fiction"
OL3759337W,"Fiction, romance, erotica"
OL5236240W,"Fiction, Romance, Contemporary"
OL11327967W,"Fiction, Romance, Contemporary"
OL11327967W,"Fiction, general"
OL11327967W,Large type books
OL11327967W,Romance fiction
OL5236235W,"Fiction, Romance, Contemporary"
OL5236235W,Fiction in English
OL3457643W,"Fiction, Romance, Contemporary"
OL3457643W,"Man-woman relationships, fiction"
OL3457643W,"Emotional abuse, fiction"
OL3457673W,"Fiction, Romance, Contemporary"
OL3457673W,Vintage Mills & Boon
OL3457673W,Sweet Romance
OL3457673W,Fiction in English
OL3457673W,English Romance fiction
OL3759325W,"Fiction, Romance, Contemporary"
OL3759317W,"Fiction, Romance, Contemporary"
OL17381610W,"Fiction, Romance, Contemporary, Modern"
OL17381610W,"Billionaires, fiction"
OL17381610W,"Man-woman relationships, fiction"
OL17381610W,"Fiction, romance, erotica"
OL17381610W,Interns
OL17381610W,"Fmfiction"""
OL17381610W,"Fiction, romance, general"
OL15137653W,"Fiction, Romance, Contemporary"
OL17864836W,Romance literature
OL17864836W,New York Times reviewed
OL17864836W,"Fiction, dystopian"
OL17864836W,Dystopias
OL17864836W,Dystopies
OL17864836W,Horror
OL17864836W,Fiction
OL17864836W,Science Fiction
OL17864836W,Thriller
OL17864836W,Cannibalism
OL24341413W,Young Adult Fiction
OL24341413W,Contemporary Romance
OL24341413W,Mystery
OL24341413W,Thrillers
OL24341413W,Suspense
OL24341413W,Enemies to Lovers
OL24341413W,Teen Romance
OL24341413W,BookTok
OL20901884W,American literature
OL20901884W,Romance
OL20901884W,Historical Fiction
OL20901884W,Fiction
OL20901884W,Contemporary
OL20901884W,Contemporary Romance
OL20901884W,Historical
OL20901884W,Historical Romance
OL137163W,"Fiction, Romance, Historical"
OL26949W,"Fiction, Romance, Historical"
OL26949W,"Man-woman relationships, fiction"
OL213273W,"Fiction, general"
OL213273W,Fiction
OL213273W,"Romans, nouvelles"
OL213273W,mystery
OL213273W,romantic suspense
OL213273W,Mystery and detective stories
OL213273W,"Fiction, romance, suspense"
OL213273W,"Greece, fiction"
OL213273W,Romance - General
OL213273W,Romance: Gothic
OL213273W,Fiction - Romance
OL213273W,"Fiction, thrillers, general"
OL3759059W,"Fiction, Romance, Contemporary"
OL3759059W,"Photography,  fiction"
OL3759059W,"Computer programming, fiction"
OL3759059W,"Photographers, fiction"
OL3759059W,"Marriage proposals, fiction"
OL3759059W,"Man-woman relationships, fiction"
OL4084691W,Fiction in English
OL4084691W,Love stories
OL4084691W,Families
OL4084691W,Marriage
OL4084691W,Romance
OL4084691W,Fiction
OL3775438W,"Fiction, romance, general"
OL152331W,"Fiction, Romance, Historical, Regency"
OL152331W,collectionID:bodice_ripper
OL152331W,"London (England), fiction"
OL152331W,"Marriage, fiction"
OL468431W,"Married people, fiction"
OL468431W,American fiction (fictional works by one author)
OL468431W,"Fiction, psychological"
OL468431W,"Long island (n.y.), fiction"
OL468431W,Fiction
OL468431W,Rich people
OL468431W,Mistresses
OL468431W,Married women
OL468431W,Traffic accidents
OL468431W,First loves
OL468431W,Revenge
OL468431W,American Manuscripts
OL468431W,Facsimiles
OL468431W,Manuscripts
OL468431W,"Antiheroes, l fiction"
OL468431W,"Man-woman relationships, fiction"
OL468431W,Upper class
OL468431W,American literature
OL468431W,"Young adult fiction, comics & graphic novels, classic adaptation"
OL468431W,"Young adult fiction, social themes, class differences"
OL468431W,"Young adult fiction, classics"
OL468431W,"Fiction, historical,  New york (n.y.)"
OL468431W,"fiction"""
OL468431W,"Comic books, strips"
OL468431W,Love
OL468431W,YOUNG ADULT FICTION
OL468431W,Comics & Graphic Novels
OL468431W,Classic Adaptation
OL468431W,Social Themes
OL468431W,Class Differences
OL468431W,Historical
OL468431W,Literary
OL468431W,Rich
OL468431W,Criticism and interpretation
OL468431W,Drama
OL468431W,Modern fiction
OL468431W,Classics
OL468431W,Literature
OL468431W,Open Library Staff Picks
OL468431W,Wealth
OL468431W,Readers
OL468431W,Economic conditions
OL468431W,American fiction
OL468431W,Social life and customs
OL468431W,Long Now Manual for Civilization
OL468431W,Fictional Works Publication Type
OL468431W,Rich people -- Fiction
OL468431W,Romance fiction
OL468431W,Long Island (N.Y.) -- Fiction
OL468431W,Psychological fiction
OL468431W,Love stories
OL468431W,Novela
OL468431W,Relaciones hombre-mujer
OL468431W,Spanish language materials
OL468431W,Nouveau riche
OL468431W,Reading Level-Grade 11
OL468431W,Reading Level-Grade 12
OL468431W,FICTION / General
OL468431W,Moral conditions
OL468431W,Manners and customs
OL468431W,"Fitzgerald, f. scott (francis scott), 1896-1940"
OL468431W,Large type books
OL468431W,Nineteen twenties
OL468431W,English fiction
OL468431W,"New york (state), fiction"
OL468431W,Wives
OL468431W,Relations entre hommes et femmes
OL468431W,"Romans, nouvelles"
OL468431W,Classes supérieures
OL468431W,Nouveaux riches
OL468431W,Premier amour
OL468431W,Riches
OL468431W,Maîtresses
OL468431W,Vengeance
OL468431W,Roman américain
OL468431W,Textual Criticism
OL468431W,"Great Gatsby (Fitzgerald, F. Scott)"
OL468431W,Romance Norte Americano
OL468431W,"Fiction, friendship"
OL468431W,"Fiction, classics"
OL468431W,Adultery
OL468431W,Accidents de la route
OL468431W,Millionaires
OL468431W,American Dream
OL468431W,Millionnaires
OL468431W,Rêve américain
OL468431W,Années vingt (Vingtième siècle)
OL468431W,Tránsito
OL468431W,Accidentes
OL468431W,Mujeres casadas
OL468431W,Primer amor
OL468431W,Cuentos de amor
OL468431W,"Fiction, city life"
OL468431W,"Fiction, romance, historical, american"
OL468431W,"Fiction, romance, historical, 20th century"
OL468431W,"Fiction, historical, world war i"
OL468431W,Traffic accidents--Fiction
OL468431W,First loves--Fiction
OL468431W,Rich people--Fiction
OL468431W,Mistresses--Fiction
OL468431W,Revenge--Fiction
OL468431W,Long Island (N.Y.)--Fiction
OL468431W,Novel
OL468431W,"American fiction (collections), 20th century"
OL468431W,"Fiction, action & adventure"
OL468431W,Translations into Chinese
OL468431W,"American literature, history and criticism, 19th century"
OL468431W,Chang pian xiao shuo
OL468431W,New York (State)
OL468431W,First loves -- Fiction
OL468431W,Rich people -- New York (State) -- New York -- Fiction
OL468431W,New York (State) -- Long Island
OL468431W,New York (State) -- New York
OL468431W,Fictional works [publication type]
OL468431W,Man-woman relationships--new york (state)--long island--fiction
OL468431W,Upper class--new york (state)--long island--fiction
OL468431W,Ps3511.i9 g7 1995b
OL468431W,813/.52
OL468431W,"Fiction, general"
OL468431W,"Fiction, romance, general"
OL468431W,Man-woman relationships
OL468431W,Romance
OL468431W,"Fiction, historical"
OL26345722W,Romance
OL26345722W,Fake Dating
OL26345722W,Enemies to Lovers
OL26345722W,Spicy
OL26345722W,Slow Burn
OL26345722W,Contemporary
OL26345722W,Summer Reads
OL26345722W,Office Romance
OL26345722W,New Adult & College
OL26345722W,Cute
OL26345722W,Hate to Love
OL26345722W,Romantic Comedy
OL26345722W,Fake Relationship
OL26345722W,Travel
OL26345722W,Literature & Fiction
OL26345722W,Adult Romance
OL3759186W,"England, fiction"
OL3759186W,"London (england), fiction"
OL3759186W,"Fiction, romance, general"
OL3759186W,"Fiction, romance, contemporary"
OL3759186W,Revenge
OL3759186W,Fiction
OL3759186W,"Fiction, romance, suspense"
OL3771308W,"Fiction, Romance, Contemporary"
OL3771308W,"Fiction, Romance, Contemporary'"
OL3775505W,"Fiction, romance, general"
OL4228753W,"Fiction, Romance, Contemporary"
OL460942W,"Fiction, Romance, Contemporary"
OL460942W,"Fiction, romance, general"
OL3476063W,"Fiction, Romance, Contemporary"
OL3476063W,New Zealand fiction
OL3476063W,"Fiction, general"
OL3775497W,"Fiction, Romance, Contemporary"
OL3775497W,"Fiction, romance, general"
OL17383307W,"Fiction, Romance, Contemporary"
OL17383307W,"Marriage, fiction"
OL17383307W,"Separated people, fiction"
OL17383307W,"Man-woman relationships, fiction"
OL17383307W,"Fiction, romance, erotica"
OL17383307W,Cuentos de amor
OL17383307W,Novela
OL17383307W,Relaciones hombre-mujer
OL17383307W,"Married people, fiction"
OL17383307W,"Love stories, fiction"
OL264676W,Classic Literature
OL264676W,Fiction
OL264676W,Erotic literature
OL264676W,Sex customs
OL264676W,English Erotic literature
OL264676W,Sex
OL264676W,Pornography
OL264676W,Sex addiction
OL264676W,"Fiction, erotica, general"
OL264676W,Sex addicts
OL264676W,Biography
OL264676W,"Fiction, erotica"
OL264676W,"Great britain, fiction"
OL264676W,General
OL264676W,Poetry
OL264676W,Biography/Autobiography
OL264676W,Erotica
OL264676W,Fiction - Adult
OL264676W,Immoral Literature
OL264676W,"Literature, Immoral"
OL264676W,My secret life
OL264676W,Passion
OL264676W,Romance
OL264676W,Romance fiction
OL264676W,"Fiction, romance, general"
OL264676W,"Fiction, romance, suspense"
OL264676W,"Fiction, romance, erotica"
OL264676W,"Fiction, romance, erotic"
OL264676W,Seksualiteit
OL3519244W,"Fiction, Romance, Contemporary"
OL19713513W,Death
OL19713513W,Romance fiction
OL19713513W,Gay men
OL19713513W,Adventure and adventurers
OL19713513W,Juvenile fiction
OL19713513W,Fiction
OL19713513W,Hispanic Americans
OL19713513W,Gays
OL19713513W,Love
OL19713513W,Friendship
OL19713513W,Children's fiction
OL19713513W,"Death, fiction"
OL19713513W,"Friendship, fiction"
OL19713513W,"Love, fiction"
OL19713513W,"Adventure and adventurers, fiction"
OL19713513W,"Hispanic americans, fiction"
OL19713513W,"New york (n.y.), fiction"
OL19713513W,"Homosexuality, fiction"
OL19713513W,LGBTQ young adult
OL19713513W,New York Times bestseller
OL3519319W,"Fiction, Romance, Contemporary"
OL3775464W,Hotelkeepers
OL3775464W,Fiction
OL3775464W,Women singers
OL3775464W,"Fiction, romance, general"
OL3845082W,"Fiction, Romance, Contemporary"
OL3845082W,"Marriage, fiction"
OL3845082W,"Fiction, romance, general"
OL21370801W,Series:Hades-x-Persephone
OL21370801W,"Fiction, romance, general"
OL21370801W,"Fiction, erotica, general"
OL21370801W,Fantasy
OL21370801W,"Fiction, fantasy, general"
OL21370801W,Romance
OL21370801W,Mythology
OL21370801W,Romantasy
OL21370801W,Greek Mythology
OL21370801W,Retellings
OL21370801W,Fantasy Romance
OL21370801W,Fiction
OL21370801W,Dark Romance
OL16477332W,"Fiction, Romance, Contemporary"
OL16477332W,"Traditional marriage customs, fictuon"
OL16477332W,"Arranged marriages, fiction"
OL3759488W,"Fiction, Romance, Contemporary"
OL3759488W,"Fiction, general"
OL17443847W,"Fiction, Romance, Contemporary"
OL17443847W,"Ex-convicts, fiction"
OL17443847W,"Man-woman relationships, fiction"
OL17443847W,"Revenge, fiction"
OL17443847W,"Fiction, romance, erotica"
OL17443847W,"Fiction, romance, erotic"
OL3457787W,"Fiction, Romance, Contemporary"
OL4689724W,Romance
OL4689724W,Passion
OL4689724W,Fiction
OL4689724W,"Fiction, romance, contemporary"
OL4689724W,"Fiction, romance, general"
OL8164704W,"Fiction, Romance, Historical, Regency"
OL8164704W,"Fiction, general"
OL8164704W,"Fiction, romance, general"
OL8164704W,Fiction
OL8164704W,Romance
OL8164704W,Historical
OL8164704W,Regency
OL8164704W,clean romance
OL8164704W,"Fiction, romance, historical, general"
OL33714553W,"Fiction, Romance, Contemporary"
OL33714553W,Fiction in English
OL18027245W,Romance fiction
OL18027245W,Fiction
OL3475987W,Fiction
OL3475987W,romance
OL15714082W,Romantic fiction
OL15714082W,"Fiction, romance, general"
OL17733454W,"Fiction, Romance, Contemporary, Modern"
OL17733454W,"Rich people, fiction"
OL17733454W,"Greeks, fiction"
OL17733454W,"Man-woman relationships, fiction"
OL17733454W,"Virgins, fiction"
OL17733454W,"Passion,  fiction"
OL17733454W,"Vendetta, fiction"
OL17733454W,"Fiction, romance, erotica"
OL17862825W,"Fiction, Romance, Contemporary"
OL17862825W,"Ranchers, fiction"
OL17862825W,"Billionaires, fiction"
OL3754810W,"Fiction, Romance, Contemporary"
OL3771209W,"Fiction, Romance, Contemporary"
OL3476070W,"Fiction, Romance, Contemporary"
OL16310814W,collectionID:CDarkromance
OL16310814W,"Young women, fiction"
OL16310814W,"Fiction, romance, contemporary"
OL11327964W,"Fiction, Romance, Contemporary"
OL11327964W,"Fiction, general"
OL7664479W,"Fiction, Romance, Contemporary"
OL7664479W,Passion
OL7664479W,"Fiction, romance, general"
OL3770452W,Romance
OL3770452W,Fiction
OL3770452W,Harlequin
OL3770452W,Failed marriage
OL3775436W,"Fiction, Romance, Contemporary"
OL3775436W,"Married people, fiction"
OL3775436W,"Marriage, fiction"
OL3775436W,"Billionaires, fiction"
OL3775436W,"Romantic comedy, fiction"
OL3775436W,Marriage
OL3775436W,Fiction
OL3775436W,Married people
OL3775436W,"Fiction, romance, general"
OL16550681W,"Sexual dominance and submission, fiction"
OL16550681W,"Man-woman relationships, fiction"
OL16550681W,Relaciones hombre-mujer
OL16550681W,Ficción
OL16550681W,Sadomasoquismo
OL16550681W,Cuentos eróticos
OL16550681W,Contemporary Women
OL16550681W,Businesspeople
OL16550681W,Romance
OL16550681W,Erotic fiction
OL16550681W,Novela
OL16550681W,Erotica
OL16550681W,Choice (Psychology)
OL16550681W,Love stories
OL16550681W,"Fiction, erotica, general"
OL16550681W,"Fiction, erotica"
OL16550681W,nyt:trade-fiction-paperback=2012-03-25
OL16550681W,New York Times bestseller
OL16550681W,Ana Steele (Fictitious character)
OL16550681W,Christian Grey (Fictitious character)
OL16550681W,"Fiction, romance, erotica"
OL16550681W,"Fiction, romance, general"
OL16550681W,College students
OL16550681W,Erotic stories
OL16550681W,Vietnamese language materials
OL16550681W,Literatura erótica
OL16550681W,Literatura europea
OL16550681W,Literatura inglesa
OL16550681W,Novela erótica
OL16550681W,Novela inglesa
OL3771069W,"Fiction, Romance, Contemporary"
OL2959231W,"Fiction, Romance, Contemporary, Modern"
OL2959231W,"Passion, fiction, Italy"
OL2959231W,"fiction"""
OL8559418W,"Fiction, Romance, Contemporary"
OL8559418W,"Fiction, romance, contemporary"
OL26935W,"Fiction, Romance, Historical"
OL4092578W,Open Library Staff Picks
OL4092578W,Fiction
OL4092578W,Romance
OL4092578W,Historical Fiction
OL4092578W,"Fiction, romance"
OL4092578W,Large print books
OL4092578W,"Fiction, romance, regency"
OL4092578W,"England, fiction"
OL4092578W,"Fiction, historical"
OL4092578W,"Fiction, romance, contemporary"
OL4092578W,"Fiction, romance, historical, regency"
OL4092578W,Young women
OL4092578W,Nobility
OL4092578W,Social life and customs
OL4233176W,Large type books
OL4233176W,"Fiction, general"
OL4233176W,"Fiction, romance, contemporary"
OL11327996W,"Fiction, Romance, Contemporary"
OL11327996W,"Fiction, romance, general"
OL4092688W,"Fiction, Romance, Historical, Regency"
OL4092688W,"Stepdaughters, fiction"
OL4092688W,Open Library
OL3457919W,"Fiction, Romance, Contemporary"
OL15600W,CollectionID:bodice_ripper
OL15600W,"Fiction, Romance, Historical"
OL15600W,"Egypt, fiction"
OL15600W,Romance fiction
OL15600W,Fiction
OL15600W,History
OL15600W,"Romans, nouvelles"
OL15600W,Histoire
OL15600W,Historical romance
OL15600W,bodice ripper
OL15600W,alpha male
OL17924222W,"Fiction, Romance, Contemporary, Modern"
OL17924222W,"Mistresses,  fiction"
OL17924222W,"Man-woman relationships, fiction"
OL17924222W,"Seduction, fiction"
OL17924222W,"Greeks, fiction"
OL17924222W,"Divorced men, fiction"
OL17924222W,"Fiction, romance, general"
OL29330646W,Romance
OL29330646W,contemporary romance
OL29330646W,forbidden romance
OL29330646W,billionaire romance
OL29330646W,opposites attract
OL29330646W,enemies to lovers
OL29330646W,steamy romance
OL29330646W,alpha male
OL29330646W,strong female lead
OL29330646W,angst
OL29330646W,hurt/comfort
OL29330646W,redemption
OL29330646W,New York Times bestseller
OL29330646W,"Fiction, romance, general"
OL29330646W,Serie:Kings_of_Sin
OL15435078W,Fiction
OL15435078W,romance
OL16478203W,"Fiction, Romance, Historical"
OL16478203W,"Regency"""
OL16478203W,Large type books
OL16478203W,"Fiction, romance, historical, regency"
OL16478203W,"Fiction, historical, general"
OL16478203W,"Fiction, romance, general"
OL3519296W,"Fiction, Romance, Contemporary"
OL11277284W,"Fiction, Romance, Contemporary"
OL11277284W,"Married people,  fiction"
OL11277284W,"Man-woman relationships, fiction"
OL11277284W,"Great Britain, fiction"
OL20924915W,Monsters -- Fiction
OL20924915W,Magic -- Fiction
OL20924915W,Orphans -- Fiction
OL20924915W,Fantasy
OL20924915W,First Person (Point of View)
OL20924915W,Magic
OL20924915W,Monsters
OL20924915W,Fantasy fiction
OL20924915W,Juvenile fiction
OL20924915W,Orphans
OL20924915W,Fiction
OL20924915W,Children's fiction
OL20924915W,"Magic, fiction"
OL20924915W,"Monsters, fiction"
OL20924915W,"Orphans, fiction"
OL20924915W,Series:Shadow-and-Bone
OL20924915W,High Fantasy
OL20924915W,Imaginary wars and battles
OL20924915W,Paranormal
OL20924915W,Romance
OL20924915W,Romance fiction
OL20924915W,Young Adult
OL20924915W,Young Adult Fantasy
OL20924915W,Series:Grishaverse
OL3773986W,"Fiction, Romance, Contemporary"
OL3773986W,"Premarital sex, fiction"
OL3773986W,"Unmarried mothers, fiction"
OL3773986W,"Passion, fiction"
OL3773986W,"Single mothers, fiction"
OL3773986W,"Brides, fiction"
OL3773986W,"Greeks, fictIon"
OL3498631W,"Fiction, Romance, Contemporary"
OL3498631W,"Companionate marriage, fiction"
OL3498631W,"Greeks, fiction"
OL3498631W,"Businessmen, fiction"
OL3498631W,"Businesswomen, fiction"
OL3498631W,"Spouses, fiction"
OL3498631W,"Mistresses, fiction"
OL3498631W,"Pregnancy,  fiction"
OL3498631W,"Reconciliation, fiction"
OL3498631W,"Fiction, romance, general"
OL17716925W,Fiction
OL17716925W,Science fiction
OL17716925W,Extraterrestrial beings
OL17716925W,Interplanetary voyages
OL17716925W,"Fiction, science fiction, general"
OL17716925W,LGBTQ science fiction & fantasy
OL17716925W,Space warfare
OL17716925W,Action & Adventure
OL17716925W,Romance
OL17716925W,LGBT
OL17716925W,Space Opera
OL3771260W,"Fiction, Romance, Contemporary"
OL77748W,College students
OL77748W,Friendship
OL77748W,Universities and colleges
OL77748W,Fiction
OL77748W,Juvenile fiction
OL77748W,College stories
OL77748W,Orphans
OL77748W,History
OL77748W,Children's fiction
OL77748W,"Shirley, anne (fictitious character), fiction"
OL77748W,"Prince edward island, fiction"
OL77748W,"Universities and colleges, fiction"
OL77748W,"Orphans, fiction"
OL77748W,"Interpersonal relations, fiction"
OL77748W,"Canada, history, fiction"
OL77748W,"Nova scotia, fiction"
OL77748W,"Self-perception, fiction"
OL77748W,"Fiction, general"
OL77748W,"Fiction, romance, general"
OL3457776W,"Fiction, Romance, Contemporary"
OL3457776W,"Young women, fiction"
OL3457776W,"Mate selection, fiction"
OL3759345W,"Fiction, Romance, Contemporary"
OL3759345W,"Kidnapping, fiction"
OL3759345W,"Businessmen, fiction"
OL3759345W,"Retail trade, fiction"
OL3759345W,"Single mothers, fiction"
OL4273165W,Romance
OL4273165W,Passion
OL4273165W,Fiction
OL4273165W,"Fiction, romance, general"
OL28708075W,Fantasy
OL28708075W,young adult
OL28708075W,dark fantasy
OL28708075W,romance
OL28708075W,faeries
OL28708075W,enemies to lovers
OL28708075W,political intrigue
OL28708075W,betrayal
OL28708075W,redemption
OL28708075W,"Fiction, romance, general"
OL28708075W,"Fiction, romance, contemporary"
OL5236205W,"Fiction, Romance, Contemporary"
OL5236205W,Fiction in English
OL21703979W,"Fiction, romance, fantasy"
OL21703979W,"Fiction, fantasy, epic"
OL21703979W,"Fiction, fantasy, romance"
OL21703979W,nyt:combined-print-and-e-book-fiction=2021-03-07
OL21703979W,New York Times bestseller
OL21703979W,collectionID:EanesChallenge
OL21703979W,collectionID:AlpineChallenge
OL21703979W,nyt:trade-fiction-paperback=2022-09-25
OL21703979W,series:A_Court_of_Thorns_and_Roses
OL21703979W,Imaginary wars and battles
OL21703979W,Fiction
OL21703979W,Women spies
OL21703979W,Fairies
OL21703979W,Magic
OL21703979W,Courts and courtiers
OL21703979W,FICTION / Fantasy / Romantic
OL21703979W,FICTION / Fantasy / Action & Adventure
OL21703979W,FICTION / Romance / Fantasy
OL21703979W,Monsters
OL4233142W,Large type books
OL4233142W,"Fiction, romance, contemporary"
OL17886378W,Love & Romance
OL17886378W,Extraterrestrial beings
OL17886378W,Fantasy & Magic
OL17886378W,Fiction
OL17886378W,Triangles (Interpersonal relations)
OL17886378W,Bakers
OL17886378W,Romance fiction
OL17886378W,Characters and characteristics in literature
OL17886378W,Characters in literature
OL17886378W,Love
OL17886378W,Juvenile fiction
OL17886378W,Fantasy
OL17886378W,Characters
OL17886378W,Mothers and daughters
OL17886378W,Courtship
OL17886378W,Characters and characteristics
OL17886378W,YOUNG ADULT FICTION / Romance / General
OL17886378W,JUVENILE FICTION / Love & Romance
OL17886378W,JUVENILE FICTION / Fantasy & Magic
OL17886378W,YOUNG ADULT FICTION / Fantasy / General
OL17886378W,YOUNG ADULT FICTION / Fairy Tales & Folklore / Adaptations
OL17886378W,Schools
OL17886378W,Baseball
OL17886378W,Tutors and tutoring
OL17886378W,Mental Depression
OL17886378W,High schools
OL17886378W,nyt:young-adult-e-book=2016-11-27
OL17886378W,New York Times bestseller
OL17886378W,Children's fiction
OL17886378W,"Love, fiction"
OL17886378W,Fantasy fiction
OL17886378W,A.R. 5.6
OL17886378W,Reading Counts
OL17886378W,Green
OL17886378W,"Young adult fiction, paranormal, occult & supernatural"
OL17886378W,"Young adult fiction, romance, paranormal"
OL17886378W,"Young adult fiction, fairy tales & folklore, general"
OL17886378W,"Fiction, fantasy, general"
OL17886378W,"Fiction, romance, general"
OL9359705W,"Fiction, Romance, Contemporary"
OL5691870W,Romance
OL5691870W,Passion
OL5691870W,Fiction
OL5691870W,"Fiction, romance, general"
OL5691870W,"Italy, fiction"
OL5691870W,"Married people, fiction"
OL11277305W,"Fiction, Romance, Contemporary"
OL11277305W,"Publishers and publishing, fiction"
OL11277305W,"Man-woman relationships, fiction"
OL8315337W,"Fiction, Romance, Contemporary"
OL8315337W,"Frenchman,  fiction"
OL8315337W,"Fiction, romance, contemporary, general large print edition"
OL3759127W,"Fiction, Romance, Contemporary"
OL3759127W,"Marriage, fiction"
OL3759127W,"Passion, fiction"
OL3759127W,Romance-language fiction
OL3759127W,"Man-woman relationships, fiction"
OL24801992W,Romance
OL24801992W,Fiction
OL24801992W,Contemporary
OL24801992W,Contemporary Romance
OL24801992W,Adult
OL24801992W,Books About Books
OL8318465W,"Fiction, Romance, Contemporary"
OL8318465W,"Fiction, general"
OL8318465W,"Fiction, romance, general"
OL8318465W,Contemporary romance
OL3467562W,"Fiction, romance, contemporary"
OL3467562W,"Fiction, general"
OL6022024W,"Fiction, Romance, Contemporary"
OL3467511W,"Fiction, Romance, Contemporary"
OL3467511W,"Italians, fiction"
OL3467511W,"Man-woman relationships, fiction"
OL3467511W,"Arranged marriage, fiction"
OL3467511W,"Bachelors, fiction"
OL3467511W,"Passion, fiction"
OL3754973W,"Fiction, Romance, Contemporary"
OL3498725W,"Fiction, general"
OL3498725W,Contemporary romance
OL3498725W,Large type books
OL11327657W,"Fiction, romance, general"
OL3498719W,Fiction
OL3498719W,romance
OL1902417W,Romance
OL1902417W,Romance fiction
OL1902417W,Fiction
OL1902417W,"Fiction, romance, contemporary"
OL1902417W,"Fiction, romance, general"
OL3981200W,Romance
OL3981200W,Passion
OL3981200W,Fiction
OL3981200W,"Fiction, romance, general"
OL3981200W,"Marriage, fiction"
OL15149640W,Marriage
OL15149640W,Fiction
OL15149640W,Romance
OL15149640W,Passion
OL15149640W,Billionaires
OL15149640W,Pregnant women
OL15149640W,"Fiction, romance, general"
OL15149640W,"Marriage, fiction"
OL15149640W,"Pregnancy, fiction"
OL15149640W,"Fiction, romance, erotica"
OL15149640W,"Man-woman relationships, fiction"
OL9468121W,"Fiction, romance, general, contemporary"
OL9468121W,"Fiction, romance, general"
OL21703286W,nyt:combined-print-and-e-book-fiction=2021-06-20
OL21703286W,New York Times bestseller
OL21703286W,"Fiction, lesbian"
OL21703286W,"Fiction, romance, contemporary"
OL21703286W,"New york (n.y.), fiction"
OL21703286W,"Lesbians, fiction"
OL21703286W,"Fiction, romance, lgbtq+, lesbian"
OL21703286W,"Fiction, romance, romantic comedy"
OL4463836W,"Fiction, romance, general"
OL3754953W,"Fiction, Romance, Contemporary"
OL4182014W,"Fiction, Romance, Contemporary"
OL4182014W,"Marriage, fiction"
OL4182014W,"Passion, fiction"
OL4182014W,"Pregnancy, fiction"
OL4182014W,"Italians, fiction"
OL4182014W,"Runaway brides, fiction"
OL2705667W,Fiction in English
OL2705667W,romance
OL3771227W,"Fiction, Romance, Contemporary"
OL3771227W,"Physicians, fiction"
OL3771227W,"Triangles (Interpersonal relations), fiction"
OL3771292W,"Fiction, Romance, Contemporary"
OL16586187W,Love
OL16586187W,Fiction
OL16586187W,Love stories
OL16586187W,"Fiction, romance, general"
OL16586187W,Romance fiction
OL3498770W,"Fiction, general"
OL3498770W,"Fiction, romance, contemporary"
OL3498770W,Australian Romance fiction
OL3498770W,Australian fiction
OL3498770W,Love stories
OL3498770W,Fiction
OL3519315W,"Fiction, Romance, Contemporary"
OL3519315W,"Portugal, fiction"
OL3294323W,"Fiction, Romance, Contemporary"
OL21177W,form:novel
OL21177W,genre:tragedy
OL21177W,genre:gothic
OL21177W,British and irish fiction (fictional works by one author)
OL21177W,Children's fiction
OL21177W,Classic fiction
OL21177W,Classic Literature
OL21177W,Country homes
OL21177W,Country life
OL21177W,Cousins
OL21177W,Death
OL21177W,Drama
OL21177W,English language
OL21177W,English language readers
OL21177W,English literature
OL21177W,Examinations
OL21177W,Families
OL21177W,family life
OL21177W,Fiction
OL21177W,Foundlings
OL21177W,Historical Fiction
OL21177W,Inheritance and succession
OL21177W,Interpersonal relations
OL21177W,Juvenile fiction
OL21177W,Landscape in literature
OL21177W,love
OL21177W,Manners and customs
OL21177W,orphans
OL21177W,Psychological fiction
OL21177W,Reading Level-Grade 7
OL21177W,Reading Level-Grade 8
OL21177W,Reading Level-Grade 9
OL21177W,Reading Level-Grade 10
OL21177W,Reading Level-Grade 11
OL21177W,Reading Level-Grade 12
OL21177W,Rejection (Psychology)
OL21177W,revenge
OL21177W,romance
OL21177W,Romance fiction
OL21177W,romantic fiction
OL21177W,Rural families
OL21177W,slavery
OL21177W,Social life and customs
OL21177W,tragedy
OL21177W,Triangles (Interpersonal relations)
OL21177W,Young women
OL21177W,"Fiction, general"
OL21177W,Revenge -- Fiction
OL21177W,Rejection (Psychology) -- Fiction
OL21177W,Love stories
OL21177W,Domestic fiction
OL21177W,Yorkshire (England) -- Fiction
OL21177W,Foundlings -- Fiction
OL21177W,Rural families -- Fiction
OL21177W,Heathcliff (Fictitious character : Brontë) -- Fiction
OL21177W,Triangles (Interpersonal relations) -- Fiction
OL21177W,"Heathcliff (fictitious character), fiction"
OL21177W,"Fiction, family life, general"
OL21177W,"Fiction, psychological"
OL21177W,"Fiction, romance, general"
OL21177W,"Man-woman relationships, fiction"
OL21177W,"England, fiction"
OL21177W,Triangle (Relations humaines)
OL21177W,"Romans, nouvelles"
OL21177W,Rejet (Psychologie)
OL21177W,Familles rurales
OL21177W,Enfants trouvés
OL21177W,"Wuthering Heights (Brontë, Emily)"
OL21177W,Vengeance
OL21177W,English fiction
OL21177W,Triangles (Interpersonal relationships)
OL21177W,Yorkshire (England)
OL21177W,Roman anglais
OL21177W,Relations entre hommes et femmes
OL21177W,Mœurs et coutumes
OL21177W,Women
OL21177W,Femmes
OL21177W,Heathcliff (Fictitious character)
OL21177W,Catherine Earnshawm (Fictitious character)
OL21177W,English Gothic fiction
OL21177W,Adaptations
OL21177W,Social conditions
OL21177W,"Interpersonal relations, fiction"
OL21177W,Roman
OL21177W,Englisch
OL21177W,Wuthering heights (Emily Brontë)
OL21177W,"Comics & graphic novels, romance"
OL21177W,"Love, fiction"
OL21177W,"Comic books, strips, etc."
OL21177W,"Comics & graphic novels, literary"
OL21177W,"Literature, collections"
OL21177W,American fiction
OL21177W,Foundlings in fiction
OL21177W,Rural families in fiction
OL21177W,England in fiction
OL21177W,Revenge in fiction
OL21177W,Landscape in literature in fiction
OL21177W,Slavery in fiction
OL21177W,Reading books
OL21177W,Country life in fiction
OL21177W,Readers
OL21177W,Orphans in fiction
OL21177W,Study and teaching
OL21177W,Love in fiction
OL21177W,Readers (Adult)
OL21177W,Study guides
OL21177W,Zhang pian xiao shuo
OL21177W,Heathcliff (Fictitious character : Brontë)
OL21177W,Social conflict
OL21177W,Triangles (interpersonal relations)--fiction
OL21177W,Revenge--fiction
OL21177W,Pr4172 .w7 2009c
OL21177W,823/.8
OL21177W,Hl 2083
OL21177W,"Bronte, emily, 1818-1848"
OL21177W,Long Now Manual for Civilization
OL21177W,Man-woman relationships
OL21177W,Beuve de Hanstone (Legendary character)
OL21177W,Texts
OL17625829W,Magic
OL17625829W,YA
OL17625829W,Quest
OL17625829W,High Fantasy
OL17625829W,Fiction
OL17625829W,Romance
OL17625829W,Fantasy
OL17625829W,Royalty
OL17625829W,Court
OL17625829W,Assassins
OL17625829W,JUVENILE FICTION / Love & Romance
OL17625829W,Juvenile fiction
OL17625829W,JUVENILE FICTION / Action & Adventure / General
OL17625829W,"Kings, queens, rulers"
OL17625829W,Love
OL17625829W,JUVENILE FICTION / Fantasy & Magic
OL17625829W,Queens
OL17625829W,Children's fiction
OL17625829W,Fantasy fiction
OL17625829W,"Kings, queens, rulers, etc., fiction"
OL17625829W,"Love, fiction"
OL17625829W,collectionID:EanesChallenge
OL17625829W,[series:Throne_of_Glass]
OL15187926W,Fiction
OL15187926W,Romance
OL15187926W,"Fiction, romance, erotica"
OL15187926W,"Marriage, fiction"
OL15187926W,"Sisters, fiction"
OL15187926W,"Twins, fiction"
OL15187926W,"Greece, fiction"
OL15187926W,Greeks
OL15187926W,Twins
OL15187926W,Arranged marriage
OL15187926W,Sisters
OL15187926W,Billionaires
OL15187926W,Poor women
OL15187926W,"Fiction, romance, erotic"
OL15187926W,"Fiction, romance, general"
OL15187926W,Large type books
OL11327633W,"Fiction, romance, general"
OL11327633W,"Fiction, general"
OL11327633W,Fiction
OL11327633W,"Fiction, romance, contemporary"
OL11327633W,"Brazil, fiction"
OL42539351W,Romance
OL42539351W,Sports
OL42539351W,Young adult fiction
OL42539351W,Clean Reads
OL5236238W,"Fiction, Romance, Contemporary"
OL54813W,Fiction
OL54813W,Teenage boys
OL54813W,Children of clergy
OL54813W,First loves
OL54813W,Bildungsroman
OL54813W,Love stories
OL54813W,"Fiction, romance, contemporary"
OL54813W,"North carolina, fiction"
OL54813W,Large type books
OL54813W,Study and teaching
OL54813W,"Fiction, romance, general"
OL102400W,France
OL102400W,Fiction
OL102400W,Man-woman relationships
OL102400W,"Fiction, general"
OL102400W,"France, fiction"
OL102400W,"Man-woman relationships, fiction"
OL102400W,"Fiction, romance, general"
OL102400W,Romance literature
OL3457690W,"Fiction, Romance, Contemporary"
OL3457690W,Vintage Mills & Boon
OL3457690W,Sweet romance
OL3457690W,"Physicians, fiction"
OL3457690W,"Betrothal,  fiction"
OL3457690W,"Man-woman relationships, fiction"
OL4472976W,Fiction in English
OL4472976W,romance
OL11327644W,Fiction in English
OL11327644W,romance
OL11327644W,"Fiction, romance, general"
OL11327644W,English fiction
OL11327644W,Roman anglais
OL11327644W,"Fiction, romance, collections & anthologies"
OL11327644W,"Fiction, romance, contemporary"
OL11327644W,"Fiction, women"
OL3771279W,"Fiction, Romance, Contemporary"
OL3771279W,"Prisoner, fiction"
OL3771279W,"Car racing, fiction"
OL3771279W,"Death, fiction"
OL3771279W,"Grief, fiction"
OL3771279W,"Loss, fiction"
OL3771279W,"Robbing the cradle, fiction"
OL3519323W,"Fiction, Romance, Contemporary"
OL3771257W,"Fiction, Romance, Contemporary"
OL5236086W,"Fiction, Romance, Contemporary"
OL3467534W,"Fiction, Romance, Contemporary"
OL3467534W,"Passion, fiction"
OL17417270W,Millionaires
OL17417270W,Greeks
OL17417270W,Fiction
OL17417270W,Illegitimate children
OL17417270W,Young women
OL17417270W,Romance
OL17417270W,Harlequin
OL17417270W,"Fiction, romance, erotica"
OL17417270W,"Fiction, romance, erotic"
OL17417270W,"Fiction, romance, contemporary"
OL3498628W,Fiction in English
OL3498628W,romance
OL3467591W,"Fiction, Romance, Contemporary"
OL3467591W,"Fiction, romance, general"
OL3467591W,"Fiction, romance, contemporary"
OL3467591W,"Man-woman relationships, fiction"
OL3457912W,"Fiction, Romance, Contemporary"
OL3457912W,Love stories
OL3457912W,"Hospital secretaries, fiction"
OL1882556W,"Fiction, Romance"
OL1882556W,Clergy
OL1882556W,Catholic Church
OL1882556W,Catholics
OL1882556W,Clergy in fiction
OL1882556W,Catholics in fiction
OL1882556W,Catholic Church in fiction
OL1882556W,"Australia, fiction"
OL1882556W,"Man-woman relationships, fiction"
OL1882556W,American Love stories
OL1882556W,Australian fiction
OL1882556W,epic fiction
OL1882556W,religious fiction
OL1882556W,romantic fiction
OL1882556W,love stories
OL1882556W,"Fiction, sagas"
OL1882556W,"Fiction, romance, historical"
OL1882556W,"Catholic church, clergy, fiction"
OL1882556W,English fiction
OL1882556W,Priests
OL1882556W,American Romance fiction
OL1882556W,Anglais (langue)
OL1882556W,Lectures et morceaux choisis
OL1882556W,Roman américain
OL1882556W,Chang pian xiao shuo
OL1882556W,"Clergy, fiction"
OL1882556W,"Fiction,  Families, Fiction"
OL1882556W,romance
OL1882556W,historical
OL1882556W,"general"""
OL1882556W,Readers
OL1882556W,"Romans, nouvelles"
OL1882556W,Clergé
OL1882556W,Église catholique
OL9481338W,Romance
OL9481338W,Passion
OL9481338W,Fiction
OL9481338W,"Fiction, romance, general"
OL9481338W,"Man-woman relationships, fiction"
OL16637803W,Romance
OL16637803W,erotica
OL16637803W,adult
OL16637803W,fiction
OL16637803W,contemporary
OL16637803W,bdsm
OL16637803W,new adult
OL16637803W,chick lit
OL16637803W,Man-woman relationships
OL16637803W,Fiction
OL16637803W,nyt:trade-fiction-paperback=2012-07-01
OL16637803W,New York Times bestseller
OL16637803W,"Fiction, romance, erotic"
OL16637803W,Large type books
OL16637803W,"Fiction, romance, erotica"
OL20577143W,"Fiction, romance, contemporary"
OL20577143W,New York Times bestseller
OL20577143W,Air pilots
OL20577143W,Fiction
OL20577143W,Man-woman relationships
OL20577143W,Love
OL20577143W,Pilotes d'aéronef
OL20577143W,"Romans, nouvelles"
OL20577143W,Relations entre hommes et femmes
OL20781257W,"Young adult fiction, vampires"
OL20781257W,"Young adult fiction, paranormal, occult & supernatural"
OL20781257W,"Young adult fiction, fantasy, contemporary"
OL20781257W,"Young adult fiction, social themes, dating & sex"
OL20781257W,"Young adult fiction, romance, paranormal"
OL20781257W,New York Times reviewed
OL20781257W,Fantasy
OL20781257W,Romance
OL20781257W,Young Adult
OL20781257W,Vampires
OL20781257W,Fiction
OL20781257W,Paranormal
OL20781257W,Paranormal Romance
OL20781257W,Supernatural
OL20781257W,Young Adult Fantasy
OL3775369W,"Fiction, Romance, Contemporary"
OL3775369W,"Revenge, fiction"
OL3775369W,"Gambling addiction, fiction"
OL3775369W,"Suicide,  fiction"
OL3775369W,"Death, fiction"
OL3775369W,"Cheating husbands, fiction"
OL3775369W,"Family honour, fiction"
OL3775369W,"Marriage, fiction"
OL3775369W,"Billionaires, fiction"
OL3775369W,"Italians,  fiction"
OL3775369W,"Sisters,  lfiction"
OL3775369W,"Fiction, romance, general"
OL81294W,Romance
OL81294W,Classic Literature
OL81294W,Male friendship
OL81294W,Open Library Staff Picks
OL81294W,Fiction
OL81294W,Social classes
OL81294W,Social conditions
OL81294W,Interpersonal relations
OL81294W,open_syllabus_project
OL81294W,Sisters
OL81294W,Coal mines and mining
OL81294W,Coal miners
OL81294W,Women
OL81294W,British and irish fiction (fictional works by one author)
OL81294W,"England, fiction"
OL81294W,"Sisters, fiction"
OL81294W,"Fiction, psychological"
OL81294W,"Friendship, fiction"
OL81294W,"Fiction, romance, general"
OL81294W,Women teachers
OL81294W,"Fiction, general"
OL81294W,Sexual behavior
OL81294W,"Fiction, fantasy, short stories"
OL81294W,English fiction
OL81294W,English literature
OL81294W,Zhang pian xiao shuo
OL81294W,Classics
OL81294W,Long Now Manual for Civilization
OL21084352W,Young adult fiction
OL21084352W,thrillers & suspense
OL21084352W,"crime"""
OL21084352W,"Young adult fiction, law & crime"
OL21084352W,"Young adult fiction, family, blended families"
OL21084352W,"Young adult fiction, romance, contemporary"
OL21084352W,"Young adult fiction, school & education, college & university"
OL21084352W,"Young adult fiction, diversity & multicultural"
OL26952W,"Fiction, Romance, Historical"
OL26952W,collectionID:Mbodice_ripper
OL26952W,History
OL26952W,"Weddings, fiction"
OL26952W,"Revenge, fiction"
OL26952W,"Upper class, fiction"
OL26952W,"Marriage, fiction"
OL26952W,Weddings
OL26952W,Fiction
OL1858668W,stream of consciousness
OL1858668W,Creoles
OL1858668W,postcolonial literature
OL1858668W,race
OL1858668W,colonialism
OL1858668W,feminist
OL1858668W,canonical
OL1858668W,Fiction in English
OL1858668W,Fiction
OL1858668W,open_syllabus_project
OL1858668W,British
OL1858668W,Historical fiction
OL1858668W,Man-woman relationships
OL1858668W,West Indies
OL1858668W,love stories
OL1858668W,romance fiction
OL1858668W,Novela inglesa
OL1858668W,British and irish fiction (fictional works by one author)
OL1858668W,"West indies, fiction"
OL1858668W,"Man-woman relationships, fiction"
OL1858668W,"Fiction, romance, historical"
OL1858668W,"Fiction, psychological"
OL1858668W,"Married people, fiction"
OL1858668W,English literature
OL1858668W,Large type books
OL1858668W,"Fiction, romance, historical, general"
OL1858668W,Britanniques
OL1858668W,"Romans, nouvelles"
OL1858668W,Social life and customs
OL1858668W,Man-woman relationships--west indies--fiction
OL1858668W,Pr6035.h96 w5 1992
OL1858668W,823/.912
OL3845150W,"Fiction, Romance, Contemporary"
OL3845150W,"Fiction, general"
OL3475965W,Fiction
OL3475965W,romance
OL4225407W,"Fiction, romance, general"
OL4225407W,Fiction
OL34265902W,Romantic comedy
OL34265902W,contemporary romance
OL34265902W,LGBTQ+ romance
OL34265902W,m/m romance
OL34265902W,fake relationship
OL34265902W,office romance
OL34265902W,workplace romance
OL34265902W,enemies to lovers
OL34265902W,slow burn
OL34265902W,funny
OL34265902W,heartwarming
OL34265902W,feel-good
OL34265902W,"Fiction, romance, general"
OL152329W,Fiction
OL152329W,romance
OL152329W,contemporary
OL152329W,Deception
OL152329W,Secretaries
OL152329W,Businessmen
OL152329W,American Love stories
OL152329W,Translations into Russian
OL152329W,"Fiction, romance, contemporary"
OL152329W,"Fiction, romance, general"
OL4233157W,"Fiction, Romance, Contemporary"
OL4233157W,"Man-woman relationships, fiction"
OL4233157W,"Passion, fiction"
OL4233157W,"Married people, fiction"
OL4233157W,"Marriage, fiction"
OL16239519W,Magic
OL16239519W,Ability
OL16239519W,Fantasy fiction
OL16239519W,Orphans
OL16239519W,Fantasy
OL16239519W,Monsters
OL16239519W,Fiction
OL16239519W,Children's fiction
OL16239519W,"Magic, fiction"
OL16239519W,"Monsters, fiction"
OL16239519W,"Orphans, fiction"
OL16239519W,Juvenile fiction
OL16239519W,Imaginary wars and battles
OL16239519W,YOUNG ADULT FICTION
OL16239519W,Fairy Tales & Folklore
OL16239519W,Good vs evil
OL16239519W,nyt:chapter-books=2012-06-24
OL16239519W,New York Times bestseller
OL16239519W,Series:Shadow-and-Bone
OL16239519W,First Person (Point of View)
OL16239519W,High Fantasy
OL16239519W,Paranormal
OL16239519W,Romance
OL16239519W,Romance fiction
OL16239519W,Young Adult
OL16239519W,Young Adult Fantasy
OL16239519W,Series:Grishaverse
OL20833390W,Romance fiction
OL20833390W,"Fiction, romance, contemporary"
OL21234089W,"Fiction, romance, general"
OL274518W,Vida familiar
OL274518W,Family life
OL274518W,Historias de amor
OL274518W,Love stories
OL274518W,Ficció histórica
OL274518W,Historical fiction
OL274518W,Novels
OL274518W,Novela
OL274518W,Courtship
OL274518W,Translations into English
OL274518W,Colombian fiction
OL274518W,Spanish fiction
OL274518W,Cuentos del amor
OL274518W,Reading Group Guide
OL274518W,Romance fiction
OL274518W,Novela española
OL274518W,Romance-language fiction
OL274518W,Spanish language materials
OL274518W,Amor no correspondido
OL274518W,"Man-woman relationships, fiction"
OL274518W,Cortejo amoroso
OL274518W,Relaciones hombre-mujer
OL274518W,Unrequited love
OL274518W,Ficción
OL274518W,Translations into Russian
OL274518W,Latin American fiction
OL274518W,Chang pian xiao shuo
OL274518W,First loves
OL274518W,Spanish-American literature
OL274518W,Spanish literature
OL274518W,Translations from Spanish
OL274518W,Oprah's Reading Book Club selection
OL274518W,Histoires d'amour
OL274518W,Romans
OL274518W,Nouvelles
OL274518W,Movie novels
OL274518W,Fiction (fictional works by one author)
OL274518W,"Colombia, fiction"
OL274518W,Romance
OL274518W,Large type books
OL274518W,Romance literature
OL274518W,Materiales en español
OL274518W,Spanish language
OL274518W,Reading materials
OL274518W,Spanish imprints
OL274518W,Fiction
OL274518W,Man-woman relationships
OL274518W,"Love, fiction"
OL274518W,Cuentos de amor
OL3803113W,"Fiction, Romance, Contemporary, Passion"
OL3803113W,"Fiction, romance, general"
OL3519227W,"Fiction, Romance, Contemporary"
OL3519227W,"Single fathers,  fiction"
OL3519227W,"Governesses, fiction"
OL3771302W,"Fiction, Romance, Contemporary"
OL3457718W,"Fiction, Romance, Contemporary"
OL3457718W,Fiction in English
OL3771266W,"Fiction, Romance, Contemporary"
OL16041978W,"Fiction, Romance, Contemporary"
OL3775426W,"Fiction, Romance, Contemporary"
OL3775426W,"Amnesia, fiction"
OL3775426W,"Modelling, fiction"
OL3775426W,"Family business, fiction"
OL491797W,Romance
OL491797W,Fiction
OL491797W,Ranchers
OL491797W,"Fiction, romance, general"
OL491797W,"Fiction, romance, erotica"
OL491797W,"Fiction, romance, erotic"
OL491797W,Romance fiction
OL17798511W,"Fiction, Romance, Contemporary, Man-woman relationships"
OL17798511W,"Man-woman relationships, fiction"
OL17798511W,Women cooks
OL17798511W,"Fiction, romance, erotica larger print"
OL17798511W,"Fiction, romance, erotic"
OL17798511W,"Fiction, romance, general"
OL2705589W,"Fiction, Romance, Contemporary"
OL4092673W,1950s
OL4092673W,"Fiction, Romance, Historical, Regency"
OL4092673W,"Love stories, fiction"
OL4092673W,Fiction in English
OL4092673W,"Aristocracy (Social class), fiction"
OL4092673W,"Inheritance and succession,  fiction"
OL4092673W,"Fiction, romance, suspense"
OL4092673W,"Great Britain, fiction"
OL4092673W,"London (England), fiction"
OL4092673W,"Fiction, romance, historical, regency & georgian"
OL3773995W,Longchamp
OL3773995W,"Fiction, romance, general"
OL3773995W,Large type books
OL3476032W,"Fiction, Romance, Contemporary"
OL3476032W,New Zealand fiction
OL2625457W,Student
OL2625457W,Theaterwissenschaft
OL2625457W,Liebesbeziehung
OL2625457W,Belletristische Darstellung
OL2625457W,"Fiction, romance, general"
OL2625457W,College students
OL2625457W,Fiction
OL2625457W,Man-woman relationships
OL2625457W,Young men
OL2625457W,"Fiction, romance, contemporary"
OL2625457W,"Japan, fiction"
OL2625457W,Near and far eastern fiction (fictional works by one author)
OL2625457W,Chinese fiction
OL2625457W,Chang pian xiao shuo
OL2625457W,Japanese fiction
OL2625457W,Translations into Chinese
OL2625457W,Translations into Russian
OL2625457W,College students in fiction
OL2625457W,Nineteen sixties
OL2625457W,Xiao shuo
OL2625457W,Language and languages
OL2625457W,Translations into English
OL2625457W,Roman japonais
OL2625457W,Années soixante (Vingtième siècle)
OL2625457W,"Romans, nouvelles"
OL2625457W,"Tokyo (japan), fiction"
OL2625457W,Étudiants
OL111482W,"Love stories, American"
OL111482W,Suspense fiction
OL111482W,Open Library Staff Picks
OL111482W,Contemporary
OL111482W,Antiques
OL111482W,Fiction
OL111482W,Romance
OL111482W,Suspense
OL111482W,Antique dealers
OL111482W,1990s
OL111482W,"Philadelphia (pa.), fiction"
OL111482W,"Pennsylvania, fiction"
OL111482W,"Fiction, romance, contemporary"
OL111482W,Large type books
OL111482W,"Fiction, romance, suspense"
OL111482W,"Antique dealers, fiction"
OL3457772W,"Fiction, Romance, Contemporary"
OL3457772W,"Nurses, fiction"
OL3457772W,Nurses
OL3457772W,Fiction
OL5695694W,"Fiction, Romance, Contemporary"
OL5695694W,Passion
OL20018781W,College students
OL20018781W,Man-woman relationships
OL20018781W,Roommates
OL20018781W,Fiction
OL20018781W,"Fiction, general"
OL20018781W,"Man-woman relationships, fiction"
OL20018781W,"Fiction, romance, general"
OL20018781W,"Friendship, fiction"
OL15176208W,Fiction
OL15176208W,Passion
OL15176208W,Romance
OL15176208W,"Fiction, romance, general"
OL15176208W,"Fiction, Romance, Contemporary"
OL15176208W,"Man-woman relationships, fiction"
OL15176208W,"Businessmen, fiction"
OL15176208W,Erotica
OL4220903W,Fiction
OL4220903W,Contemporary Romance
OL4220903W,secretary
OL4220903W,cattle ranch
OL4220903W,Harlequin Romance
OL3476088W,Fiction
OL3476088W,romance
OL3476088W,"general"""
OL29195444W,"Fiction, romance, general"
OL29195444W,"Fiction, thrillers, suspense"
OL29195444W,"Fiction, action & adventure"
OL3759211W,"Fiction, Romance, Contemporary"
OL9265310W,"FIction, Romance, Contemporary"""
OL9265310W,"Fiction, romance, general"
OL9265310W,Large type books
OL675722W,Literary Fiction
OL675722W,friendship
OL675722W,fantasy
OL675722W,genetic engineering
OL675722W,fiction
OL675722W,science fiction
OL675722W,Triangles (Interpersonal relations)
OL675722W,Open Syllabus Project
OL675722W,Long Now Manual for Civilization
OL675722W,romance
OL675722W,relationships
OL675722W,New York Times reviewed
OL675722W,Male friendship
OL675722W,"Fiction, science fiction, general"
OL675722W,"Fiction, romance, general"
OL675722W,"Friendship, fiction"
OL675722W,"New york (state), fiction"
OL675722W,"Man-woman relationships, fiction"
OL675722W,British and irish fiction (fictional works by one author)
OL675722W,"Fiction, fantasy, general"
OL675722W,series:MaddAddam
OL675722W,Canadian fiction (fictional works by one author)
OL16361029W,Contests
OL16361029W,Love
OL16361029W,Princes
OL16361029W,JUVENILE FICTION / Love & Romance
OL16361029W,Revolutionaries
OL16361029W,JUVENILE FICTION / Girls & Women
OL16361029W,Social classes
OL16361029W,Fiction
OL16361029W,Marriage
OL16361029W,JUVENILE FICTION / General
OL16361029W,Juvenile fiction
OL16361029W,Matrimonio
OL16361029W,Príncipes
OL16361029W,Juvenile ficción
OL16361029W,Ficción
OL16361029W,Competencia
OL16361029W,Clases sociales
OL16361029W,Korean language materials
OL16361029W,nyt:chapter-books=2012-05-13
OL16361029W,New York Times bestseller
OL16361029W,Children's fiction
OL16361029W,"Marriage, fiction"
OL16361029W,"Contests, fiction"
OL16361029W,"Princes, fiction"
OL16361029W,"Love, fiction"
OL16361029W,Romance fiction
OL16361029W,Mariage
OL16361029W,"Romans, nouvelles, etc. pour la jeunesse"
OL16361029W,Concours et compétitions
OL16361029W,Classes sociales
OL16361029W,Révolutionnaires
OL16361029W,Dystopias
OL5236237W,"Fiction, Romance, Contemporary"
OL4225427W,"Fiction, romance, contemporary"
OL4225427W,"Fiction, general"
OL4225427W,"Fiction, romance, general"
OL5686909W,Romance
OL5686909W,Fiction
OL5686909W,Harlequin
OL5686909W,Marriage
OL5686909W,Separation
OL5686909W,Large type books
OL5686909W,"Fiction, romance, contemporary"
OL3775502W,"Fiction, Romance, Contemporary"
OL3775502W,"Physicians, fiction"
OL3775502W,"Australia, fiction"
OL3775502W,"Widowers, fiction"
OL3775502W,"Fiction, romance, general"
OL3771217W,"Fiction, Romance, Contemporary"
OL3498567W,"Fiction, romance, erotica"
OL3498567W,"Marriage, fiction"
OL3498567W,Romance fiction
OL3498567W,"Fiction, romance, erotic"
OL3498567W,"Fiction, romance, general"
OL3498567W,Large type books
OL3773885W,"Fiction, Romance, Contemporary"
OL3773885W,"Arranged marriage, fiction"
OL3773885W,"Man-woman relationships, fiction"
OL16925622W,Science Fiction
OL16925622W,Young adult fiction
OL16925622W,Dystopian Fiction
OL16925622W,romance
OL16925622W,Children's fiction
OL16925622W,"Marriage, fiction"
OL16925622W,"Contests, fiction"
OL16925622W,"Love, fiction"
OL16925622W,"Princes, fiction"
OL16925622W,Contests
OL16925622W,Love
OL16925622W,Princes
OL16925622W,Revolutionaries
OL16925622W,Social classes
OL16925622W,Marriage
OL16925622W,Fiction
OL16925622W,Juvenile fiction
OL16925622W,"Princesses, fiction"
OL16925622W,Selection
OL16925622W,Royalty
OL16925622W,Triangles (Interpersonal relations)
OL16925622W,Girls & Women
OL16925622W,Love stories
OL3759172W,"Fiction, Romance, Contemporary"
OL3759172W,"Passion, fiction"
OL3476078W,"Fiction, romance, contemporary"
OL3476078W,"Fiction, general"
OL27965945W,Contemporary Romance
OL27965945W,Young Adult Fiction
OL27965945W,"Fiction, sports"
OL20201734W,collectionID:CDarkromance
OL20201734W,Kidnapping
OL20201734W,Fiction
OL20201734W,Dark romance
OL20201734W,"Fiction, romance, contemporary"
OL3775419W,"Fiction, Romance, Contemporary"
OL22316936W,"Fiction, romance, general"
OL3457799W,"Fiction, Romance, Contemporary"
OL3457799W,"Marriage, fiction"
OL2959257W,"Fiction, Romance, Contemporary"
OL21234092W,"Fiction, romance, general"
OL21330193W,"Fiction, fantasy, general"
OL21330193W,"Fiction, romance, general"
OL2959357W,"Fiction, Romance, Contemporary"
OL34493682W,"Fiction, romance, general"
OL34493682W,"Fiction, general"
OL4342711W,Fiction
OL4342711W,romance
OL4342711W,contemporary
OL4342711W,Fiction in English
OL4342711W,"Fiction, general"
OL17396365W,"Fiction, Romance, Contemporary"
OL17396365W,"Arranged marriage, fiction"
OL17396365W,"Man-woman relationships, fiction"
OL17396365W,"Fiction, romance, general"
OL17396365W,"Marriage, fiction"
OL14862461W,Fiction
OL14862461W,Romance
OL14862461W,"Fiction, romance, general"
OL14862461W,"Fiction, general"
OL3498643W,"Fiction, Romance, Contemporary"
OL3498643W,Sexy
OL3498643W,Tycoon
OL3498643W,irresistible
OL3498643W,bruised
OL3498643W,florists
OL3498643W,"Fiction, romance, general"
OL11762246W,"Fiction, Romance, Contemporary"
OL11762246W,"Fiction, general"
OL4440555W,"Fiction, Romance, Contemporary"
OL4440555W,"Man-woman relationships, fiction"
OL3498681W,Secretaries
OL3498681W,Fiction
OL3498681W,"Fiction, romance, general"
OL3775447W,"Fiction, romance, erotica"
OL3775447W,"Fiction, romance, erotic"
OL17904008W,"Fiction, Romance, Contemporary, Modern"
OL17904008W,"Man-woman relationships, fiction"
OL17904008W,"Marriage, fiction"
OL17904008W,"Runaway wives, fiction"
OL17904008W,"Wives, fiction"
OL20150260W,sex
OL20150260W,romance
OL20150260W,contemporary
OL20150260W,Dublin (ireland)
OL20150260W,fiction
OL20150260W,Man-woman relationships
OL20150260W,literary fiction
OL20150260W,nyt:combined-print-and-e-book-fiction=2019-05-05
OL20150260W,New York Times bestseller
OL20150260W,New York Times reviewed
OL20150260W,"Fiction, romance, contemporary"
OL20150260W,"Dublin (ireland), fiction"
OL20150260W,"Man-woman relationships, fiction"
OL20150260W,English literature
OL20150260W,First loves
OL20150260W,Social classes
OL20150260W,College students
OL20150260W,New Fiction
OL20150260W,FICTION / Coming of Age
OL20150260W,FICTION / Literary
OL20150260W,FICTION / Psychological
OL20150260W,Coming of Age
OL20150260W,Literary
OL20150260W,Psychological
OL20150260W,Man-woman relationship
OL20150260W,Best friends
OL20150260W,18.05 English literature
OL20150260W,Romance fiction
OL20150260W,Love stories
OL20150260W,Best friends - Fiction
OL20150260W,Étudiants
OL20150260W,"Romans, nouvelles"
OL20150260W,Large type books
OL20150260W,Premier amour
OL20150260W,Classes sociales
OL20150260W,Relations entre hommes et femmes
OL20150260W,Livres en gros caractères
OL20150260W,Adult
OL20150260W,Novels
OL876504W,Novela italiana
OL876504W,Fiction
OL876504W,Travel
OL876504W,French
OL876504W,Italian
OL876504W,History
OL876504W,Romance
OL876504W,Self-discovery
OL876504W,Silk industry
OL876504W,"Fiction, romance, historical"
OL876504W,"Japan, fiction"
OL876504W,"Fiction, romance, general"
OL876504W,Literature
OL876504W,Cuentos de amor
OL876504W,Industria y comercio
OL876504W,Historia
OL876504W,Seda
OL876504W,Ficción
OL876504W,Cuentos eróticos
OL876504W,Comerciantes
OL876504W,Ehefrau
OL876504W,Kaufmann
OL876504W,Seidenraupe
OL876504W,Verlieben
OL876504W,Junge Frau
OL876504W,Ehemann
OL876504W,Belletristische Darstellung
OL876504W,Distanz
OL876504W,Social life and customs
OL876504W,Manners and customs
OL876504W,"Fiction, romance, historical, general"
OL876504W,Romance literature
OL876504W,"France, fiction"
OL876504W,"Fiction, media tie-in"
OL112310W,Historical Romance
OL112310W,Fiction
OL112310W,Romance
OL112310W,Romance fiction
OL112310W,Large print edition
OL112310W,"Fiction, romance, historical"
OL112310W,Large type books
OL112310W,"Fiction, romance, historical, general"
OL3775465W,"Fiction, Romance, Contemporary"
OL3458038W,"Fiction, Romance, Contemporary, Medical"
OL3458038W,Reader's Choice
OL3458038W,Romance-language fiction
OL3458038W,"Nurses, fiction"
OL3458038W,"Physicians, fiction"
OL3458038W,"Man-woman relationships, fiction"
OL3458038W,"England, fiction"
OL3775452W,"Fiction, Romance, Contemporary, Modern"
OL3775452W,"Magazine editor, fiction"
OL3775452W,"Film producer, fiction"
OL3771296W,"Fiction, Romance, Contemporary"
OL3771296W,"Fiction,Romance, Contemporary"
OL17052764W,Romance
OL17052764W,Harlequin Presents
OL17052764W,"Fiction, romance, general"
OL3294451W,"Fiction, Romance, Contemporary"
OL3294451W,"Man-woman relationships, fiction"
OL5810762W,"Fiction, Romance, Contemporary"
OL5810762W,"Passion, fiction"
OL5810762W,"Single women, fiction"
OL3498760W,"Fiction, romance, contemporary"
OL3498760W,Large type books
OL3498760W,"Fiction, romance, general"
OL3775377W,"Fiction Romance, Contemporary"
OL3775377W,"Fiction, romance, general"
OL3775377W,Large type books
OL4181989W,"Fiction, romance, general"
OL4356939W,"Fiction, Romance, Contemporary"
OL4356939W,"Fiction, romance, general"
OL2959281W,"Fiction, Romance, Contemporary"
OL2959281W,"Man-woman relationships, fiction"
OL2959281W,"Mistresses, fiction"
OL3775469W,Contemporary romance
OL3775469W,photography
OL3775469W,"Fiction, romance, SW rw y4"
OL3775469W,"Fiction, romance, historical, general"
OL554615W,Open Library Staff Picks
OL554615W,"Fiction, Romance, Historical, Regency"
OL554615W,Large type books
OL554615W,England
OL554615W,"fiction"""
OL554615W,"Man-woman relationships, fiction"
OL554615W,"Love stories, fiction"
OL554615W,Relaciones hombre-mujer
OL554615W,Gossip columnists
OL554615W,"Nobility, fiction"
OL554615W,Social life and customs
OL554615W,nyt:mass-market-monthly=2021-04-11
OL554615W,New York Times bestseller
OL554615W,American literature
OL554615W,London (England) -- Fiction
OL554615W,"England, fiction"
OL554615W,"Fiction, romance, historical, regency"
OL554615W,nyt:mass-market-monthly=2024-06-09
OL3519297W,"Fiction, Romance, Contemporary"
OL44995W,"Fiction, Romance, Historical"
OL44995W,"Women farmers, fiction"
OL44995W,"Farm life, fiction"
OL44995W,"Triangles (Interpersonal relations), fiction"
OL44995W,Social life and customs
OL44995W,"Wessex England, fiction"
OL44995W,Classic Literature
OL44995W,open_syllabus_project
OL44995W,"British and Irish fiction (fictional works by one author)"""
OL44995W,Large type books
OL44995W,Manners and customs
OL44995W,"Romans, nouvelles"
OL44995W,Mœurs et coutumes
OL44995W,"Fiction, christian, romance, general"
OL44995W,"England, fiction"
OL44995W,"Single women, fiction"
OL44995W,"Fiction, family life"
OL44995W,Rural conditions
OL44995W,Didactic fiction
OL44995W,Love stories
OL44995W,Pastoral fiction
OL44995W,Romance-language fiction
OL44995W,Agricultrices
OL44995W,"Hardy, Thomas , 1840-1928"
OL44995W,Pr4745.a2 s38 1986
OL44995W,823/.8
OL44995W,"Fiction, christian, romance"
OL44995W,English literature
OL44995W,Long Now Manual for Civilization
OL44995W,Farm life
OL44995W,Fiction
OL44995W,Women farmers
OL44995W,Triangles (Interpersonal relations)
OL44995W,Pride and vanity
OL44995W,Shepherds
OL44995W,Courtship
OL44995W,Husband and wife
OL44995W,Adultery
OL44995W,Death
OL16550682W,Sexual dominance and submission
OL16550682W,Fiction
OL16550682W,Relaciones hombre-mujer
OL16550682W,Ficción
OL16550682W,Sadomasoquismo
OL16550682W,Cuentos eróticos
OL16550682W,"Fiction, erotica, general"
OL16550682W,Adult & contemporary romance
OL16550682W,Man-woman relationships
OL16550682W,Psychological fiction
OL16550682W,Contemporary Women
OL16550682W,Businesspeople
OL16550682W,Romance
OL16550682W,Adult
OL16550682W,Erotica
OL16550682W,Sadomasochism
OL16550682W,College students
OL16550682W,Ana Steele (Fictitious character)
OL16550682W,Christian Grey (Fictitious character)
OL16550682W,"Fiction, erotica"
OL16550682W,Erotic stories
OL16550682W,sex
OL21576882W,"Fiction, romance, general"
OL21576882W,English Romance fiction
OL21576882W,"Marriage, fiction"
OL3498560W,"Fiction, Romance, Contemporary"
OL3498560W,Passion
OL3498560W,"fiction"""
OL3498560W,"Socialites, fiction"
OL3498560W,"Greeks, fiction"
OL3498560W,"Virginity, fiction"
OL3498560W,"Arranged marriage, fiction"
OL3458061W,"Fiction, Romance, Contemporary"
OL3458061W,"Neurosurgeons,  fiction"
OL3458061W,"Nurse, fiction"
OL3458061W,"Marriage, fiction"
OL3458061W,"Friendship, fiction"
OL24286281W,Romance fiction
OL24286281W,Marriage
OL24286281W,Fiction
OL4278188W,"Fiction, Romance, Contemporary"
OL4278188W,Large type books
OL4278188W,"Ca""Fiction"
OL4278188W,Romance
OL4278188W,"Contemporary"""
OL31785731W,"Fiction, romance, general"
OL31785731W,"Fiction, Romance, Contemporary, Modern, Man-woman relationships"
OL31785731W,"fiction"""
OL31785731W,"Married people, fiction"
OL19667762W,Friendship
OL19667762W,Fiction
OL19667762W,Love
OL19667762W,Love stories
OL19667762W,Children's fiction
OL19667762W,"Love, fiction"
OL19667762W,"Friendship, fiction"
OL19667762W,Romance
OL19667762W,contemporary
OL19667762W,young adult
OL19667762W,coming-of-age
OL19667762W,grief
OL19667762W,loss
OL19667762W,regret
OL19667762W,second chances
OL19667762W,love triangle
OL19667762W,family
OL19667762W,New York Times bestseller
OL15176969W,Fiction
OL15176969W,Passion
OL15176969W,Romance
OL15176969W,"Fiction, romance, general"
OL15176969W,"Marriage, fiction"
OL15176969W,Virgins
OL15176969W,Unmarried mothers
OL15176969W,Brothers
OL15176969W,Brides
OL15176969W,Nannies
OL15176969W,Princes
OL15176969W,"Fiction, romance, erotica"
OL9195992W,"Fiction, Romance, Contemporary"
OL3845147W,"Fiction, romance, general"
OL3498694W,"Fiction, general"
OL3498694W,"Fiction, romance, general"
OL8032157W,Fiction
OL8032157W,Romance
OL8032157W,Passion
OL8032157W,"Fiction, romance, general"
OL3773912W,Large type books
OL3773912W,"Fiction, general"
OL3773912W,"Fiction, Romance, Contemporary"
OL3773912W,"Fiction, romance, general"
OL36632W,Fiction
OL36632W,Smugglers
OL36632W,Detective and mystery stories
OL36632W,Romance fiction
OL36632W,Roman
OL36632W,Contrebande
OL36632W,Love stories
OL36632W,"Fiction, mystery & detective, general"
OL36632W,"Fiction, general"
OL36632W,Romance
OL36632W,Suspense
OL36632W,Gothic
OL36632W,Romance-language fiction
OL36632W,English literature
OL36632W,"Fiction, romance, suspense"
OL36632W,"Cornwall (england : county), fiction"
OL4092675W,1940s
OL4092675W,"Fiction, Romance, Historical, Regency"
OL4092675W,"Great Britain, fiction"
OL4273148W,"Fiction, Romance, Contemporary"
OL4273148W,"Passion, fiction"
OL4273148W,"Mistresses, fiction"
OL4273148W,"Greeks, fiction"
OL4273148W,"Pregnancy, fiction"
OL4273148W,"Models, fiction"
OL3759160W,"Fiction, Romance, Contemporary"
OL16028327W,"Fiction, Romance, Contemporary"
OL24153842W,Mafia romance
OL24153842W,dark romance
OL24153842W,enemies to lovers
OL24153842W,arranged marriage
OL24153842W,forced proximity
OL24153842W,violence
OL24153842W,trigger warnings
OL24153842W,redemption
OL24153842W,forgiveness
OL24153842W,"Fiction, romance, general"
OL24153842W,Anthology
OL26119633W,"Fiction, romance, general"
OL11277286W,"Fiction, Romance, Contemporary"
OL11277286W,"Forbidden love, fiction"
OL11277286W,"Arranged marriage, fiction"
OL11277286W,"Love triangle, fiction"
OL11277286W,"Seduction, fiction"
OL11277286W,"Betrayal, fiction"
OL11277286W,"Revenge, fiction"
OL11277286W,"Passion, fiction"
OL11277286W,"Desire, fiction"
OL10530570W,Fiction
OL10530570W,Romance
OL10530570W,Executives
OL10530570W,Secretaries
OL10530570W,"Fiction, romance, general"
OL10530570W,Large type books
OL66562W,"Fiction, Romance, Historical, Regency"
OL66562W,"Inheritance and succession, fiction"
OL66562W,"Mate selection, fiction"
OL66562W,"Social classes, fiction"
OL66562W,"Family life, fiction"
OL66562W,Text-books for foreigners
OL66562W,"Young women,  fiction"
OL66562W,Literature
OL66562W,Readers
OL66562W,Gentry
OL66562W,"Sisters, fiction"
OL66562W,Classic Literature
OL66562W,FICTION / Classics
OL66562W,Open Library Staff Picks
OL66562W,English language
OL66562W,open_syllabus_project
OL66562W,"Manners and customs, fiction"
OL66562W,Didactic fiction
OL66562W,"Social life and customs, fiction"
OL66562W,Humorous stories
OL66562W,Love stories
OL66562W,"Love stories, English"
OL66562W,England -- Fiction
OL66562W,Rich people
OL66562W,"Man-woman relationships, fiction"
OL66562W,"Marriage, fiction"
OL66562W,Classism
OL66562W,"Courtship, fiction"
OL66562W,History
OL66562W,Economic aspects
OL66562W,Upper class
OL66562W,General
OL66562W,British and irish fiction (fictional works by one author)
OL66562W,"England, fiction"
OL66562W,"Austen, jane, 1775-1817"
OL66562W,"English literature, history and criticism, 19th century"
OL66562W,"Fiction, family life"
OL66562W,Domestic fiction
OL66562W,Large type books
OL66562W,English Literature
OL66562W,English fiction
OL66562W,Classic
OL66562W,Chang pian xiao shuo
OL66562W,Ying guo
OL66562W,England -- Social life and customs -- 19th century -- Fiction
OL66562W,Gentry -- England -- Fiction
OL66562W,Drama (dramatic works by one author)
OL66562W,Classes sociales
OL66562W,"Romans, nouvelles"
OL66562W,Histoire
OL66562W,Choix du conjoint
OL66562W,Sœurs
OL66562W,Mœurs et coutumes
OL66562W,English Satire
OL66562W,Paper work
OL66562W,"Fiction, women"
OL66562W,"Fiction, classics"
OL66562W,"English language, juvenile literature"
OL66562W,"English language, textbooks for foreign speakers"
OL66562W,Families
OL66562W,Jeunes femmes
OL66562W,Romance
OL66562W,Literature and fiction (general)
OL66562W,"Literature, collections"
OL66562W,"Austen, jane , 1775-1817"
OL66562W,Inheritance and succession
OL66562W,Fiction
OL66562W,Social classes
OL66562W,Young women
OL66562W,Sisters
OL66562W,Social life and customs
OL66562W,Courtship
OL66562W,Long Now Manual for Civilization
OL66562W,Romance fiction
OL66562W,Roman
OL66562W,Women
OL66562W,English Romance fiction
OL66562W,Man-woman relationships
OL66562W,Mate selection
OL66562W,Translations into Hebrew
OL66562W,Frankfurt school of sociology
OL66562W,Critical theory
OL66562W,Medicine
OL66562W,Practice
OL66562W,Political aspects
OL66562W,Social aspects
OL66562W,Kritische Theorie
OL66562W,Medizin
OL66562W,Kritik
OL3759223W,"Fiction, general"
OL3759223W,"Fiction, romance, general"
OL17388853W,"Fiction, Romance, Contemporary"
OL17388853W,"Man-woman relationships, fiction"
OL17388853W,"Businessmen, fiction"
OL17388853W,"Pregnancy, fiction"
OL17388853W,"Women cleaning personnel, fiction"
OL17388853W,"Granddaughters, fiction"
OL17388853W,"Greeks, fiction"
OL17388853W,"Marriage, fiction"
OL17388853W,"Fiction, romance, erotica"
OL17388853W,"Fiction, romance, erotic"
OL3458016W,"Fiction, Romance, Contemporary, Medical"
OL4056404W,"Fiction, Romance, Contemporary"
OL4056404W,"Fiction, romance, general"
OL4056404W,Large type books
OL15563527W,"Fiction, Romance, Historical, Regency"
OL3771285W,"Fiction, Romance, Contemporary"
OL3771285W,"Fiction, suspense"
OL11277336W,"Fiction, Romance, Contemporary"
OL11277336W,"Man-woman relationships, fiction"
OL2705573W,Fiction
OL2705573W,romance
OL27729743W,nyt:trade-fiction-paperback=2023-05-14
OL27729743W,New York Times bestseller
OL27729743W,Thriller
OL27729743W,Mystery
OL27729743W,Fiction
OL27729743W,Mystery Thriller
OL27729743W,Suspense
OL27729743W,Crime
OL27729743W,Psychological Thriller
OL27729743W,Series:The-Housemaid
OL27729743W,Contemporary
OL27729743W,Romance
OL27729743W,"Fiction, thrillers, domestic"
OL27729743W,"Fiction, thrillers, psychological"
OL27729743W,"Fiction, thrillers, suspense"
OL3775343W,"Fiction, Romance, Contemporary"
OL3775343W,"Second chance romance, fiction"
OL3775343W,"Small town, fiction"
OL3775343W,"Single father, fiction"
OL3775343W,"Secret identity, fiction"
OL3775343W,"Swoonworthy hero,  fiction"
OL3775343W,"Strong heroine, fiction"
OL3775343W,"Humorous, fiction"
OL3775343W,"Steamy, fiction"
OL3775343W,"Fiction, romance, general"
OL3775343W,"Man-woman relationships, fiction"
OL3759022W,"Fiction, Romance, Contemporary"
OL3759022W,"Passion, fiction"
OL3759022W,"Amnesia, fiction"
OL3759022W,"Amnesiacs, fiction"
OL3759022W,"Man-woman relationships, fiction"
OL3981106W,"Fiction, Romance, Contemporary"
OL3981106W,Large print
OL3981106W,"Fiction, romance, general"
OL15829490W,Fiction
OL15829490W,Romance
OL15829490W,Contemporary
OL15829490W,Passion
OL15829490W,Billionaires
OL15829490W,"Fiction, romance, general"
OL4181990W,Romance
OL4181990W,Fiction
OL4181990W,Harlequin
OL4181990W,Blackmail
OL4181990W,"Fiction, general"
OL3498675W,Romance
OL3498675W,Passion
OL3498675W,Fiction
OL3498675W,Harlequin
OL3498675W,"Fiction, romance, general"
OL3803167W,"Fiction, Romance, Contemporary"
OL3803167W,"Fiction, general"
OL3498747W,"Fiction, romance, general"
OL3498747W,"Fiction, general"
OL3498747W,Large type books
OL26947W,collectionID:Mbodice_ripper
OL26947W,Great Britain
OL26947W,History
OL26947W,Fiction
OL26947W,Love stories
OL26947W,Young women
OL26947W,Social life and customs
OL26947W,Historical fiction
OL26947W,Love Stories- England
OL26947W,Romance fiction
OL26947W,Romance-language fiction
OL26947W,Clans
OL26947W,Medieval Civilization
OL26947W,Large type books
OL26947W,"Fiction, romance, historical"
OL26947W,"Scotland, fiction"
OL26947W,"England, fiction"
OL26947W,"Fiction, romance, historical, general"
OL26947W,Medieval Romance
OL26947W,Bodice ripper
OL26947W,Manners and customs
OL3775268W,"Fiction, Romance, Contemporary"
OL3775268W,"Divorced people, fiction"
OL3775268W,"Marriage, fiction"
OL3775268W,"Fiction, romance, general"
OL11327425W,Fiction in English
OL11327425W,Romance fiction
OL16079288W,"Fiction, Romance, Contemporary"
OL3475970W,New Zealand fiction
OL3475970W,Fiction
OL3475970W,romance
OL3475970W,general
OL59380W,Amnesia
OL59380W,Fiction
OL59380W,Historical Fiction
OL59380W,Plantation life
OL59380W,Romance
OL59380W,Romance fiction
OL59380W,Love stories
OL59380W,Large type books
OL59380W,"Fiction, romance, historical"
OL59380W,"Fiction, romance, historical, general"
OL7990778W,"Fiction, Romance, Contemporary"
OL7990778W,"Personal assistants, fiction"
OL7990778W,"Betrayal, fiction"
OL7990778W,Harlequin Presents
OL7990778W,Nine to Five series
OL4440534W,Fiction
OL4440534W,romance
OL4440534W,contemporary
OL4440534W,"Fiction, general"
OL21505716W,"Fiction, romance, general"
OL21505716W,English Romance fiction
OL3773948W,"Fiction, Romance, Contemporary"
OL3773948W,"Man-woman relationships, fiction"
OL3773948W,"Models, fiction"
OL3773948W,"Revenge, fiction"
OL3773948W,"Fiction, romance, general"
OL3773948W,Fiction
OL3773948W,Passion
OL3773948W,Romance
OL3773948W,Large type books
OL554620W,Fiction
OL554620W,Historical Romance
OL554620W,Man-woman relationship
OL554620W,nyt:trade-fiction-paperback=2021-01-17
OL554620W,New York Times bestseller
OL554620W,Marriage
OL554620W,The Bridgertons series
OL554620W,History
OL11327981W,"Fiction, Romance, Contemporary"
OL11327981W,"Cousins, fiction"
OL11327981W,"Widowers, fiction"
OL11327981W,"Guardian and ward, fiction"
OL11327981W,"Betrayal, fiction"
OL11327981W,"Man-woman relationships, fiction"
OL14920304W,"Fiction, Romance, Historical, Regency"
OL3475954W,Fiction in English
OL3475954W,Romance fiction
OL2959212W,"Fiction, Romance, Contemporary"
OL2959212W,"Mothers and daughters, fiction"
OL2959212W,"Fathers and daughters, fiction"
OL3519309W,"Fiction, romance, contemporary"
OL66513W,Social life and customs
OL66513W,Mate selection
OL66513W,Fiction
OL66513W,Fathers and daughters
OL66513W,open_syllabus_project
OL66513W,Historical Fiction
OL66513W,Female friendship
OL66513W,Young women
OL66513W,Classic Literature
OL66513W,"Love stories, English"
OL66513W,Reading Level-Grade 7
OL66513W,Reading Level-Grade 9
OL66513W,Reading Level-Grade 8
OL66513W,Reading Level-Grade 11
OL66513W,Reading Level-Grade 10
OL66513W,Reading Level-Grade 12
OL66513W,Manners and customs
OL66513W,British and irish fiction (fictional works by one author)
OL66513W,"England, fiction"
OL66513W,"Woodhouse, emma (fictitious character), fiction"
OL66513W,"Young women, fiction"
OL66513W,"Great britain, social life and customs, fiction"
OL66513W,"Austen, jane, 1775-1817"
OL66513W,"Fathers and daughters, fiction"
OL66513W,"Fiction, coming of age"
OL66513W,"Fiction, humorous"
OL66513W,"Friendship, fiction"
OL66513W,English literature
OL66513W,"Fiction, romance, general"
OL66513W,Large type books
OL66513W,Emma Woodhouse (Fictitious character)
OL66513W,Romance fiction
OL66513W,English fiction
OL66513W,"Fiction, humorous, general"
OL66513W,FICTION / Classics
OL66513W,FICTION / Historical
OL66513W,FICTION / Literary
OL66513W,Love stories
OL66513W,Humorous fiction
OL66513W,"English literature, history and criticism, 19th century"
OL66513W,Friendship
OL66513W,England
OL66513W,Courtship
OL66513W,Juvenile fiction
OL66513W,Children's stories
OL66513W,"English literature, outlines, syllabi, etc."
OL66513W,"Man-woman relationships, fiction"
OL66513W,General
OL66513W,Humorous stories
OL66513W,England -- Fiction
OL66513W,Young women -- Fiction
OL66513W,Fathers and daughters -- Fiction
OL66513W,Bildungsromans
OL66513W,Mate selection -- Fiction
OL66513W,Female friendship -- Fiction
OL66513W,Readers
OL66513W,Literature and fiction (general)
OL66513W,"Blind, books and reading"
OL66513W,"English language, juvenile literature"
OL66513W,Pères et filles
OL66513W,"Romans, nouvelles"
OL66513W,Amitié féminine
OL66513W,Choix du conjoint
OL66513W,Jeunes femmes
OL66513W,Romance
OL66513W,Humorous
OL66513W,Zhang pian xiao shuo
OL66513W,"Fiction, general"
OL66513W,Young women--fiction
OL66513W,Fathers and daughters--fiction
OL66513W,Female friendship--fiction
OL66513W,Pr4034 .e5 2001
OL66513W,823/.7
OL66513W,"Austen, jane , 1775-1817"
OL66513W,"Woodhouse, emma"
OL66513W,Mate selection--fiction
OL66513W,Young women--england--fiction
OL66513W,Pr4034 .e5 2012
OL66513W,Children's fiction
OL66513W,Classics
OL66513W,Historical
OL66513W,Literary
OL66513W,Contemporary women
OL66513W,English & college success -> english -> fiction
OL66513W,Long Now Manual for Civilization
OL66513W,Otcové a dcery
OL66513W,Přátelství
OL66513W,Zamilovanost
OL66513W,Humoristický román
OL66513W,Upper class
OL66513W,Man-woman relationships
OL66513W,Classes supérieures
OL66513W,Relations entre hommes et femmes
OL66513W,Amours
OL66513W,Mœurs et coutumes
OL66513W,English Love stories
OL66513W,collection:Name
OL66513W,English Romance fiction
OL4778064W,Fiction
OL4778064W,Romance
OL4778064W,Historical
OL4778064W,"Fiction, romance, general"
OL3498658W,Fiction
OL3498658W,Romance
OL3498658W,Contemporary
OL3498658W,Passion
OL3498658W,"Fiction, romance, general"
OL3498658W,"Fiction, romance, contemporary"
OL17796310W,"Fiction, Romance, Contemporary"
OL17796310W,"Billionaires, fiiction"
OL17796310W,"Secretaries, fiction"
OL17796310W,"Fiction, erotica"
OL17796310W,"Italy, fiction"
OL17796310W,"Fiction, romance, general"
OL17796310W,"Fiction, romance, erotica"
OL17796310W,"Fiction, romance, erotic"
OL11762231W,"Fiction, Romance, Contemporary"
OL11762231W,"Fiction, general"
OL17367560W,Magic
OL17367560W,YA
OL17367560W,High Fantasy
OL17367560W,Fiction
OL17367560W,Romance
OL17367560W,Fantasy
OL17367560W,Court
OL17367560W,Assassins
OL17367560W,Identity
OL17367560W,Identity (Psychology)
OL17367560W,Children's fiction
OL17367560W,"Kings, queens, rulers, etc., fiction"
OL17367560W,"Criminals, fiction"
OL17367560W,"Identity, fiction"
OL17367560W,Fantasy fiction
OL17367560W,Young adult fiction
OL17367560W,[series:Throne_of_Glass]
OL17367560W,Young Adult
OL17367560W,Female assassins
OL4215956W,"Fiction, romance, general"
OL4215956W,Physical therapists
OL4215956W,Fiction
OL11327939W,"Fiction, Romance, Contemporary"
OL3467590W,"Fiction, Romance, Contemporary"
OL3467590W,Models (Persons)
OL3467590W,Fiction
OL3467590W,Mannequins (Personnes)
OL3467590W,"Romans, nouvelles"
OL3467590W,"Fiction, general"
OL3771226W,"Fiction, Romance, Contemporary"
OL3498606W,Romance fiction
OL3498606W,separation
OL3498606W,divorce
OL3498606W,second chance love
OL3498606W,adultery
OL3498606W,jealousy
OL3498606W,New Zealand fiction
OL3981131W,"Fiction, Romance, Contemporary"
OL3981131W,"Silversmith, fiction"
OL3981131W,"Kissing cousins, fiction"
OL3981131W,"Fiction, romance, general"
OL3457822W,"Fiction, Romance, Contemporary"
OL16211977W,Interpersonal relations
OL16211977W,Love
OL16211977W,Brothers
OL16211977W,Vacation homes
OL16211977W,Beaches
OL16211977W,Fiction
OL16211977W,Juvenile fiction
OL16211977W,Love stories
OL16211977W,Romance fiction
OL16211977W,nyt:chapter-books=2011-05-15
OL16211977W,New York Times bestseller
OL16211977W,Children's fiction
OL16211977W,"Love, fiction"
OL16211977W,"Brothers and sisters, fiction"
OL16211977W,"Interpersonal relations, fiction"
OL16211977W,"Seashore, fiction"
OL16211977W,"Vacations, fiction"
OL16211977W,Weibliche Jugend
OL16211977W,Erste Liebe
OL16211977W,Student
OL16211977W,Bruder
OL16211977W,"Siblings, fiction"
OL16211977W,"Literature and fiction, juvenile"
OL3759016W,"Fiction, Romance, Contemporary"
OL3759016W,"Man-woman relationships, fiction"
OL3759016W,"Passion, fiction"
OL3759016W,"Divorced people,  fiction"
OL3759016W,"Businesspeople, fiction"
OL2705576W,Fiction
OL2705576W,romance
OL2705576W,Romance
OL4342710W,"Fiction, Romance, Contemporary"
OL3759335W,"Fiction, Romance, Contemporary"
OL3759335W,"Blended families,  fiction"
OL3759335W,"English aristocracy, fiction"
OL3759335W,"Man-woman relationships, fiction"
OL8315351W,Fiction
OL8315351W,Contemporary Romance
OL8315351W,businessman
OL8315351W,Large Print
OL8315351W,Large type books
OL8315351W,Harlequin Romance Subscription
OL6093056W,"Fiction, Romance, Contemporary"
OL6093056W,"Passion, fiction"
OL11328046W,"Fiction, Romance, Contemporary"
OL15920208W,"Fiction, Romance, Contemporary"
OL4233165W,"Fiction, Romance, Contemporary"
OL4233165W,"Sicilians, fiction"
OL4233165W,"Revenge, fiction"
OL4233165W,Italians
OL4233165W,"fiction"""
OL3754833W,Fiction
OL3754833W,romance
OL11328039W,Fiction
OL11328039W,Romance
OL11328039W,"Contemporary"""
OL3519327W,"Fiction, Romance, Contemporary"
OL4457627W,"Fiction, Romance, Contemporary"
OL3458024W,"Fiction, Romance, Contemporary, Medical"
OL59377W,collectionID:Mbodice_ripper
OL59377W,Fiction
OL59377W,Romance
OL59377W,Kidnapping
OL59377W,Love stories
OL59377W,"Fiction, general"
OL59377W,"Fiction, romance, historical, general"
OL59377W,Historical Romance
OL59377W,Medieval romance
OL59377W,Bodice ripper
OL26945W,"collectionID:Mbodice_ripper, fiction"
OL26945W,"Fiction, Romance, Historical, Medieval"
OL26945W,"Scotland, fiction"
OL26945W,"Nobility, fiction"
OL26945W,"Man-woman relationships, fiction"
OL26945W,"Marriage, fiction"
OL26945W,Man-woman relationships
OL26945W,Fiction
OL3476068W,"Fiction, romance, general"
OL3476068W,Large type books
OL3457667W,"Fiction, Romance, Contemporary"
OL3457667W,Fiction in English
OL4055729W,"Fiction, romance, general"
OL3845171W,"Fiction, Romance, Contemporary"
OL15841592W,"Fiction, Romance, Contemporary"
OL17357353W,LGBT
OL17357353W,Young Adult
OL17357353W,JUVENILE FICTION / Love & Romance
OL17357353W,Secrets
OL17357353W,Juvenile fiction
OL17357353W,Secrecy
OL17357353W,JUVENILE FICTION / Social Issues / Friendship
OL17357353W,Friendship in adolescence
OL17357353W,Fiction
OL17357353W,Gay teenagers
OL17357353W,Schools
OL17357353W,High schools
OL17357353W,Gays
OL17357353W,Friendship
OL17357353W,Extortion
OL17357353W,JUVENILE FICTION / Social Issues / Homosexuality
OL17357353W,Pen pals
OL17357353W,Social Issues
OL17357353W,Library list
OL17357353W,Highland Park High School
OL17357353W,Love & Romance
OL17357353W,School stories
OL17357353W,Coming out (Sexual orientation)
OL17357353W,Reading list
OL17357353W,2016 Summer
OL17357353W,Homosexuality
OL17357353W,Children's fiction
OL17357353W,"Homosexuality, fiction"
OL17357353W,"Friendship, fiction"
OL17357353W,"Schools, fiction"
OL17357353W,LGBTQ young adult
OL17357353W,"Adventure and adventurers, fiction"
OL17357353W,"Young adult fiction, romance, lgbtq+"
OL17357353W,"Young adult fiction, social themes, friendship"
OL17357353W,"Young adult fiction, lgbtq+"
OL17357353W,LGBTQ coming out
OL3771219W,"Fiction, Romance, Contemporary"
OL3754904W,"Fiction, Romance, Contemporary"
OL3759477W,"Fiction, Romance, Contemporary"
OL3759477W,Large print books
OL3759477W,"Fiction, romance, general"
OL3498713W,Romance fiction
OL3498713W,"Fiction, romance, general"
OL3498713W,Large type books
OL3476059W,"Fiction, Romance, Contemporary"
OL3476059W,New Zealand fiction
OL267096W,Fiction
OL267096W,Adultery
OL267096W,Married women
OL267096W,Social life and customs
OL267096W,Social conditions
OL267096W,Upper class women
OL267096W,Russian literature
OL267096W,Upper class
OL267096W,Classic Literature
OL267096W,Literature
OL267096W,Drama
OL267096W,Non-English Fiction
OL267096W,Romance
OL267096W,Russian fiction
OL267096W,open_syllabus_project
OL267096W,Long Now Manual for Civilization
OL267096W,Reading Level-Grade 11
OL267096W,Reading Level-Grade 12
OL267096W,Continental European fiction (fictional works by one author)
OL267096W,"Married people, fiction"
OL267096W,History
OL267096W,Manners and customs
OL267096W,Russia
OL267096W,Love stories
OL267096W,FICTION / Classics
OL267096W,FICTION / Literary
OL267096W,Literary
OL267096W,Spanish: Adult Fiction
OL267096W,Slavic philology
OL267096W,Romance fiction
OL267096W,love
OL267096W,marriage
OL267096W,morals
OL267096W,Chang pian xiao shuo
OL267096W,Translations into English
OL267096W,Translations from Russian
OL267096W,English fiction
OL267096W,Mujeres casadas
OL267096W,Novela
OL267096W,Adulterio
OL267096W,"Ancient, Classical & Medieval"
OL267096W,Russian Novel And Short Story
OL267096W,Literature - Classics / Criticism
OL267096W,Literary Collections
OL267096W,Classics
OL267096W,Romance - General
OL267096W,Cuentos de amor
OL267096W,Vida social y costumbres
OL267096W,Ficción
OL267096W,"Literature and fiction, historical fiction"
OL267096W,"Fiction, romance, historical, general"
OL267096W,Adultery -- Fiction
OL267096W,Didactic fiction
OL267096W,Russia -- Fiction
OL267096W,Large type books
OL267096W,Femmes mariées
OL267096W,"Romans, nouvelles"
OL267096W,Wives
OL267096W,"Fiction, general"
OL267096W,Youth
OL267096W,Conduct of life
OL267096W,Suicide in literature
OL267096W,Criticism and interpretation
OL267096W,Anna Karenina (Fictitious character)
OL267096W,Suicide
OL267096W,Adultery--russia--fiction
OL267096W,Married women--fiction
OL267096W,Adultery--fiction
OL267096W,Pg3366 .a6 1995
OL267096W,891.73/3
OL267096W,"Anna Karenina (Tolstoy, Leo, graf)"
OL267096W,Translations into Japanese
OL267096W,"Karénine, Anna (Personnage fictif)"
OL267096W,Conditions sociales
OL267096W,Mœurs et coutumes
OL267096W,Biography
OL267096W,Theater programs
OL267096W,Specimens
OL267096W,"Teʼaṭron ha-ʻironi Beʼer-Shevaʻ (Beersheba, Israel)"
OL267096W,"Literature, collections"
OL11327189W,Fiction in English
OL11327189W,"Fiction, romance, general"
OL11327189W,Large type books
OL66534W,Mate selection
OL66534W,Cousins
OL66534W,Fiction
OL66534W,Young women
OL66534W,Horror tales
OL66534W,Families
OL66534W,Uncles
OL66534W,Appreciation
OL66534W,Children of the rich
OL66534W,English Love stories
OL66534W,Sisters
OL66534W,Courtship
OL66534W,Books and reading
OL66534W,Open Library Staff Picks
OL66534W,Country homes
OL66534W,Rejection (Psychology)
OL66534W,Fathers and daughters
OL66534W,Female friendship
OL66534W,Manners and customs
OL66534W,Social classes
OL66534W,Ship captains
OL66534W,Social life and customs
OL66534W,Adoptees
OL66534W,Motherless families
OL66534W,"Love stories, English"
OL66534W,Emma Woodhouse (Fictitious character)
OL66534W,Young women -- Fiction
OL66534W,English Romance fiction
OL66534W,Romantaic suspense novels
OL66534W,Gothic novels
OL66534W,Romance fiction
OL66534W,Satire
OL66534W,Northanger Abbey
OL66534W,British and irish fiction (fictional works by one author)
OL66534W,"England, fiction"
OL66534W,"Young women, fiction"
OL66534W,English literature
OL66534W,Correspondence
OL66534W,English Novelists
OL66534W,Marriage
OL66534W,Gentry
OL66534W,Large type books
OL66534W,Literature: Classics
OL66534W,"Fiction, gothic"
OL66534W,"Fiction, satire"
OL66534W,"Fiction, general"
OL66534W,"Fiction, historical, general"
OL66534W,"Fiction, romance, general"
OL66534W,Powieść angielska
OL66534W,Tłumaczenia polskie
OL66534W,Economic aspects
OL66534W,"Northanger Abbey (Austen, Jane)"
OL66534W,"Persuasion (Austen, Jane)"
OL66534W,"Fiction, horror"
OL66534W,"Romans, nouvelles"
OL66534W,Mœurs et coutumes
OL66534W,"Nineteenth century,"
OL66534W,Nineteenth century
OL66534W,Romance
OL66534W,Suspense
OL66534W,Readers
OL66534W,Children's fiction
OL66534W,"Austen, jane , 1775-1817"
OL66534W,"Morland, catherine"
OL66534W,Horror tales--appreciation
OL66534W,Horror tales--appreciation--fiction
OL66534W,Books and reading--fiction
OL66534W,Young women--fiction
OL66534W,Young women--england--fiction
OL66534W,Pr4034 .n7 2004
OL66534W,823/.7
OL66534W,"Literature, history and criticism"
OL66534W,Literature and fiction (general)
OL3771196W,"Fiction, Romance, Contemporary"
OL9482483W,Fiction
OL9482483W,romance
OL11277279W,"Fiction, Romance, Contemporary"
OL11277279W,"Concert pianist, fiction"
OL11277279W,"Music, fiction"
OL11277279W,"Amnesia, fiction"
OL11277279W,"Unplanned pregnancy, fiction"
OL11277279W,"Adultery, fiction"
OL11277279W,"Second chance love, fiction"
OL3775486W,"Fiction, Romance, Contemporary"
OL3775486W,"Fiction, romance, general"
OL3519233W,"Fiction, Romance, Contemporary"
OL11327985W,"Fiction, Romance, Contemporary"
OL3458069W,"Fiction, Romance, Contemporary"
OL3458069W,"Hospital consultants, fiction"
OL3458069W,"Nurses, fiction"
OL3458069W,"Nursing students, fiction"
OL3458069W,"Man-woman relationships, fiction"
OL3458069W,"Comics & graphic novels, general"
OL3458069W,"Comic books, strips"
OL18027935W,Romance
OL18027935W,fiction
OL3775499W,"Fiction, Romance, Contemporary"
OL3775499W,"Fiction, romance, general"
OL24514935W,American literature
OL24514935W,Romance
OL24514935W,Fantasy
OL24514935W,Mythology
OL24514935W,Dark Romance
OL24514935W,Retellings
OL24514935W,Smut
OL24514935W,Fiction
OL24514935W,Greek Mythology
OL28852929W,"Fiction, romance, general"
OL8034526W,LGBT
OL8034526W,Italy
OL8034526W,Summer
OL8034526W,Love
OL8034526W,Romance
OL8034526W,Teenage boys
OL8034526W,Authors
OL8034526W,Fiction
OL8034526W,Gay teenagers
OL8034526W,Boys and men
OL8034526W,cmbyn
OL8034526W,northern Italy
OL8034526W,gay
OL8034526W,teen romance
OL8034526W,LGBTQ novels
OL8034526W,Lambda Literary Awards
OL8034526W,Lambda Literary Award Winner
OL8034526W,nyt:trade-fiction-paperback=2018-01-21
OL8034526W,New York Times bestseller
OL8034526W,"Gay men, fiction"
OL8034526W,"Fiction, romance, contemporary"
OL8034526W,"Fiction, gay"
OL8034526W,"Italy, fiction"
OL8034526W,"Fiction, coming of age"
OL8034526W,"Authors, fiction"
OL8034526W,Coming of age
OL8034526W,Fear
OL8034526W,Garcons adolescents
OL8034526W,"Romans, nouvelles"
OL8034526W,Adolescents homosexuel
OL8034526W,"Fiction, lgbtq+, gay"
OL8034526W,Ferro-Grumley Award for LGBTQ Fiction Finalist
OL8034526W,Adolescentes homosexuales
OL8034526W,Hombres gays
OL8034526W,Conducta sexual
OL8034526W,Varones homosexuales
OL8034526W,Gay men
OL8034526W,Ficcion
OL8034526W,Autores
OL3498779W,"Fiction, general"
OL3498779W,Marriage
OL3498779W,Fiction
OL3498779W,Large type books
OL3498779W,"Fiction, romance, general"
OL3498779W,Romance
OL16587258W,"Fiction, Romance, Contemporary"
OL16587258W,"Billionaires,  fiction"
OL16587258W,"Russians, fiction"
OL16587258W,"Fiction, romance, erotica"
OL16587258W,"Man-woman relationships, fiction"
OL3775432W,"Fiction, Romance, Contemporary"
OL3775432W,"Women editors,  fiction"
OL3775432W,"Single mothers, fiction"
OL3775432W,"Novelists, fiction"
OL3775432W,"Birthfathers,  fiction"
OL3775432W,"Widows, fiction"
OL3775432W,"Women journalists, fiction"
OL3775432W,"Authors, fiction"
OL3775432W,"Fiction, romance, general"
OL3773892W,"Fiction, Romance, Contemporary, Modern"
OL3773892W,"Passion, fiction"
OL3773892W,"Amnesia, fiction"
OL3498726W,"Fiction, romance, general"
OL3844328W,"Fiction, romance, contemporary"
OL26954W,"Fiction, Romance, Historical"
OL26954W,"Marriage, fiction"
OL26954W,"Nobility,  fiction"
OL26954W,"Ranchers, fiction"
OL26954W,Love stories
OL26954W,"Fiction, romance, contemporary"
OL26954W,"Montana, fiction"
OL17729469W,"Fiction, Romance, Contemporary"
OL17729469W,Short stories
OL17729469W,"Man-woman relationships, fiction"
OL1002120W,"Fiction, psychological"
OL1002120W,"Rio de janeiro (brazil), fiction"
OL1002120W,Fiction
OL1002120W,Brazil
OL1002120W,Macabea
OL1002120W,Rio de Janeiro
OL1002120W,"Fiction, general"
OL1002120W,Romance literature
OL1002120W,Romance brasileiro
OL1002120W,"Fiction, women"
OL1002120W,"Fiction, hispanic & latino"
OL1002120W,Portuguese fiction
OL1002120W,Translations into English
OL1002120W,Manuscripts
OL1002120W,Facsimiles
OL1002120W,"Hora da estrela (Lispector, Clarice)"
OL2959362W,"Fiction, romance, contemporary"
OL4440545W,"Fiction, Romance, Contemporary"
OL4440545W,"Arranged marriage, fiction"
OL4440545W,"Obtainibg financial benefit by deception,  fiction"
OL4440545W,"Impersonation, fiction"
OL4440545W,"Retribution, fiction"
OL2705648W,Fiction
OL2705648W,romance
OL2705648W,general
OL2705648W,"Fiction, general"
OL4092683W,"Fiction, Romance, Historical, Regency"
OL4092683W,"Social life and customs, fiction"
OL4092683W,"Mate selection, fiction"
OL4092683W,"Inheritance and succession, fiction"
OL4092683W,"Man-woman relationships, fiction"
OL3771158W,"Fiction, Romance, Contemporary"
OL3754832W,"Fiction, Romance, Contemporary"
OL3457875W,"Fiction, Romance, Contemporary, Medical"
OL3457875W,"Nurses, fiction"
OL3261155W,"Man-woman relationships, fiction"
OL3261155W,Historical fiction
OL3261155W,"Culloden, Battle of, Scotland, 1746"
OL3261155W,"Jacobite Rebellion, 1745-1746 in fiction"
OL3261155W,History
OL3261155W,Scotland in fiction
OL3261155W,Fiction
OL3261155W,"Jacobite Rebellion, 1745-1746"
OL3261155W,"Culloden, Battle of Scotland, 1746"
OL3261155W,Time travel in fiction
OL3261155W,"Culloden, Battle of, Scotland, 1746 in fiction"
OL3261155W,Man-woman relationships in fiction
OL3261155W,Love stories
OL3261155W,Time travel
OL3261155W,Jacobite Rebellion (1745-1746) fast (OCoLC)fst00981043
OL3261155W,War stories
OL3261155W,Historical
OL3261155W,"Culloden, Battle of (Scotland : 1746) fast (OCoLC)fst00884970"
OL3261155W,Fantastic fiction
OL3261155W,Romance
OL3261155W,Fantasy
OL3261155W,Space and time
OL3261155W,Fantasy fiction
OL3261155W,"Fiction, romance, time travel"
OL3261155W,"Fraser, claire (fictitious character), fiction"
OL3261155W,"Fiction, romance, historical"
OL3261155W,"Fiction, historical"
OL3261155W,"Fraser, jamie (fictitious character), fiction"
OL3261155W,"Jacobite rebellion, 1745-1746, fiction"
OL3261155W,"Scotland, fiction"
OL3261155W,nyt:combined-print-and-e-book-fiction=2014-01-19
OL3261155W,New York Times bestseller
OL3261155W,"Fiction, historical, general"
OL3261155W,Action
OL3261155W,American literature
OL3261155W,"Culloden (Scotland), Battle of, 1746"
OL3261155W,Romantic suspense fiction
OL3261155W,English Historical fiction
OL17457466W,"Fiction, romance, general"
OL17457466W,Marriage
OL17457466W,Nieces
OL17457466W,Triplets
OL17457466W,Pregnancy
OL17457466W,Adoption
OL17457466W,Fiction
OL17457466W,Romance
OL17457466W,Harlequin
OL17457466W,Large type books
OL3457702W,"Fiction, Romance, Contemporary, Medical"
OL3457702W,"Marriage, Fiction"
OL3457702W,"Man-woman relationships, fiction"
OL11327978W,Fiction
OL11327978W,Inheritance and succession
OL11327978W,Single mothers
OL11327978W,Large type books
OL11327978W,"Fiction, romance, general"
OL3789654W,"Fiction, romance, contemporary"
OL3789654W,"Fiction, general"
OL3789654W,"Fiction, romance, general"
OL167282W,Fiction
OL167282W,Large type books
OL167282W,"Fiction, romance, contemporary"
OL167282W,"California, fiction"
OL167282W,"San francisco (calif.), fiction"
OL167282W,"Fiction, general"
OL167282W,"Fiction, romance, general"
OL167282W,"Brothers and sisters, fiction"
OL3759152W,"Fiction, Romance, Contemporary"
OL3759152W,"Man-woman relationships, fiction"
OL27411628W,Fiction
OL27411628W,Fantasy
OL27411628W,Romance
OL3771256W,"Fiction, Romance, Contemporary"
OL3771256W,Anthology
OL3771236W,"Fiction, Romance, Contemporary"
OL3771236W,"Divorced women, fiction"
OL3771236W,Divorced women
OL3771236W,Fiction
OL3457804W,"Fiction, Romance, Contemporary, Medical"
OL3457804W,Fiction in English
OL3498775W,"Fiction, romance, general"
OL3498775W,"Fiction, romance, contemporary"
OL2625405W,"Fiction, romance, contemporary"
OL2625405W,"Japan, fiction"
OL2625405W,Near and far eastern fiction (fictional works by one author)
OL2625405W,Language and languages
OL2625405W,Japan -- Fiction.
OL2625405W,Man-woman relationships
OL2625405W,Fiction
OL2625405W,New York Times reviewed
OL2625405W,"Fiction, romance, general"
OL2625405W,Novela japonesa
OL2625405W,Traducciónes al español
OL4456392W,Fiction in English
OL4456392W,Romance fiction
OL15143239W,Virginity
OL15143239W,Seduction
OL15143239W,Fiction
OL15143239W,Romance
OL15143239W,Passion
OL15143239W,Businessmen
OL15143239W,Pregnancy
OL15143239W,Young women
OL15143239W,Charity
OL15143239W,"Fiction, romance, erotica"
OL15143239W,"Fiction, romance, erotic"
OL27640264W,"Fiction, romance, general"
OL18199566W,Children's fiction
OL18199566W,"Love, fiction"
OL18199566W,"Diseases, fiction"
OL18199566W,"Interpersonal relations, fiction"
OL18199566W,"Adolescence, fiction"
OL18199566W,nyt:young-adult-hardcover=2018-12-09
OL18199566W,New York Times bestseller
OL18199566W,Cystic fibrosis
OL18199566W,Juvenile fiction
OL18199566W,Lungs
OL18199566W,Transplantation
OL18199566W,Drugs
OL18199566W,Testing
OL18199566W,Fiction
OL18199566W,Love
OL18199566W,General
OL18199566W,Romance fiction
OL18199566W,Young adult fiction
OL18199566W,Media Tie-In
OL18199566W,Romance
OL18199566W,Contemporary
OL18199566W,Social Themes
OL18199566W,"Death, Grief, Bereavement"
OL1902291W,Large type books
OL1902291W,Amnesia
OL1902291W,Ranchers
OL1902291W,Fiction
OL1902291W,"Fiction, romance, general"
OL1902291W,"Raphael, 1483-1520"
OL1902291W,Man-woman relationships
OL1902291W,Passion
OL1902291W,Romance
OL1902291W,Cowboys
OL1902291W,"Fiction, romance, western"
OL1902291W,"Man-woman relationships, fiction"
OL16041835W,"Fiction, Romance, Contemporary"
OL16041835W,"Arranged marriage, fiction"
OL16041835W,"Spaniards, fiction"
OL16041835W,"Amnesia, fiction"
OL16041835W,"Traffic accident victims, fiction"
OL16041835W,Romance
OL16041835W,"erotica"""
OL16041835W,"Marriage, fiction"
OL16041835W,"Romance,  erotica, fiction"
OL11327207W,"Fiction, romance, general"
OL3770779W,"Fiction, Romance, Contemporary"
OL17527971W,Romance fiction
OL17527971W,Historical fiction
OL17527971W,"Fiction, general"
OL15180402W,Fiction
OL15180402W,Passion
OL15180402W,Romance
OL15180402W,"Fiction, romance, erotica"
OL15180402W,"Brothers and sisters, fiction"
OL15180402W,"Fiction, romance, erotic"
OL15180402W,Rich people
OL15180402W,Mistresses
OL15180402W,Cousins
OL15180402W,Revenge
OL15180402W,Harlequin
OL15180402W,Man-woman relationships
OL15180402W,Extortion
OL15180402W,"Fiction, romance, general"
OL15450W,Fairy tales
OL15450W,Scottish Fantasy fiction
OL15450W,"Fiction, romance, fantasy"
OL15450W,"Fiction, science fiction, general"
OL15450W,"Fiction, fantasy, general"
OL15450W,Classic Literature
OL15450W,Fantasy
OL15450W,Fiction
OL15450W,English literature
OL15450W,Fairies
OL15450W,Fairyland (Imaginary place)
OL15450W,English Fantasy fiction
OL15450W,Scottish authors
OL15450W,Fantasy fiction
OL15450W,"Fiction, general"
OL15450W,Imaginary places
OL4463817W,Romance fiction
OL37577731W,"Fiction, romance, fantasy"
OL3773983W,"Fiction, Romance, Contemporary"
OL3773983W,"Marriage, fiction"
OL3773983W,"Italians, fiction"
OL3773983W,Single mothers
OL3773983W,"fiction"""
OL3773983W,Large type books
OL3773983W,Livres en gros caractères
OL3773983W,Large print books
OL3773983W,"Fiction, romance, general"
OL3775503W,"Fiction, general"
OL3775503W,Hotelkeepers
OL3775503W,Fiction
OL3775503W,"Fiction, romance, general"
OL5682983W,Virginity
OL5682983W,Fiction
OL5682983W,"Fiction, romance, historical, general"
OL5682983W,"Fiction, romance, general"
OL5682983W,Series:Deed
OL5682983W,Love stories
OL5682983W,Romance fiction
OL5682983W,Historical Romance
OL3771182W,"Fiction, Romance, Contemporary"
OL3771251W,"Fiction, Romance, Contemporary"
OL3771252W,"Fiction, Romance, Contemporary"
OL3498671W,Romance
OL3498671W,Fashion
OL3498671W,Revenge
OL3498671W,"Fiction, romance, general"
OL16080134W,"Fiction, Romance, Contemporary"
OL16080134W,"Fiction, romance, general"
OL3457659W,"Fiction, Romance, Contemporary"
OL3457659W,"Surgeons, fiction"
OL3457659W,"Physicians, fiction"
OL3771230W,"Fiction, Romance, Contemporary"
OL77813W,nobility
OL77813W,vampire novels
OL77813W,Fiction
OL77813W,Vampires
OL77813W,Romance
OL77813W,Literatura norte-americana
OL77813W,Vampires -- Fiction
OL77813W,horror tales
OL77813W,"Fiction, thrillers, general"
OL77813W,"France, fiction"
OL77813W,Lestat (Personaje literario)
OL77813W,Novela
OL77813W,Vampiros
OL77813W,"Lestat (fictitious character), fiction"
OL77813W,"Fiction, horror"
OL77813W,"Vampires, fiction"
OL77813W,"Italy, fiction"
OL77813W,"Comics & graphic novels, general"
OL77813W,Children's fiction
OL77813W,Horror stories
OL77813W,Series:The-Vampire-Chronicles
OL20004815W,College stdents
OL20004815W,Fiction
OL20004815W,FICTION / Romance / Contemporary
OL20004815W,FICTION / Contemporary Women
OL20004815W,College students
OL20004815W,Secrecy
OL20004815W,Man-woman relationships
OL20004815W,Jealousy
OL20004815W,College stories
OL20004815W,Romance fiction
OL20004815W,Young adult fiction
OL20004815W,"Fiction, romance, contemporary"
OL20004815W,"Fiction, women"
OL3773961W,"Fiction, Romance, Contemporary"
OL28695130W,Romance
OL28695130W,Inspirational
OL28695130W,Self-love
OL28695130W,Hope
OL28695130W,Faith
OL28695130W,Spirituality
OL28695130W,Personal growth
OL28695130W,Transformation
OL28695130W,New beginnings
OL28695130W,Overcoming challenges
OL28695130W,"Fiction, general"
OL28695130W,"Fiction, lgbtq+, gay"
OL4056539W,Fiction
OL4056539W,Romance
OL4056539W,Tender Romance
OL4056539W,Large type books
OL4056539W,"Fiction, romance, contemporary"
OL4056539W,Romance - Adult
OL4056539W,Romance - Contemporary
OL4056539W,Fiction / Romance / Adult
OL4056539W,Romance - General
OL4056539W,Fiction - Romance
OL4056539W,Romance: Modern
OL4056539W,Pregnant women
OL4056539W,Pregnant women -- Fiction
OL3759247W,"Fiction, Romance, Contemporary"
OL3759247W,"Virginity, fiction"
OL3759247W,"Passion, fiction"
OL3759247W,"Teachers, fiction"
OL3775450W,Fiction
OL3775450W,Romance
OL3775450W,"Contemporary"""
OL1979137W,collectionID:Mbodice_ripper
OL1979137W,Viking. Historical Romance
OL1979137W,"Fiction, romance, historical"
OL1979137W,Middle Ages
OL1979137W,Medieval Romance
OL1979137W,Romance
OL1979137W,"Fiction, historical, general"
OL1979137W,"Scotland, fiction"
OL1979137W,Fiction
OL1979137W,History
OL1979137W,Historical Fiction
OL1979137W,Historical Romance
OL1979137W,"Fiction, romance, historical, general"
OL1979137W,"Fiction, general"
OL1979137W,Bodice Ripper
OL18166009W,Romance fiction
OL18166009W,Romance-language fiction
OL18166009W,"Fiction, romance, contemporary"
OL3803074W,Van hoĐc
OL3803074W,"Fiction, romance, general"
OL2959321W,"Fiction, Romance, Contemporary"
OL3754909W,"Fiction, Romance, Contemporary"
OL4575517W,Harlequin Presents
OL4575517W,Romance
OL4575517W,Category Romance
OL4575517W,Contemporary Romance
OL4575517W,"Fiction, general"
OL4575517W,Virginity
OL4575517W,Fiction
OL16454919W,"Fiction, Romance, Contemporary"
OL16454919W,"Unmarried mothers, fiction"
OL16454919W,"Man-woman relationships, fiction"
OL16454919W,"Italians, fiction"
OL16454919W,"Secrecy, fiction"
OL16454919W,"Fiction, romance, erotica"
OL15121879W,"Fiction, Romance, Contemporary"
OL15121879W,"Man-woman relationships, fiction"
OL15121879W,"Orphans, fiction"
OL15121879W,"Forced marriage, fiction"
OL15121879W,"Married people, fiction"
OL15121879W,"Fiction, romance, general"
OL15121879W,"Marriage, fiction"
OL15121879W,Arranged marriage
OL15121879W,Fiction
OL17920477W,Romance fiction
OL16803752W,Love & Romance
OL16803752W,Love
OL16803752W,JUVENILE FICTION
OL16803752W,Teenagers
OL16803752W,Fiction
OL16803752W,Bullying
OL16803752W,First loves
OL16803752W,Dating (Social customs)
OL16803752W,High schools
OL16803752W,Schools
OL16803752W,Romance-language fiction
OL16803752W,History
OL16803752W,Love stories
OL16803752W,"Young adult fiction, social themes, bullying"
OL16803752W,"Young adult fiction, social themes, physical & emotional abuse"
OL16803752W,"Young adult fiction, romance, contemporary"
OL16803752W,Romance fiction
OL16803752W,American Romance fiction
OL16803752W,Teenage literature
OL16803752W,JUVENILE FICTION / Love & Romance
OL16803752W,nyt:young-adult-hardcover=2015-08-30
OL16803752W,New York Times bestseller
OL16803752W,New York Times reviewed
OL16803752W,nyt:young-adult=2013-03-31
OL16803752W,Family
OL16803752W,friendship
OL16803752W,Audiobooks
OL16803752W,Ficción juvenil
OL16803752W,Escuelas
OL16803752W,Noviazgo
OL16803752W,Escuelas secundarias
OL16803752W,Spanish language materials
OL16803752W,Large type books
OL16803752W,collectionID:EanesChallenge
OL16803752W,Man-woman relationships
OL16803752W,Relations entre hommes et femmes
OL16803752W,"Romans, nouvelles, etc. pour la jeunesse"
OL16803752W,Amours
OL16803752W,Écoles secondaires
OL16803752W,"Comic books, strips"
OL16803752W,Siblings
OL16803752W,Histoires d'amour
OL16803752W,"Romans, nouvelles"
OL16803752W,Écoles
OL16803752W,Roman adolescent anglais
OL16803752W,Roman d'amour
OL16803752W,collectionID:ConroeChallenge
OL16803752W,Harcèlement
OL16803752W,Différence (philosophie)
OL16803752W,Dating
OL16803752W,collectionID:bannedbooks
OL11327914W,Fiction
OL11327914W,Secretaries
OL11327914W,Executives
OL11327914W,"Fiction, romance, general"
OL4331841W,Love stories.
OL4331841W,Fiction
OL4331841W,"Fiction, romance, general"
OL4331841W,"Young women, fiction"
OL4331841W,"Sisters, fiction"
OL4331841W,"Texas, fiction"
OL4331841W,"Fiction, romance, contemporary"
OL4331841W,Sisters
OL3908271W,"Fiction, romance, general"
OL29226517W,Fantasía
OL29226517W,Fantasy
OL29226517W,ficción
OL29226517W,ficciones
OL29226517W,Fiction
OL29226517W,Romántica
OL29226517W,Romance
OL29226517W,Romántico
OL29226517W,joven adulto
OL29226517W,Young adult fiction
OL29226517W,nyt:combined-print-and-e-book-fiction=2023-05-21
OL29226517W,New York Times bestseller
OL29226517W,Serie:The_Empyrean
OL24377219W,nyt:trade-fiction-paperback=2021-06-20
OL24377219W,New York Times bestseller
OL24377219W,"Fiction, romance, contemporary"
OL24377219W,"Fiction, romance, erotica"
OL24377219W,"Fiction, women"
OL24377219W,"Fiction, romance, general"
OL24377219W,Fiction
OL24377219W,FICTION / Romance / Erotica
OL24377219W,FICTION / Romance / General
OL24377219W,FICTION / Women
OL16479761W,Fiction
OL16479761W,Contemporary Romance
OL16479761W,Harlequin Romance
OL5236128W,"Fiction, Romance, Contemporary"
OL3498757W,Romance
OL3498757W,Harlequin
OL3498757W,Fiction
OL3498757W,Governesses
OL3498757W,Grazing stations
OL3498757W,Australians
OL3498757W,"Fiction, general"
OL4225431W,"Fiction, romance, general"
OL4225431W,"Fiction, general"
OL137207W,"Fiction, Romance, Historical"
OL137207W,"Impostor, fiction"
OL137207W,Fiction
OL4220911W,Fiction in English
OL4220911W,Romance fiction
OL4220911W,ranching
OL4220911W,guardian-ward
OL4273162W,Kings and rulers
OL4273162W,Fiction
OL4273162W,Romance
OL4273162W,Passion
OL4273162W,Secretaries
OL4273162W,"Fiction, romance, general"
OL100054W,"Fiction, Romance, Historical, Regency"
OL100054W,"Fiction, general"
OL100054W,"Fiction, romance, general"
OL3498590W,"Fiction, Romance, Contemporary"
OL3498590W,"Restaurateurs, fiction"
OL3498590W,"Arranged marriage, fiction"
OL3498590W,"Stepbrothers, fiction"
OL3498590W,"Loan shark, fiction"
OL3498590W,"Married people, fiction"
OL3498590W,"Man-woman relationships, fiction"
OL3498590W,"New Zealand, fiction"
OL3498590W,Relaciones hombre-mujer
OL3498590W,Novela
OL3498590W,Cuentos de amor
OL3498590W,"Fiction, romance, erotica"
OL3785928W,"Fiction, Romance, Contemporary"
OL3785928W,"Fiction, romance, general"
OL3775435W,"Fiction, Romance, Contemporary"
OL5682990W,Fiction
OL5682990W,Romance
OL5682990W,Nobility
OL5682990W,History
OL5682990W,Large type books
OL5682990W,"Fiction, romance, historical"
OL5682990W,"Fiction, romance, historical, general"
OL5682990W,"Romans, nouvelles"
OL5682990W,Histoire
OL36287W,France -- History -- 19th century -- Fiction
OL36287W,France
OL36287W,Fiction
OL36287W,France in fiction
OL36287W,History
OL36287W,Adventure and adventurers in fiction
OL36287W,Readers
OL36287W,French language
OL36287W,Adventure and adventurers
OL36287W,Translations into Yiddish
OL36287W,Pirates in fiction
OL36287W,Pirates
OL36287W,Adventure stories
OL36287W,Revenge in fiction
OL36287W,Revenge
OL36287W,False arrest
OL36287W,Social life and customs
OL36287W,Sailors
OL36287W,False arrest in fiction
OL36287W,Historical fiction
OL36287W,Sailors in fiction
OL36287W,Language study
OL36287W,French
OL36287W,Friendship
OL36287W,Betrayal
OL36287W,French literature
OL36287W,Translations into Tagalog
OL36287W,"French literature, study and teaching"
OL36287W,Classic
OL36287W,romance
OL36287W,suspense
OL36287W,drama
OL36287W,love
OL36287W,"Adventure and adventurers, fiction"
OL36287W,"France, history, 1799-1914, fiction"
OL36287W,"France, fiction"
OL36287W,"Fiction, action & adventure"
OL36287W,"Fiction, historical, general"
OL36287W,French language materials
OL36287W,Historia
OL36287W,Venganza
OL36287W,Novela
OL36287W,Novela histórica
OL36287W,Loyalty
OL36287W,Zhang pian xiao shuo
OL36287W,"Fiction, historical"
OL36287W,Continental european fiction (fictional works by one author)
OL36287W,French fiction
OL36287W,Translations into Polish
OL36287W,"Fiction, romance, historical, general"
OL36287W,Translations into Chinese
OL36287W,Chinese fiction
OL36287W,Translations from French
OL36287W,"Fiction, general"
OL36287W,Judeo-Arabic literature
OL36287W,Action & Adventure - General
OL36287W,Historical - General
OL36287W,Spanish: Grades 3-4
OL36287W,Literary Criticism & Collections / General
OL36287W,Tales
OL36287W,Escapes
OL36287W,Prisons
OL36287W,Prisoners
OL36287W,Franse fiksie
OL36287W,Long now manual for civilization
OL36287W,False imprisonment
OL36287W,Adventure
OL3773971W,"Fiction, Romance, Contemporary"
OL3773971W,"Single mothers, fiction"
OL3773971W,"Mistresses, fiction"
OL3773971W,"Amnesia, fiction"
OL3773971W,"Fiction, romance, general"
OL18173277W,Romance
OL18173277W,Large type books
OL18173277W,"Fiction, romance, general"
OL4463819W,"Fiction, Romance, Contemporary"
OL4463819W,"Fiction, romance, general"
OL3458060W,"Fiction, Romance, Contemporary"
OL3458060W,"Physicians, fiction"
OL3458060W,Dutch fiction
OL3458060W,"Nurses, fiction"
OL3458060W,"Landlord and tenant, fiction"
OL3458060W,"Man-woman relationships, fiction"
OL17782786W,Large type books
OL17782786W,Vampires
OL17782786W,Witches
OL17782786W,Fiction
OL17782786W,Time travel
OL17782786W,FICTION / Romance / Fantasy
OL17782786W,Science and magic
OL17782786W,FICTION / Suspense
OL17782786W,FICTION / Romance / Paranormal
OL17782786W,Women historians
OL17782786W,"Fiction, occult & supernatural"
OL17782786W,"Vampires, fiction"
OL17782786W,"Fiction, romance, paranormal"
OL17782786W,"Fiction, romance, time travel"
OL17782786W,Novel
OL17782786W,Fantasy
OL17782786W,Daemons
OL17782786W,Magick
OL17782786W,FICTION / Fantasy / Contemporary
OL17782786W,nyt:hardcover-fiction=2014-08-03
OL17782786W,New York Times bestseller
OL17782786W,"Fiction, romance, paranormal, general"
OL17782786W,series:All_Souls
OL2959296W,"Fiction, Romance, Contemporary, a second title?"
OL3773901W,"Fiction, Romance, Contemporary"
OL15437W,"Fiction, romance, fantasy"
OL15437W,"Fiction, general"
OL15437W,Non-Classifiable
OL15437W,Nonfiction - General
OL15437W,General & Literary Fiction
OL15437W,General
OL15437W,Fiction / General
OL15437W,Fiction - General
OL15437W,Fiction / Fantasy / General
OL15437W,Fiction / Visionary & Metaphysical
OL15437W,"Fiction, fantasy, general"
OL15437W,Christian fiction
OL15437W,Lilith (Semitic mythology)
OL15437W,Fiction
OL15437W,Biography
OL15437W,collection:Name
OL3773913W,Single mothers in fiction
OL3773913W,Single mothers
OL3773913W,Fiction
OL3773913W,Businessmen
OL3773913W,Businessmen in fiction
OL3773913W,Love stories
OL3773913W,Passion
OL3773913W,Romance
OL3773913W,Harlequin
OL3773913W,Artist
OL3773913W,"Fiction, romance, contemporary"
OL1902366W,Man-woman relationships
OL1902366W,Fiction
OL1902366W,Romance
OL1902366W,Contemporary Romance
OL1902366W,"Fiction, romance, general"
OL1902366W,Divorced people
OL1902366W,FICTION / Romance / Contemporary
OL3775487W,"Fiction, Romance, Contemporary"
OL3845153W,"Fiction, Romance, Contemporary"
OL17324896W,"Fiction, Romance, Contemporary"
OL17324896W,"Man-woman relationships, fiction"
OL17324896W,"Fiction, romance, suspense"
OL17324896W,Novela
OL17324896W,Relaciones hombre-mujer
OL17324896W,"Billionaires, fiction"
OL17324896W,Billonarios
OL17324896W,"Birthfathers, fiction"
OL17324896W,"Businesswomen,  fiction"
OL17324896W,"Single mothers,  fiction"
OL17324896W,"Businessmen,  fiction"
OL17324896W,"Single women, fiction"
OL15172352W,"Fiction, Romance, Contemporary"
OL15172352W,"Passion, fiction"
OL15172352W,"Fiction, romance, erotica"
OL15172352W,"Marriage, fiction"
OL15172352W,"Man-woman relationships, fiction"
OL15172352W,"Fiction, romance, erotic"
OL15172352W,"Virgins, fiction"
OL15172352W,"Illegitimate children, fiction"
OL15172352W,"Millionaires, fiction"
OL15172352W,"Revenge, fiction"
OL15172352W,"Jewellery design, fiction"
OL15172352W,"Widows, fiction"
OL15172352W,Cuentos de amor
OL15172352W,Novela
OL15172352W,Relaciones hombre-mujer
OL15172352W,Viudas
OL17451695W,"Fiction, Romance, Contemporary, Billionaires"
OL17451695W,Secretaries
OL17451695W,larger print
OL17451695W,"Fiction, romance, general"
OL17451695W,"Fiction, Romance, Contemporary, Erotica"
OL17451695W,Large print ooks
OL17451695W,"Fiction, romance, erotica"
OL17451695W,"Fiction, romance, erotic"
OL491809W,Police
OL491809W,Mate selection
OL491809W,Female friendship
OL491809W,Fiction
OL491809W,Suspense fiction
OL491809W,Romance - Contemporary
OL491809W,Romance
OL491809W,Romantic suspense
OL491809W,Large type books
OL491809W,"Fiction, romance, contemporary"
OL491809W,"Fiction, suspense"
OL491809W,"Fiction, thrillers, general"
OL491809W,"Michigan, fiction"
OL491809W,"Fiction, thrillers, suspense"
OL491809W,"Fiction, romance, general"
OL111532W,"Love stories, American"
OL111532W,Man-woman relationships
OL111532W,Open Library Staff Picks
OL111532W,Born Concannon
OL111532W,Contemporary
OL111532W,Fiction
OL111532W,Romance
OL111532W,Suspense
OL111532W,1990s
OL111532W,Love stories
OL111532W,Sisters
OL111532W,Art museum directors
OL111532W,Women glass artists
OL111532W,"Fiction, romance, contemporary"
OL111532W,"Ireland, fiction"
OL111532W,"Sisters, fiction"
OL111532W,Large type books
OL111532W,Love
OL111532W,Glassware
OL111532W,Cuentos de amor
OL111532W,Cristalería
OL111532W,Ficcion
OL111532W,"Fiction, romance, general"
OL3498691W,New Zealand fiction
OL3498691W,"Fiction, romance, general"
OL3775421W,Fiction
OL3775421W,Romance
OL3775421W,"Contemporary"""
OL3775421W,"Death, fiction"
OL3775421W,"Grief and loss, fictuon"
OL3775421W,"Marriage, fiction"
OL17718538W,Magic
OL17718538W,YA
OL17718538W,High Fantasy
OL17718538W,Fiction
OL17718538W,Romance
OL17718538W,Fantasy
OL17718538W,Royalty
OL17718538W,Court
OL17718538W,Rebellion
OL17718538W,Assassins
OL17718538W,Insurgency
OL17718538W,Juvenile fiction
OL17718538W,Identity
OL17718538W,Homecoming
OL17718538W,Demoniac possession
OL17718538W,Identity (Philosophical concept)
OL17718538W,Queens
OL17718538W,Children's fiction
OL17718538W,Fantasy fiction
OL17718538W,"Identity, fiction"
OL17718538W,"Criminals, fiction"
OL17718538W,[series:Throne_of_Glass]
OL17718538W,Swords
OL9367848W,"Fiction, Romance, Contemporary"
OL9367848W,"Fiction, romance, general"
OL4056524W,"Fiction, Romance, Contemporary"
OL4056524W,Tender romance
OL5810777W,"Fiction, Romance, Contemporary"
OL5810777W,"Passion, fiction"
OL5810777W,"Man-woman relationships, fiction"
OL26937W,"Fiction, Romance, Historical"
OL26937W,"Social life and customs, fiction"
OL26937W,"Secrets, fiction"
OL26937W,"Romans, nouvelles"
OL3476094W,Fiction
OL3476094W,Passion
OL3476094W,Romance
OL3476094W,Models (Persons)
OL3476094W,Princes
OL3476094W,Vendetta
OL3476094W,"Fiction, Romance, Contemporary"
OL3476094W,"Fiction, romance, general"
OL4181966W,Passion
OL4181966W,Revenge
OL4181966W,Fiction
OL4181966W,Romance
OL4181966W,Marriage
OL4181966W,Billionaires
OL4181966W,Extortion
OL4181966W,Harlequin
OL4181966W,"Fiction, romance, general"
OL17937377W,Romance
OL17937377W,fiction
OL3457810W,"Fiction, Romance, Contemporary"
OL3457810W,"Christmas, fiction"
OL3771220W,"Fiction, Romance, Contemporary"
OL2705664W,"Fiction, romance, general"
OL3759289W,"Fiction, Romance, Contemporary"
OL3759289W,Suspense
OL3759289W,"Fiction, romance, suspense"
OL3759289W,"Fiction, romance, general"
OL3771245W,"Fiction, Romance, Contemporary"
OL3458003W,"Fiction, Romance, Contemporary"
OL3458003W,"Marriage, fiction"
OL3458003W,"Man-woman relationships, fiction"
OL17356842W,Ability
OL17356842W,Teenage girls
OL17356842W,Resistance to Government
OL17356842W,Blood
OL17356842W,Juvenile fiction
OL17356842W,Princesses
OL17356842W,Fiction
OL17356842W,Children's fiction
OL17356842W,"Princesses, fiction"
OL17356842W,Fantasy fiction
OL17356842W,nyt:young-adult-hardcover=2016-02-28
OL17356842W,New York Times bestseller
OL17356842W,blood silver red king
OL17356842W,nyt:young-adult-e-book=2016-02-28
OL17356842W,Insurgency
OL17356842W,YOUNG ADULT FICTION
OL17356842W,Fantasy
OL17356842W,Romance
OL17356842W,Royalty
OL17356842W,"Fiction, general"
OL17356842W,Friendship
OL17356842W,Romance fiction
OL4233108W,"Fiction, Romance, Contemporary, Modern"
OL4233108W,"Passion, fiction"
OL4233108W,"Italians, fiction"
OL4233108W,"Mistresses, fiction"
OL8315287W,"Fiction, general"
OL8315287W,"Fiction, romance, contemporary, general"
OL3457686W,"Fiction, Romance, Contemporary"
OL3457686W,Vintage Mills & Boon
OL3457686W,Sweet romance
OL3457686W,"Marriage, fiction"
OL17729555W,Fiction
OL17729555W,Romance
OL26416429W,"Fiction, romance, general"
OL4412081W,"Fiction, Romance, Contemporary, Modern"
OL4412081W,"Fiction, romance, general"
OL4412081W,"Fiction, Romance, Contemporary"
OL4412081W,"Americans, fiction"
OL4412081W,"Mistresses, fiction"
OL4412081W,"Businessmen, fiction"
OL4412081W,"Women television journalists, fiction"
OL4412081W,"Sex in the workplace, fiction"
OL3775457W,"Fiction, romance, general"
OL3467606W,"Fiction, romance, contemporary,"
OL3467606W,"Fiction, romance, general"
OL3759499W,"Fiction, Romance, Contemporary"
OL3771281W,"Fiction, Romance, Contemporary"
OL3771281W,"University students, fiction"
OL3771281W,"Disfigured persons, fiction"
OL3771281W,Time travel
OL3771281W,Fiction
OL15411681W,Fiction
OL15411681W,romance
OL15149492W,"Fiction, Romance, Contemporary"
OL5689127W,Romance fiction
OL5689127W,Historical Fiction
OL5689127W,Fiction
OL5689127W,Romance
OL5689127W,"Fiction, romance, general"
OL3845594W,Romance
OL3845594W,Passion
OL3845594W,Fiction
OL3845594W,"Fiction, romance, general"
OL88813W,British
OL88813W,Fiction
OL88813W,Young women
OL88813W,British in fiction
OL88813W,England in fiction
OL88813W,Travel
OL88813W,Young women in fiction
OL88813W,love
OL88813W,romance
OL88813W,Movie novels
OL88813W,Historical fiction
OL88813W,British and irish fiction (fictional works by one author)
OL88813W,Large type books
OL88813W,"Young women, fiction"
OL88813W,"Fiction, humorous, general"
OL88813W,"Italy, fiction"
OL88813W,"Great britain, fiction"
OL88813W,"Fiction, romance, general"
OL88813W,British Travel Association
OL88813W,"England, fiction"
OL88813W,Classic Literature
OL88813W,"Fiction, humorous"
OL88813W,"Forster, e. m. (edward morgan), 1879-1970"
OL88813W,Korean
OL88813W,Dictionaries
OL88813W,English language
OL88813W,Spanish
OL88813W,Chinese
OL88813W,Social life and customs
OL88813W,English Love stories
OL88813W,Classics
OL88813W,Britanniques
OL88813W,"Romans, nouvelles"
OL88813W,Voyages
OL88813W,Jeunes femmes
OL88813W,"Fiction, psychological"
OL88813W,"Fiction, general"
OL88813W,English literature
OL3759150W,"Fiction, Romance, Contemporary"
OL3759150W,"Passion,  fiction"
OL3519237W,"Fiction, Romance, Contemporary"
OL3519237W,"Man-woman relationships, fiction"
OL9368028W,"Fiction, Romance, Contemporary"
OL9368028W,"Man-woman relationships, fiction"
OL9368028W,"Marriage, fiction"
OL9368028W,Fiction
OL9368028W,Passion
OL9368028W,Romance
OL9368028W,"Fiction, romance, general"
OL20885951W,"Fiction, family life"
OL20885951W,"Fiction, psychological"
OL20885951W,"Fiction, women"
OL20885951W,"Fiction, romance, contemporary"
OL20885951W,"Fiction, family life, general"
OL20885951W,"Fiction, general"
OL27954238W,"Fiction, romance, general"
OL17535684W,Fiction
OL17535684W,"Romance Contemporary"""
OL17535684W,"Man-woman relationships, fiction"
OL17535684W,"Fiction, romance, suspense"
OL17535684W,"Fiction, romance, general"
OL3775368W,"Fiction, Romance, Contemporary"
OL3775368W,"Fiction, romance, general"
OL3775368W,Large type books
OL3771194W,"Fiction, Romance, Contemporary"
OL20238397W,"Fiction, romance, general"
OL111488W,"Love stories, American"
OL111488W,1990s
OL111488W,Contemporary
OL111488W,Romance
OL111488W,The O'Hurleys
OL111488W,"Fiction, romance, contemporary"
OL111488W,"Fiction, romance, general"
OL111488W,"Fiction, general"
OL111488W,Missing persons
OL111488W,Fiction
OL111488W,American Romance fiction
OL3458036W,"Fiction, Romance, Contemporary"
OL3458036W,"College teachers, fiction"
OL3458036W,"Nurses, fiction"
OL3458036W,"Pathologists, fiction"
OL3759381W,"Fiction, Romance, Contemporary"
OL3759381W,"Passion, fiction"
OL3759381W,"Fiction, Romance, Contemporary, Modern"
OL3759381W,Hotelier
OL3759381W,Boutique
OL3759381W,Business owner
OL3759381W,Travel
OL3759381W,Inheiritance
OL3759381W,Adoption
OL3759381W,"Fiction, romance, general"
OL5236145W,"Fiction, Romance, Contemporary"
OL7957084W,"Fiction, romance, general"
OL3754754W,"Fiction, Romance, Contemporary"
OL3754754W,"Fiction, romance, general"
OL31923W,Race relations
OL31923W,Reminiscing in old age
OL31923W,Female friendship
OL31923W,Romance norte americano
OL31923W,Fiction
OL31923W,Lesbians
OL31923W,Women
OL31923W,Domestic fiction
OL31923W,Love stories
OL31923W,Restaurants
OL31923W,Reminiscing in old age -- Fiction.
OL31923W,Friendship
OL31923W,Female friendship -- Fiction.
OL31923W,Women -- Alabama -- Fiction.
OL31923W,Race relations -- Fiction.
OL31923W,Restaurants -- Fiction.
OL31923W,Lesbians -- Fiction.
OL31923W,Alabama -- Fiction.
OL31923W,"Fiction, general"
OL31923W,"Alabama, fiction"
OL31923W,Large type books
OL31923W,"Lesbians, fiction"
OL31923W,Kvinnlig vänskap
OL31923W,Skönlitteratur
OL31923W,LGBTQ novels
OL31923W,"Fiction, family life, general"
OL31923W,"Fiction, romance, general"
OL31923W,"Friendship, fiction"
OL1418187W,John Carter (Fictitious character)
OL1418187W,Fiction
OL1418187W,Classic Literature
OL1418187W,Dejah Thoris (Fictitious character)
OL1418187W,Princesses
OL1418187W,Princesses in fiction
OL1418187W,Science fiction
OL1418187W,Translations into Russian
OL1418187W,Fantasy
OL1418187W,Barsoom
OL1418187W,Large type books
OL1418187W,"Fiction, science fiction, action & adventure"
OL1418187W,"Carter, john (fictitious character), fiction"
OL1418187W,"Barsoom (imaginary place), fiction"
OL1418187W,"Fiction, science fiction, general"
OL1418187W,"Fiction, action & adventure"
OL1418187W,Social life and customs
OL1418187W,Folklore
OL1418187W,Music and dance
OL1418187W,Manners and customs
OL1418187W,American literature
OL1418187W,"Fiction, romance, science fiction"
OL1418187W,"Fiction, thrillers, suspense"
OL1418187W,American Science fiction
OL1418187W,"Romans, nouvelles"
OL1418187W,"Carter, John (Fictitious character)--Fiction"
OL1418187W,Dejah Thoris (Fictitious character)--Fiction
OL1418187W,Princesses--Fiction
OL1418187W,Mars (Planet)--Fiction
OL1418187W,Juvenile fiction
OL1418187W,Extraterrestrial beings
OL1418187W,"Fiction, fantasy, general"
OL2959274W,"Fiction, Romance, Contemporary"
OL7990779W,"Fiction, general"
OL7990779W,"Fiction, Romance, Contemporary"
OL7990779W,Large type books
OL7990779W,Spouses
OL7990779W,Fiction
OL7990779W,"Fiction, romance, general"
OL3458030W,"Fiction, Romance, Contemporary"
OL3458030W,"Marriage of convenience, fiction"
OL3458030W,"Women cooks, fiction"
OL3458030W,"Pediatricians, fiction"
OL3458030W,"Physicians, fiction"
OL3754967W,"Fiction, Romance, Contemporary"
OL3754972W,"Fiction  Romance, Contemporary"
OL4084654W,"Fiction, Romance, Contemporary"
OL3773929W,"Fiction, Romance, Contemporary"
OL3773929W,"Passion, fiction"
OL3773929W,"New York (N.Y.), fiction"
OL3773929W,"Married people, fiction"
OL3773929W,"Pregnancy, fiction"
OL3773929W,"Italy, fiction"
OL3773929W,"Waitresses, fiction"
OL3773929W,"Italians, fiction"
OL3773929W,"Pregnancy,  fiction"
OL3773929W,"Billionaires, fiction"
OL3759029W,"Fiction, romance, general"
OL3759029W,"Man-woman relationships, fiction"
OL3759029W,"Fiction, general"
OL3759029W,Large type books
OL17492871W,Romance
OL17492871W,Paranormal fiction
OL17492871W,Fiction
OL17492871W,Angels
OL17492871W,Paranormal
OL17492871W,"Fiction, romance, paranormal, general"
OL3759252W,"Fiction, Romance, Contemporary, Modern"
OL3759252W,"Fiction, religious"
OL3759252W,"Fiction, Romance, Contemporary"
OL3458032W,"Fiction, Romance, Contemporary"
OL3458032W,"Man-woman relationships, fiction"
OL3773898W,Romance
OL3773898W,Fiction
OL3773898W,Harlequin
OL3773898W,Marriage
OL3773898W,The Husband Hunters Series
OL3773898W,Venezuelans
OL3773898W,Surrogate mothers
OL3773898W,"Fiction, romance, general"
OL3773898W,Large type books
OL21444221W,"Fiction, romance, erotica"
OL21444221W,"Greece, fiction"
OL21444221W,Romance fiction
OL21444221W,"Fiction, romance, erotic"
OL3771203W,"Fiction, Romance, Contemporary"
OL38035515W,"Fiction, romance, general"
OL24542623W,Children's fiction
OL24542623W,Contemporary romance
OL24542623W,teen fiction
OL24542623W,young adult fiction
OL24542623W,coming-of-age
OL24542623W,first love
OL24542623W,friendship
OL24542623W,family
OL24542623W,high school
OL24542623W,summer vacation
OL24542623W,movies
OL24542623W,dreams
OL24542623W,following your heart
OL24542623W,New York Times bestseller
OL4056550W,"Fiction, Romance, Contemporary"
OL4056550W,Tender Romance
